{
  "materials": [
    {
      "item": {
        "tag": "forge:ingots/iron"
      },
      "count": 300
    },
    {
      "item": {
        "tag": "forge:ingots/netherite"
      },
      "count": 30
    },
    {
      "item": {
        "tag": "forge:gems/amethyst"
      },
      "count": 20
    },
    {
      "item": {
        "tag": "minecraft:logs"
      },
      "count": 30
    }
  ],
  "result": {
    "type": "gun",
    "id": "hamster:mg1417"
  },
  "type": "tacz:gun_smith_table_crafting"
}