{
  "ammo": "hamster:long_ammo",
  "ammo_amount": 3,
  "bolt": "manual_action",
  "rpm": 380,
  "bullet": {
    "life": 0.9,
    "bullet_amount": 1,
    "damage": 30,
    "tracer_count_interval": 0,
    "extra_damage": {
      "armor_ignore": 0.60,
      "head_shot_multiplier": 2,
      "damage_adjust": [
        {"distance": 40, "damage": 30},
        {"distance": 70, "damage": 20},
        {"distance": "infinite", "damage": 12}
      ]
    },
    "speed": 540,
    "gravity": 0.098,
    "knockback": 0,
    "friction": 0.015,
    "ignite": false,
    "pierce": 4
  },
  "reload": {
    "type": "magazine",
    "feed": {
      "empty": 2.4,
      "tactical": 4.5
    },
    "cooldown": {
      "empty": 3,
      "tactical": 5
    }
  },
  "script": "hamster:berthier_gun_logic",
  "script_param": {
    "bolt_time": 1,
    "intro_empty": 1.26,
    "intro_1round": 1.57,
    "intro_2round": 1.57,
    "load": 1.06,
    "load_2round": 2.52,
    "ending": 1,
    "load_feed": 0.7,
    "load_2round_feed": 2.1,
    "ending_feed": 0.4
  },
  "draw_time": 0.75,
  "put_away_time": 0.75,
  "aim_time": 0.25,
  "sprint_time": 0.2,
  "bolt_action_time": 1,
  "weight": 3.1,
  "fire_mode": [
    "semi"
  ],
  "recoil": {
    "pitch": [
      {"time": 0, "value": [2.2, 2.2]},
      {"time": 0.32, "value": [2.2, 2.2]},
      {"time": 0.57, "value": [-0.5, -0.5]},
      {"time": 0.82, "value": [0.25, 0.25]},
      {"time": 1.17, "value": [0, 0]},
      {"time": 1.47, "value": [0, 0]}
    ],
    "yaw": [
      {"time": 0, "value": [-0.6, -0.5]},
      {"time": 0.32, "value": [-0.6, -0.5]},
      {"time": 0.57, "value": [0, 0]}
    ]
  },
  "inaccuracy": {
    "stand": 5,
    "move": 5,
    "sneak": 4,
    "lie": 4,
    "aim": 0.05
  },
  // 近战相关
  "melee": {
    // 枪械距离参数，用来延升近战攻击范围
    // 会与刺刀等配件的距离做加和
    "distance": 1,
    // 使用时的冷却时间
    "cooldown": 1.0,
    // 默认近战数据，会被配件的数据替换掉
    "default": {
      // 动画类型：没有枪托的为 melee_push，有枪托的为 melee_stock
      "animation_type": "melee_stock",
      // 刺刀距离参数，枪械里还有个刺刀攻击距离参数，两者做加和
      "distance": 0,
      // 刺刀范围角度
      "range_angle": 30,
      // 伤害值
      "damage": 2,
      // 击退效果
      "knockback": 0.75,
      // 前摇时长，单位：秒
      "prep": 0.75
    }
  }
}