{
  "ammo": "hamster:compact_ammo",
  "ammo_amount": 6,
  "extended_mag_ammo_amount": [
    6,
    6,
    6
  ],
  "bolt": "open_bolt",
  "script": "hamster:sw_mk2_gun_logic",
  "script_param": {
    "shoot_delay": 0.1,
    "intro": 0.97,
    "intro_empty": 1.68,
    "loop": 2.27,
    "loop_empty": 1.37,
    "ending": 1,
    "ending_empty": 1,
    "loop_feed": 1.6,
    "loop_empty_feed": 0.8,
    "loader": 1.77,
    "loader_feed": 1.25
  },
  "rpm": 200,
  "burst_data": {
    // 是否连续射击
    "continuous_shoot": false,
    // 连发数
    "count": 1,
    // 组内连发的射速
    "bpm": 100,
    // 每组连发之间的时间间隔（上一组结束时间到下一组开始的时间间隔），单位秒
    "min_interval": 0.4
  },
  "bullet": {
    "life": 0.9,
    "bullet_amount": 1,
    "damage": 10,
    "tracer_count_interval": 0,
    "extra_damage": {
      "armor_ignore": 0.25,
      "head_shot_multiplier": 2,
      "damage_adjust": [
        {"distance": 30, "damage": 10},
        {"distance": 60, "damage": 5},
        {"distance": "infinite", "damage": 5}
      ]
    },
    "speed": 230,
    "gravity": 0.0245,
    "knockback": 0,
    "friction": 0.012,
    "ignite": false,
    "pierce": 1
  },
  "reload": {
    "type": "magazine",
    "feed": {
      "empty": 5,
      "tactical": 4.5
    },
    "cooldown": {
      "empty": 5.5,
      "tactical": 5
    }
  },
  "draw_time": 0.6,
  "put_away_time": 1.25,
  "aim_time": 0.2,
  "sprint_time": 0.2,
  "bolt_action_time": 0.8,
  "fire_mode": [
    "burst"
  ],
  "allow_attachment_types": [
    "extended_mag"
  ],
  "melee": {
    // 枪械距离参数，用来延升近战攻击范围
    // 会与刺刀等配件的距离做加和
    "distance": 1,
    // 使用时的冷却时间
    "cooldown": 1.0,
    // 默认近战数据，会被配件的数据替换掉
    "default": {
      // 动画类型：没有枪托的为 melee_push，有枪托的为 melee_stock
      "animation_type": "melee_push",
      // 刺刀距离参数，枪械里还有个刺刀攻击距离参数，两者做加和
      "distance": 0,
      // 刺刀范围角度
      "range_angle": 30,
      // 伤害值
      "damage": 2,
      // 击退效果
      "knockback": 0.75,
      // 前摇时长，单位：秒
      "prep": 0.75
    }
  },
  "recoil": {
    "pitch": [
      {"time": 0, "value": [0, 0]},
      {"time": 0.15, "value": [0, 0]},
      {"time": 0.20, "value": [4, 4]},
      {"time": 0.35, "value": [3, 3]},
      {"time": 0.63, "value": [-0.6, -0.6]},
      {"time": 0.85, "value": [0.2, 0.2]},
      {"time": 1.2, "value": [0, 0]}
    ],
    "yaw": [
      {"time": 0, "value": [-0.05, 0.05]},
      {"time": 0.1, "value": [-0.8, -0.7]},
      {"time": 0.32, "value": [-0.6, 0]},
      {"time": 0.57, "value": [0, 0]}
    ]
  },
  "inaccuracy": {
    "stand": 3.5,
    "move": 3.5,
    "sneak": 3,
    "lie": 3,
    "aim": 0.05
  }
}