{
  "ammo": "hamster:flares_ammo",
  "rpm": 100,
  "bullet": {
    "life": 20,
    "bullet_amount": 1,
    "damage": 1,
    "tracer_count_interval": 0,
    "extra_damage": {
      "armor_ignore": 0.33,
      "head_shot_multiplier": 2
    },
    "speed": 30,
    "gravity": 0.005,
    "knockback": 0,
    "friction": 0.02,
    "ignite": true,
    "ignite_entity_time": 10,
    "pierce": 1
  },
  "ammo_amount": 1,
  "bolt": "open_bolt",
  "reload": {
    "type": "magazine",
    "feed": {
      "empty": 3.7,
      "tactical": 0
    },
    "cooldown": {
      "empty": 4,
      "tactical": 0
    }
  },
  "draw_time": 0.7,
  "put_away_time": 0.7,
  "aim_time": 0.2,
  "sprint_time": 0.2,
  "movement_speed": {
    "base": 0.0,
    "aim": 0.0,
    "reload": 0.1
  },
  "fire_mode": [
    "semi"
  ],
  "allow_attachment_types": [],
  "recoil": {
    "pitch": [
      {"time": 0, "value": [4, 4]},
      {"time": 0.256, "value": [4, 4]},
      {"time": 0.6, "value": [-0.25, -0.25]},
      {"time": 1, "value": [0, 0]}
    ],
    "yaw": [
      {"time": 0, "value": [-1, -1]},
      {"time": 0.1, "value": [-1, -1]},
      {"time": 0.2, "value": [0.15, 0.15]},
      {"time": 0.4, "value": [0, 0]}
    ]
  },
  "inaccuracy": {
    "stand": 3.5,
    "move": 4,
    "sneak": 3.5,
    "lie": 2.5,
    "aim": 2.5
  },
  // 近战相关
  "melee": {
    // 枪械距离参数，用来延升近战攻击范围
    // 会与刺刀等配件的距离做加和
    "distance": 1,
    // 使用时的冷却时间
    "cooldown": 0.6,
    // 默认近战数据，会被配件的数据替换掉
    "default": {
      // 动画类型：没有枪托的为 melee_push，有枪托的为 melee_stock
      "animation_type": "melee_stock",
      // 刺刀距离参数，枪械里还有个刺刀攻击距离参数，两者做加和
      "distance": 1,
      // 刺刀范围角度
      "range_angle": 30,
      // 伤害值
      "damage": 2,
      // 击退效果
      "knockback": 0.75,
      // 前摇时长，单位：秒
      "prep": 0.1
    }
  }
}