{
  "ammo": "hamster:medium_ammo",
  "rpm": 200,
  "bullet": {
    "life": 1.1,
    "bullet_amount": 1,
    "damage": 32,
    "tracer_count_interval": 0,
    "extra_damage": {
      "armor_ignore": 0.5,
      "head_shot_multiplier": 2,
      "damage_adjust": [
        {"distance": 21, "damage": 32},
        {"distance": 50, "damage": 29},
        {"distance": 100, "damage": 29},
        {"distance": "infinite", "damage": 29}
      ]
    },
    "speed": 400,
    "gravity": 0.0245,
    "knockback": 0,
    "friction": 0.012,
    "ignite": false,
    "pierce": 2
  },
  "ammo_amount": 1,
  "bolt": "open_bolt",
  "reload": {
    "type": "magazine",
    "feed": {
      "empty": 3,
      "tactical": 0
    },
    "cooldown": {
      "empty": 3.3,
      "tactical": 0
    }
  },
  "draw_time": 0.7,
  "put_away_time": 0.7,
  "aim_time": 0.2,
  "sprint_time": 0.2,
  "fire_mode": [
    "semi"
  ],
  "allow_attachment_types": [],
  "recoil": {
    "pitch": [
      {"time": 0, "value": [4.25, 4.25]},
      {"time": 0.125, "value": [3.25, 3.25]},
      {"time": 0.4, "value": [-0.25, -0.25]},
      {"time": 0.55, "value": [0, 0]}
    ],
    "yaw": [
      {"time": 0, "value": [-1.5, -1.5]},
      {"time": 0.1, "value": [-1.5, -1.5]},
      {"time": 0.2, "value": [0.15, 0.15]},
      {"time": 0.4, "value": [0, 0]}
    ]
  },
  "inaccuracy": {
    "stand": 3.75,
    "move": 5.0,
    "sneak": 3.5,
    "lie": 2.5,
    "aim": 0.05
  }
}