{
  "ammo": "hamster:long_ammo",
  "ammo_amount": 8,
  "bolt": "open_bolt",
  "rpm": 180,
  "bullet": {
    "life": 0.9,
    "bullet_amount": 1,
    "damage": 20,
    "tracer_count_interval": 0,
    "extra_damage": {
      "armor_ignore": 0.60,
      "head_shot_multiplier": 2,
      "damage_adjust": [
        {"distance": 40, "damage": 20},
        {"distance": 60, "damage": 15},
        {"distance": "infinite", "damage": 10}
      ]
    },
    "speed": 550,
    "gravity": 0.098,
    "knockback": 0,
    "friction": 0.015,
    "ignite": false,
    "pierce": 3
  },
  "reload": {
    "type": "magazine",
    "feed": {
      "empty": 2.4,
      "tactical": 3.8
    },
    "cooldown": {
      "empty": 3.4,
      "tactical": 4.8
    }
  },
  "draw_time": 0.75,
  "put_away_time": 0.75,
  "aim_time": 0.25,
  "sprint_time": 0.2,
  "bolt_action_time": 1.5,
  "weight": 4.5,
  "fire_mode": [
    "semi"
  ],
  "recoil": {
    "pitch": [
      {"time": 0, "value": [2.5, 2.5]},
      {"time": 0.32, "value": [2, 2]},
      {"time": 0.57, "value": [-0.5, -0.5]},
      {"time": 0.82, "value": [0.25, 0.25]},
      {"time": 1.17, "value": [0, 0]},
      {"time": 1.47, "value": [0, 0]}
    ],
    "yaw": [
      {"time": 0, "value": [-1.5, 1.5]},
      {"time": 0.32, "value": [-0.5, 0.5]},
      {"time": 0.57, "value": [0, 0]}
    ]
  },
  "inaccuracy": {
    "stand": 7,
    "move": 7,
    "sneak": 6,
    "lie": 6,
    "aim": 0.05
  },
  "allow_attachment_types": [
	"scope",
    "grip",
    "muzzle"
  ]
}