{
  "ammo": "hamster:long_ammo",
  "ammo_amount": 100,
  "bolt": "open_bolt",
  "rpm": 700,
  "bullet": {
    "life": 0.9,
    "bullet_amount": 1,
    "damage": 15,
    "tracer_count_interval": 0,
    "extra_damage": {
      "armor_ignore": 0.60,
      "head_shot_multiplier": 2,
      "damage_adjust": [
        {"distance": 60, "damage": 15},
        {"distance": 100, "damage": 10},
        {"distance": "infinite", "damage": 6}
      ]
    },
    "speed": 650,
    "gravity": 0.098,
    "knockback": 0,
    "friction": 0.015,
    "ignite": false,
    "pierce": 3
  },
  "heat":  {
    // 过热上限
    "max": 140,
    // 每发子弹过热值
    "per_shot": 3,
    // 冷却倍率，过热值的减少速度会随着时间增加
    // t时间(秒)内可以冷却的过热值可以参考: max = cooling_multiplier * t^2
    "cooling_multiplier": 3,
    // 冷却延迟，ms
    "cooling_delay": 500,
    // 完全过热后，开始过热的延迟时间，ms
    "over_heat_time": 3000,
    // 以下将在使用过热进度(0-1)在最小值和最大值之间线性插值，然后与原始数值相乘
    // 最小不准确度影响
    "min_inaccuracy": 1,
    // 最大不准确度影响
    "max_inaccuracy": 1.2,
    // 最小射速影响
    "min_rpm_mod": 1,
    // 最大射速影响
    "max_rpm_mod": 1.2
  },
  "reload": {
    "type": "magazine",
    "feed": {
      "empty": 11.5,
      "tactical": 13.5
    },
    "cooldown": {
      "empty": 12,
      "tactical": 13
    }
  },
  "script": "hamster:mg1417_gun_logic",
  "script_param": {
    "reload_feed": 12.3,
    "reload_cooldown": 13,
    "empty_feed": 11,
    "empty_cooldown": 11.8,
    "reload_1_feed": 10.5,
    "reload_1_cooldown": 11.2,
    "reload_2_feed": 11.2,
    "reload_2_cooldown": 12
  },
  "draw_time": 2.2,
  "put_away_time": 2.2,
  "aim_time": 0.5,
  "sprint_time": 0.3,
  "weight": 9.5,
  "movement_speed": {
    // 默认修正
    "base": 0.0,
    // 瞄准时
    "aim": -0.4,
    // 换弹时
    "reload": -0.5
  },
  "crawl_recoil_multiplier": 0.2,
  "fire_mode": [
    "auto",
	"semi"
  ],
  "recoil": {
    "pitch": [
      {"time": 0, "value": [1.4, 1.4]},
      {"time": 0.27, "value": [1, 1]},
      {"time": 0.5, "value": [-0.5, -0.5]},
      {"time": 0.7, "value": [0.2, 0.2]},
      {"time": 1, "value": [0, 0]}
    ],
    "yaw": [
      {"time": 0, "value": [-1, 1]},
      {"time": 0.32, "value": [-0.4, 0.4]},
      {"time": 0.57, "value": [-0.1, 0.1]}
    ]
  },
  "inaccuracy": {
    "stand": 6,
    "move": 8,
    "sneak": 5,
    "lie": 2,
    "aim": 0.05
  }
}