{
  "ammo": "hamster:compact_ammo",
  "ammo_amount": 32,
  "bolt": "open_bolt",
  "rpm": 500,
  "bullet": {
    "life": 0.9,
    "bullet_amount": 1,
    "damage": 8,
    "tracer_count_interval": 0,
    "extra_damage": {
      "armor_ignore": 0.25,
      "head_shot_multiplier": 2,
      "damage_adjust": [
        {"distance": 40, "damage": 8},
        {"distance": 60, "damage": 4},
        {"distance": "infinite", "damage": 4}
      ]
    },
    "speed": 380,
    "gravity": 0.098,
    "knockback": 0,
    "friction": 0.015,
    "ignite": false,
    "pierce": 1
  },
  "reload": {
    "type": "magazine",
    "feed": {
      "empty": 5.5,
      "tactical": 4.4
    },
    "cooldown": {
      "empty": 5.7,
      "tactical": 4.6
    }
  },
  "draw_time": 1.5,
  "put_away_time": 1.7,
  "aim_time": 0.25,
  "sprint_time": 0.2,
  "weight": 4.2,
  "fire_mode": [
    "auto"
  ],
  "recoil": {
    "pitch": [
      {"time": 0, "value": [0.6, 0.6]},
      {"time": 0.23, "value": [0.4, 0.4]},
      {"time": 0.37, "value": [-0.3, -0.3]},
      {"time": 0.5, "value": [0.2, 0.2]},
      {"time": 1, "value": [0, 0]}
    ],
    "yaw": [
      {"time": 0, "value": [-0.4, 0.4]},
      {"time": 0.32, "value": [-0.2, 0.1]},
      {"time": 0.57, "value": [-0.1, 0.1]}
    ]
  },
  "inaccuracy": {
    "stand": 3.5,
    "move": 4,
    "sneak": 3,
    "lie": 3,
    "aim": 0.05
  },
  // 近战相关
  "melee": {
    // 枪械距离参数，用来延升近战攻击范围
    // 会与刺刀等配件的距离做加和
    "distance": 1,
    // 使用时的冷却时间
    "cooldown": 1.0,
    // 默认近战数据，会被配件的数据替换掉
    "default": {
      // 动画类型：没有枪托的为 melee_push，有枪托的为 melee_stock
      "animation_type": "melee_stock",
      // 刺刀距离参数，枪械里还有个刺刀攻击距离参数，两者做加和
      "distance": 0,
      // 刺刀范围角度
      "range_angle": 30,
      // 伤害值
      "damage": 2,
      // 击退效果
      "knockback": 0.75,
      // 前摇时长，单位：秒
      "prep": 0.75
    }
  }
}