{
  "ammo": "hamster:compact_ammo",
  "ammo_amount": 7,
  "bolt": "open_bolt",
  "rpm": 120,
  "script": "hamster:nagantcarbine_gun_logic",
  "script_param": {
    "shoot_delay": 0,
    "intro": 1.52,
    "intro_empty": 0.9,
    "loop": 1.87,
    "ending": 1.4,
    "ending_empty": 1,
    "loop_feed": 1.6
  },
  "bullet": {
    "life": 0.9,
    "bullet_amount": 1,
    "damage": 14,
    "tracer_count_interval": 0,
    "extra_damage": {
      "armor_ignore": 0.5,
      "head_shot_multiplier": 2,
      "damage_adjust": [
        {"distance": 45, "damage": 14},
        {"distance": 100, "damage": 8},
        {"distance": "infinite", "damage": 5}
      ]
    },
    "speed": 350,
    "gravity": 0.0245,
    "knockback": 0,
    "friction": 0.012,
    "ignite": false,
    "pierce": 2
  },
  "reload": {
    "type": "magazine",
    "feed": {
      "empty": 1,
      "tactical": 1.4
    },
    "cooldown": {
      "empty": 1.97,
      "tactical": 1.5
    }
  },
  "draw_time": 0.7,
  "put_away_time": 0.8,
  "aim_time": 0.2,
  "sprint_time": 0.2,
  "bolt_action_time": 0,
  "weight": 2,
  "fire_mode": [
    "semi"
  ],
  "allow_attachment_types": [
	"scope",
    "muzzle"
  ],
  "recoil": {
    "pitch": [
      {"time": 0, "value": [0, 0]},
      {"time": 0.15, "value": [0, 0]},
      {"time": 0.2, "value": [5, 5]},
      {"time": 0.3, "value": [4, 4]},
      {"time": 0.44, "value": [-0.5, -0.5]},
      {"time": 0.7, "value": [0.2, 0.2]},
      {"time": 1.5, "value": [0, 0]}
    ],
    "yaw": [
      {"time": 0, "value": [-0.05, 0.05]},
      {"time": 0.15, "value": [-0.8, -0.7]},
      {"time": 0.32, "value": [-1.6, 1.6]},
      {"time": 0.8, "value": [0, 0]}
    ]
  },
  "inaccuracy": {
    "stand": 2,
    "move": 2,
    "sneak": 2,
    "lie": 2,
    "aim": 0.05
  }
}