{
  "ammo": "hamster:medium_ammo",
  "ammo_amount": 10,
  "bolt": "open_bolt",
  "rpm": 200,
  "bullet": {
    "life": 0.9,
    "bullet_amount": 1,
    "damage": 15,
    "tracer_count_interval": 0,
    "extra_damage": {
      "armor_ignore": 0.50,
      "head_shot_multiplier": 2,
      "damage_adjust": [
        {"distance": 50, "damage": 15},
        {"distance": 80, "damage": 10},
        {"distance": "infinite", "damage": 7}
      ]
    },
    "speed": 700,
    "gravity": 0.098,
    "knockback": 0,
    "friction": 0.015,
    "ignite": false,
    "pierce": 2
  },
  "reload": {
    "type": "magazine",
    "feed": {
      "empty": 4.8,
      "tactical": 7.6
    },
    "cooldown": {
      "empty": 5,
      "tactical": 7.8
    }
  },
  "draw_time": 0.75,
  "put_away_time": 0.8,
  "aim_time": 0.25,
  "sprint_time": 0.2,
  "weight": 3.8,
  "fire_mode": [
    "semi"
  ],
  "recoil": {
    "pitch": [
      {"time": 0, "value": [1.5, 1.5]},
      {"time": 0.32, "value": [1.5, 1.5]},
      {"time": 0.57, "value": [-0.3, -0.3]},
      {"time": 0.82, "value": [0.2, 0.2]},
      {"time": 1.17, "value": [0, 0]},
      {"time": 1.47, "value": [0, 0]}
    ],
    "yaw": [
      {"time": 0, "value": [-0.6, -0.5]},
      {"time": 0.32, "value": [-0.6, -0.5]},
      {"time": 0.57, "value": [0, 0]}
    ]
  },
  "inaccuracy": {
    "stand": 6,
    "move": 6,
    "sneak": 4,
    "lie": 4,
    "aim": 0.05
  },
  "allow_attachment_types": [
    "muzzle"
  ],
  // 近战相关
  "melee": {
    // 枪械距离参数，用来延升近战攻击范围
    // 会与刺刀等配件的距离做加和
    "distance": 2,
    // 使用时的冷却时间
    "cooldown": 1.2,
    // 默认近战数据，会被配件的数据替换掉
    "default": {
      // 动画类型：没有枪托的为 melee_push，有枪托的为 melee_stock
      "animation_type": "melee_stock",
      // 刺刀距离参数，枪械里还有个刺刀攻击距离参数，两者做加和
      "distance": 0,
      // 刺刀范围角度
      "range_angle": 60,
      // 伤害值
      "damage": 5,
      // 击退效果
      "knockback": 1,
      // 前摇时长，单位：秒
      "prep": 0.6
    }
  }
}