{
  "materials": [
    {
      "item": {
        "tag": "forge:ingots/iron"
      },
      "count": 25
    },
    {
      "item": {
        "tag": "forge:glass"
      },
      "count": 5
    },
    {
      "item": {
        "tag": "forge:ingots/copper"
      },
      "count": 10
    },
    {
      "item": {
        "tag": "forge:gems/amethyst"
      },
      "count": 5
    }
  ],
  "result": {
    "type": "attachment",
    "id": "hamster:gew98_scope"
  },
  "type": "tacz:gun_smith_table_crafting"
}