{
  "materials": [
    {
      "item": {
        "tag": "forge:ingots/iron"
      },
      "count": 25
    },
    {
      "item": {
        "tag": "forge:glass"
      },
      "count": 4
    },
    {
      "item": {
        "tag": "forge:ingots/copper"
      },
      "count": 10
    },
    {
      "item": {
        "tag": "forge:dusts/redstone"
      },
      "count": 10
    }
  ],
  "result": {
    "type": "attachment",
    "id": "hamster:puscope"
  },
  "type": "tacz:gun_smith_table_crafting"
}