{
  "model": "hamster:gun/nagantm1895_geo",
  "texture": "hamster:gun/uv/nagantm1895",
  "lod": {
    "model": "hamster:gun/lod/nagantm1895",
    "texture": "hamster:gun/lod/nagantm1895"
  },
  "hud": "hamster:gun/hud/nagantm1895",
  "slot": "hamster:gun/slot/nagantm1895",
  "animation": "hamster:nagantm1895",
  "use_default_animation": "rifle",
  "third_person_animation": "default",
  "state_machine": "hamster:revolver_state_machine",
  "transform": {
    "scale": {
      "thirdperson": [0.6, 0.6, 0.6],
      "ground": [0.6, 0.6, 0.6],
      "fixed": [1.2, 1.2, 1.2]
    }
  },
  "muzzle_flash": {
    "texture": "tacz:flash/common_muzzle_flash",
    "scale": 1
  },
  "iron_zoom": 1.5,
  "sounds": {
    "head_hit": "hamster:headshoot_feedback",
    "flesh_hit": "hamster:hit_feedback",
    "kill": "hamster:kill_feedback",
    "shoot": "hamster:nagantm1895/nagantm1895_shoot",
    "shoot_3p": "hamster:nagantm1895/nagantm1895_shoot",
    "silence": "hamster:colt1873/colt1873_silence",
    "silence_3p": "hamster:colt1873/colt1873_silence"
  },
  "offhand_show": {
    "pos": [4, 13, -1],
    "rotate": [-90, -35, 90],
    "scale": [0.5, 0.5, 0.5]
  },
  "hotbar_show": {
    "0": {
      "pos": [0, 20, 3],
      "rotate": [-180, 0, 120],
      "scale": [0.5, 0.5, 0.5]
    }
  }
}