{
  "model": "hamster:gun/nagantcarbine_geo",
  "texture": "hamster:gun/uv/nagantcarbine",
  "lod": {
    "model": "hamster:gun/lod/nagantcarbine",
    "texture": "hamster:gun/lod/nagantcarbine"
  },
  "hud": "hamster:gun/hud/nagantcarbine",
  "slot": "hamster:gun/slot/nagantcarbine",
  "animation": "hamster:nagantcarbine",
  "use_default_animation": "rifle",
  "third_person_animation": "default",
  "state_machine": "hamster:nagantcarbine_state_machine",
  "transform": {
    "scale": {
      "thirdperson": [0.6, 0.6, 0.6],
      "ground": [0.6, 0.6, 0.6],
      "fixed": [1.2, 1.2, 1.2]
    }
  },
  "muzzle_flash": {
    "texture": "tacz:flash/common_muzzle_flash",
    "scale": 1
  },
  "iron_zoom": 1.5,
  "zoom_model_fov": 55,
  "sounds": {
    "head_hit": "hamster:headshot_hunt",
    "flesh_hit": "hamster:hit_feedback",
    "kill": "hamster:headshot_hunt",
    "shoot": "hamster:nagantm1895/nagantcarbine_shoot",
    "shoot_3p": "hamster:nagantm1895/nagantcarbine_shoot",
    "silence": "hamster:colt1873/colt1873_silence",
    "silence_3p": "hamster:colt1873/colt1873_silence"
  },
  "offhand_show": {
    "pos": [4, 13, -1],
    "rotate": [-90, -35, 90],
    "scale": [0.5, 0.5, 0.5]
  },
  "hotbar_show": {
    "0": {
      "pos": [0, 20, 3],
      "rotate": [-180, 0, 120],
      "scale": [0.5, 0.5, 0.5]
    }
  }
}