{
	"format_version": "1.8.0",
	"animations": {
		"static_idle": {
			"animation_length": 0.1,
			"bones": {
				"leftHand": {
					"rotation": [90, 0, 0],
					"position": [16, -16, 6],
					"scale": [1, 1.5, 1]
				},
				"rightHand": {
					"rotation": [89.98307, 7.35911, -175.14826],
					"position": [-6.725, -16.3, -7.025],
					"scale": [1, 1.5, 1]
				},
				"constraint": {
					"rotation": [0.1, 0.1, 0.1],
					"position": [0.1, 0.1, 0.1]
				},
				"root": {
					"rotation": [0, 0, 0],
					"position": [0, 0, 0]
				}
			}
		},
		"static_bolt_caught": {
			"animation_length": 1.0833,
			"bones": {
				"bullet": {
					"scale": 0
				},
				"upper": {
					"position": [0, 0, 0.25]
				},
				"part3": {
					"rotation": [-80, 0, 0]
				},
				"part2": {
					"rotation": [40, 0, 0]
				},
				"part1": {
					"position": [0, 0, 1.75]
				}
			}
		},
		"last_shoot": {
			"animation_length": 1.0833,
			"bones": {
				"bullet": {
					"rotation": {
						"0.0": [0, 0, 0],
						"0.0417": [-20, 0, 0],
						"0.125": {
							"pre": [-244.84589, 29.82755, -191.29664],
							"post": [-244.84589, 29.82755, -191.29664],
							"lerp_mode": "catmullrom"
						},
						"0.1667": {
							"post": [-605.355, 16.78, -621.62],
							"lerp_mode": "catmullrom"
						},
						"0.2083": [0, 0, 0]
					},
					"position": {
						"0.0": [0, 0, 0],
						"0.0417": [0, 0.25, 0],
						"0.125": {
							"pre": [-2.3125, 4.75, 0],
							"post": [-2.3125, 4.75, 0],
							"lerp_mode": "catmullrom"
						},
						"0.1667": {
							"post": [-8.125, 4.25, 0],
							"lerp_mode": "catmullrom"
						},
						"0.2083": [0, 0, 0]
					},
					"scale": {
						"0.125": [1, 1, 1],
						"0.1667": {"pre": [1, 1, 1], "post": [0, 0, 0]}
					}
				},
				"upper": {
					"position": [0, 0, 0.25]
				},
				"part3": {
					"rotation": {
						"0.0": [0, 0, 0],
						"0.0417": [-80, 0, 0],
						"0.0833": [-80, 0, 0]
					}
				},
				"part2": {
					"rotation": {
						"0.0": [0, 0, 0],
						"0.0417": [40, 0, 0],
						"0.0833": [40, 0, 0]
					}
				},
				"part1": {
					"position": {
						"0.0": [0, 0, 0],
						"0.0417": [0, 0, 1.75],
						"0.0833": [0, 0, 1.75]
					}
				},
				"constraint": {
					"rotation": {
						"0.0": [1, 1, 1],
						"0.3333": [1, 1, 1],
						"0.625": [0.1, 0.1, 0.1]
					},
					"position": {
						"0.0": [1, 1, 1],
						"0.3333": [1, 1, 1],
						"0.625": [0.1, 0.1, 0.1]
					}
				},
				"root": {
					"rotation": {
						"0.0": {
							"post": [1.83177, 0.73281, -4.6854],
							"lerp_mode": "catmullrom"
						},
						"0.0417": {
							"post": [-7.5674, 3.1291, 7.8187],
							"lerp_mode": "catmullrom"
						},
						"0.0833": {
							"post": [-10.75942, 0.39076, 4.99844],
							"lerp_mode": "catmullrom"
						},
						"0.1667": {
							"post": [1.60274, -1.06182, -2.55229],
							"lerp_mode": "catmullrom"
						},
						"0.25": {
							"post": [-0.46, 0.4242, -2.17355],
							"lerp_mode": "catmullrom"
						},
						"0.3333": {
							"post": [0.72, 0.05, -1.12],
							"lerp_mode": "catmullrom"
						},
						"0.375": {
							"post": [0.7951, -0.899, -0.3226],
							"lerp_mode": "catmullrom"
						},
						"0.5833": {
							"post": [-0.25, -0.6508, 0.4212],
							"lerp_mode": "catmullrom"
						},
						"0.75": {
							"post": [0, 0, 0],
							"lerp_mode": "catmullrom"
						},
						"1.0833": {
							"post": [0, 0, 0],
							"lerp_mode": "catmullrom"
						}
					},
					"position": {
						"0.0": {
							"post": [0, 0, 0],
							"lerp_mode": "catmullrom"
						},
						"0.125": {
							"post": [-0.125, -0.25, 0.5625],
							"lerp_mode": "catmullrom"
						},
						"0.375": {
							"post": [0.0025, 0.11, 0.36],
							"lerp_mode": "catmullrom"
						},
						"0.5417": {
							"post": [0.01, 0.08, -0.06],
							"lerp_mode": "catmullrom"
						},
						"0.75": {
							"post": [0, 0, 0],
							"lerp_mode": "catmullrom"
						},
						"1.0833": {
							"post": [0, 0, 0],
							"lerp_mode": "catmullrom"
						}
					}
				},
				"head": {
					"scale": 0
				},
				"camera": {
					"rotation": {
						"0.0": {
							"post": [0, 0, 0],
							"lerp_mode": "catmullrom"
						},
						"0.0417": {
							"post": [0, 0, 2.125],
							"lerp_mode": "catmullrom"
						},
						"0.0833": {
							"post": [0, 0, -1.125],
							"lerp_mode": "catmullrom"
						},
						"0.125": {
							"post": [0, 0, 0.875],
							"lerp_mode": "catmullrom"
						},
						"0.2083": {
							"post": [0, 0, -0.25],
							"lerp_mode": "catmullrom"
						},
						"0.3333": {
							"post": [0, 0, 0],
							"lerp_mode": "catmullrom"
						}
					}
				}
			}
		},
		"draw": {
			"loop": "hold_on_last_frame",
			"animation_length": 1.0208,
			"bones": {
				"leftHand": {
					"rotation": [90, 0, 0],
					"position": [16, -16, 6],
					"scale": [1, 1.5, 1]
				},
				"rightHand": {
					"rotation": {
						"0.0": [89.98307, 7.35911, -175.14826],
						"0.1042": [118.97923, 38.98355, -170.38688],
						"0.3542": [87.57628, 6.95063, -194.29439],
						"0.5833": [89.98307, 7.35911, -175.14826]
					},
					"position": {
						"0.0": [-6.725, -16.3, -7.025],
						"0.3542": [-6.9125, -16.3, -5.9],
						"0.5833": [-6.725, -16.3, -7.025]
					},
					"scale": [1, 1.5, 1]
				},
				"root": {
					"rotation": {
						"0.0": {
							"post": [10.60618, -10.81177, 19.85469],
							"lerp_mode": "catmullrom"
						},
						"0.125": {
							"post": [-5.27, -34.25, 62.3625],
							"lerp_mode": "catmullrom"
						},
						"0.25": {
							"post": [11.70291, -38.80023, 46.50817],
							"lerp_mode": "catmullrom"
						},
						"0.4375": {
							"post": [-17.34558, 2.88801, 5.64111],
							"lerp_mode": "catmullrom"
						},
						"0.5833": {
							"post": [-8.90347, 0.47437, 1.12506],
							"lerp_mode": "catmullrom"
						},
						"0.75": {
							"post": [1.18501, -1.13876, 1.99078],
							"lerp_mode": "catmullrom"
						},
						"0.875": {
							"post": [0, 0, 0.19],
							"lerp_mode": "catmullrom"
						},
						"1.0208": {
							"post": [0, 0, 0],
							"lerp_mode": "catmullrom"
						}
					},
					"position": {
						"0.0": {
							"post": [-6, -12, -2],
							"lerp_mode": "catmullrom"
						},
						"0.1042": {
							"post": [-5.64, -9.63, -2],
							"lerp_mode": "catmullrom"
						},
						"0.25": {
							"post": [-4.1, -3.2525, -2],
							"lerp_mode": "catmullrom"
						},
						"0.4375": {
							"post": [-2.5575, 0.75, -2],
							"lerp_mode": "catmullrom"
						},
						"0.5833": {
							"post": [0, 0.25, 0],
							"lerp_mode": "catmullrom"
						},
						"0.6667": {
							"post": [0.16, -0.0975, 0.13],
							"lerp_mode": "catmullrom"
						},
						"0.75": {
							"post": [0, 0, 0],
							"lerp_mode": "catmullrom"
						},
						"0.875": {
							"post": [0, 0, 0],
							"lerp_mode": "catmullrom"
						},
						"1.0208": {
							"post": [0, 0, 0],
							"lerp_mode": "catmullrom"
						}
					}
				},
				"constraint": {
					"rotation": [0.1, 0.1, 0.1],
					"position": [0.1, 0.1, 0.1]
				},
				"camera": {
					"rotation": {
						"0.0": {
							"post": [0, 0, 0],
							"lerp_mode": "catmullrom"
						},
						"0.0625": {
							"post": [1.5575, 0.14, -0.39],
							"lerp_mode": "catmullrom"
						},
						"0.1458": {
							"post": [1.3125, 0.3125, -0.8125],
							"lerp_mode": "catmullrom"
						},
						"0.3333": {
							"post": [-0.315, 0.125, 0.3125],
							"lerp_mode": "catmullrom"
						},
						"0.5": {
							"post": [-0.6225, 0, -0.125],
							"lerp_mode": "catmullrom"
						},
						"0.7083": {
							"post": [0.0675, 0, 0.0625],
							"lerp_mode": "catmullrom"
						},
						"0.8333": {
							"post": [0.06, 0, 0.0925],
							"lerp_mode": "catmullrom"
						},
						"0.9167": {
							"post": [0.0075, 0, -0.09],
							"lerp_mode": "catmullrom"
						},
						"1.0208": {
							"post": [0, 0, 0],
							"lerp_mode": "catmullrom"
						}
					}
				}
			},
			"sound_effects": {
				"0.0": {
					"effect": "hamster:p08/p08_handling"
				}
			}
		},
		"put_away": {
			"animation_length": 1,
			"bones": {
				"leftHand": {
					"rotation": [90, 0, 0],
					"position": {
						"0.0": [16, -16, 6],
						"0.75": [16, -25.5, 6]
					},
					"scale": [1, 1.5, 1]
				},
				"rightHand": {
					"rotation": [89.98307, 7.35911, -175.14826],
					"position": [-6.725, -16.3, -7.025],
					"scale": [1, 1.5, 1]
				},
				"root": {
					"rotation": {
						"0.0": {
							"post": [0, 0, 0],
							"lerp_mode": "catmullrom"
						},
						"0.1042": {
							"post": [2.83842, -0.79904, 2.5781],
							"lerp_mode": "catmullrom"
						},
						"0.2292": {
							"post": [-18.43892, 2.51742, -8.66288],
							"lerp_mode": "catmullrom"
						},
						"0.3333": {
							"post": [3.17001, -10.46288, 15.17997],
							"lerp_mode": "catmullrom"
						},
						"0.4583": {
							"post": [29.53, -14.875, 6.8125],
							"lerp_mode": "catmullrom"
						},
						"0.75": {
							"post": [42.27566, 10.70489, -22.85632],
							"lerp_mode": "catmullrom"
						}
					},
					"position": {
						"0.0": {
							"post": [0, 0, 0],
							"lerp_mode": "catmullrom"
						},
						"0.2292": {
							"post": [0, 0.1975, -1.75],
							"lerp_mode": "catmullrom"
						},
						"0.4792": {
							"post": [0, -7.73, 5.0025],
							"lerp_mode": "catmullrom"
						},
						"0.6875": {
							"post": [0, -9.13, 4.365],
							"lerp_mode": "catmullrom"
						},
						"0.75": {
							"post": [0, -9.25, 0],
							"lerp_mode": "catmullrom"
						}
					}
				},
				"constraint": {
					"rotation": [0.1, 0.1, 0.1],
					"position": [0.1, 0.1, 0.1]
				},
				"camera": {
					"rotation": {
						"0.0": {
							"post": [0, 0, 0],
							"lerp_mode": "catmullrom"
						},
						"0.1458": {
							"post": [-0.25, 0.125, 0.0625],
							"lerp_mode": "catmullrom"
						},
						"0.25": {
							"post": [0, 0, -0.08],
							"lerp_mode": "catmullrom"
						},
						"0.3333": {
							"post": [0.25, -0.125, -0.625],
							"lerp_mode": "catmullrom"
						},
						"0.4583": {
							"post": [0.525, -0.25, -0.5],
							"lerp_mode": "catmullrom"
						},
						"0.5833": {
							"post": [-0.06, -0.0625, 0.0625],
							"lerp_mode": "catmullrom"
						},
						"0.75": {
							"post": [0, 0, 0],
							"lerp_mode": "catmullrom"
						}
					}
				}
			},
			"sound_effects": {
				"0.1875": {
					"effect": "hamster:p08/p08_handling_1"
				}
			}
		},
		"shoot": {
			"animation_length": 1.0625,
			"bones": {
				"root": {
					"rotation": {
						"0.0": {
							"post": [0, 0, 0],
							"lerp_mode": "catmullrom"
						},
						"0.0208": {
							"post": [1.83177, 0.73281, -4.6854],
							"lerp_mode": "catmullrom"
						},
						"0.0417": {
							"post": [-7.5674, 3.1291, 7.8187],
							"lerp_mode": "catmullrom"
						},
						"0.0833": {
							"post": [-10.75942, 0.39076, 4.99844],
							"lerp_mode": "catmullrom"
						},
						"0.1667": {
							"post": [1.60274, -1.06182, -2.55229],
							"lerp_mode": "catmullrom"
						},
						"0.25": {
							"post": [-0.46, 0.4242, -2.17355],
							"lerp_mode": "catmullrom"
						},
						"0.3333": {
							"post": [0.72, 0.05, -1.12],
							"lerp_mode": "catmullrom"
						},
						"0.3958": {
							"post": [0.7951, -0.899, -0.3226],
							"lerp_mode": "catmullrom"
						},
						"0.5833": {
							"post": [-0.25, -0.6508, 0.4212],
							"lerp_mode": "catmullrom"
						},
						"0.75": {
							"post": [0, 0, 0],
							"lerp_mode": "catmullrom"
						},
						"1.0625": {
							"post": [0, 0, 0],
							"lerp_mode": "catmullrom"
						}
					},
					"position": {
						"0.0": {
							"post": [0, 0, 0],
							"lerp_mode": "catmullrom"
						},
						"0.125": {
							"post": [-0.125, -0.25, 0.5625],
							"lerp_mode": "catmullrom"
						},
						"0.3958": {
							"post": [0.0025, 0.11, 0.36],
							"lerp_mode": "catmullrom"
						},
						"0.5417": {
							"post": [0.01, 0.08, -0.06],
							"lerp_mode": "catmullrom"
						},
						"0.7292": {
							"post": [0, 0, 0],
							"lerp_mode": "catmullrom"
						},
						"1.0625": {
							"post": [0, 0, 0],
							"lerp_mode": "catmullrom"
						}
					}
				},
				"bullet": {
					"rotation": {
						"0.0208": [0, 0, 0],
						"0.0417": [-20, 0, 0],
						"0.1042": {
							"pre": [-244.84589, 29.82755, -191.29664],
							"post": [-244.84589, 29.82755, -191.29664],
							"lerp_mode": "catmullrom"
						},
						"0.1667": {
							"post": [-605.355, 16.78, -621.62],
							"lerp_mode": "catmullrom"
						},
						"0.2292": {
							"post": [-20, 0, 0],
							"lerp_mode": "catmullrom"
						},
						"0.25": [0, 0, 0]
					},
					"position": {
						"0.0208": [0, 0, 0],
						"0.0417": [0, 0.25, 0],
						"0.1042": {
							"pre": [-2.3125, 4.75, 0],
							"post": [-2.3125, 4.75, 0],
							"lerp_mode": "catmullrom"
						},
						"0.1667": {
							"post": [-8.125, 4.25, 0],
							"lerp_mode": "catmullrom"
						},
						"0.2292": {
							"post": [-14, -7.25, 0],
							"lerp_mode": "catmullrom"
						},
						"0.25": [0, 0, 0]
					},
					"scale": {
						"0.0": [1, 1, 1],
						"0.2292": {"pre": [1, 1, 1], "post": [0, 0, 0]},
						"0.25": {"pre": [0, 0, 0], "post": [1, 1, 1]}
					}
				},
				"upper": {
					"position": {
						"0.0": [0, 0, 0],
						"0.0208": [0, 0, 0.25],
						"0.1875": [0, 0, 0.25],
						"0.2083": [0, 0, 0]
					}
				},
				"part3": {
					"rotation": {
						"0.0208": [0, 0, 0],
						"0.0417": [-80, 0, 0],
						"0.0833": [-80, 0, 0],
						"0.1458": {
							"pre": [-42.58, 0, 0],
							"post": [-42.58, 0, 0],
							"lerp_mode": "catmullrom"
						},
						"0.1667": {
							"post": [-21.45, 0, 0],
							"lerp_mode": "catmullrom"
						},
						"0.1875": {
							"post": [0, 0, 0],
							"lerp_mode": "catmullrom"
						}
					}
				},
				"part1": {
					"position": {
						"0.0208": [0, 0, 0],
						"0.0417": [0, 0, 1.75],
						"0.0833": [0, 0, 1.75],
						"0.1875": {
							"pre": [0, 0, 0],
							"post": [0, 0, 0],
							"lerp_mode": "catmullrom"
						}
					}
				},
				"part2": {
					"rotation": {
						"0.0208": [0, 0, 0],
						"0.0417": [40, 0, 0],
						"0.0833": [40, 0, 0],
						"0.1042": {
							"pre": [42.2325, 0, 0],
							"post": [42.2325, 0, 0],
							"lerp_mode": "catmullrom"
						},
						"0.125": {
							"post": [38.3725, 0, 0],
							"lerp_mode": "catmullrom"
						},
						"0.1458": {
							"post": [29.17, 0, 0],
							"lerp_mode": "catmullrom"
						},
						"0.1667": {
							"post": [13.73, 0, 0],
							"lerp_mode": "catmullrom"
						},
						"0.1875": {
							"post": [0, 0, 0],
							"lerp_mode": "catmullrom"
						}
					}
				},
				"head": {
					"scale": 0
				},
				"constraint": {
					"rotation": {
						"0.2083": {
							"pre": [0.8, 0.8, 0.8],
							"post": [0.8, 0.8, 0.8],
							"lerp_mode": "catmullrom"
						},
						"0.5": {
							"post": [0.1, 0.1, 0.1],
							"lerp_mode": "catmullrom"
						}
					},
					"position": {
						"0.2083": {
							"pre": [0.8, 0.8, 0.8],
							"post": [0.8, 0.8, 0.8],
							"lerp_mode": "catmullrom"
						},
						"0.5": {
							"post": [0.1, 0.1, 0.1],
							"lerp_mode": "catmullrom"
						}
					}
				},
				"camera": {
					"rotation": {
						"0.0": {
							"post": [0, 0, 0],
							"lerp_mode": "catmullrom"
						},
						"0.0417": {
							"post": [0, 0, 2.125],
							"lerp_mode": "catmullrom"
						},
						"0.0625": {
							"post": [0, 0, -1.125],
							"lerp_mode": "catmullrom"
						},
						"0.125": {
							"post": [0, 0, 0.875],
							"lerp_mode": "catmullrom"
						},
						"0.2083": {
							"post": [0, 0, -0.25],
							"lerp_mode": "catmullrom"
						},
						"0.3333": {
							"post": [0, 0, 0],
							"lerp_mode": "catmullrom"
						}
					}
				}
			}
		},
		"run": {
			"loop": true,
			"animation_length": 0.6667,
			"bones": {
				"root": {
					"rotation": {
						"0.0": {
							"post": [-57.43739, -1.65224, -1.98065],
							"lerp_mode": "catmullrom"
						},
						"0.0833": {
							"post": [-54.54036, -2.43374, -6.26061],
							"lerp_mode": "catmullrom"
						},
						"0.1667": {
							"post": [-53.24079, -4.27915, 2.54836],
							"lerp_mode": "catmullrom"
						},
						"0.25": {
							"post": [-58.09366, -4.14303, 4.09351],
							"lerp_mode": "catmullrom"
						},
						"0.3333": {
							"post": [-57.66046, -1.84847, 2.27481],
							"lerp_mode": "catmullrom"
						},
						"0.4375": {
							"post": [-57.54312, 0.88793, -7.69856],
							"lerp_mode": "catmullrom"
						},
						"0.5": {
							"post": [-57.49317, 1.50695, -8.77857],
							"lerp_mode": "catmullrom"
						},
						"0.5833": {
							"post": [-57.46351, -0.64661, -3.48186],
							"lerp_mode": "catmullrom"
						},
						"0.6667": {
							"post": [-57.43739, -1.65224, -1.98065],
							"lerp_mode": "catmullrom"
						}
					},
					"position": {
						"0.0": {
							"post": [-4.5, 0.75, -2.5],
							"lerp_mode": "catmullrom"
						},
						"0.1042": {
							"post": [-4.1875, -1.0975, -2.5],
							"lerp_mode": "catmullrom"
						},
						"0.1667": {
							"post": [-4.125, -1.56, -2.5],
							"lerp_mode": "catmullrom"
						},
						"0.2292": {
							"post": [-4.3125, -1.1125, -2.5],
							"lerp_mode": "catmullrom"
						},
						"0.3333": {
							"post": [-4.875, 0.1875, -2.5],
							"lerp_mode": "catmullrom"
						},
						"0.4375": {
							"post": [-5.3125, -1.1075, -2.5],
							"lerp_mode": "catmullrom"
						},
						"0.5": {
							"post": [-5.4375, -1.5625, -2.5],
							"lerp_mode": "catmullrom"
						},
						"0.5625": {
							"post": [-5.25, -0.965, -2.5],
							"lerp_mode": "catmullrom"
						},
						"0.6667": {
							"post": [-4.5, 0.75, -2.5],
							"lerp_mode": "catmullrom"
						}
					}
				}
			}
		},
		"run_start": {
			"animation_length": 0.3958,
			"bones": {
				"root": {
					"rotation": {
						"0.0": {
							"post": [0, 0, 0],
							"lerp_mode": "catmullrom"
						},
						"0.1042": {
							"post": [-8.33, -1.61, -1.14],
							"lerp_mode": "catmullrom"
						},
						"0.2917": {
							"post": [-46.62, 2.6275, 0.5625],
							"lerp_mode": "catmullrom"
						},
						"0.3958": {
							"post": [-57.43739, -1.65224, -1.98065],
							"lerp_mode": "catmullrom"
						}
					},
					"position": {
						"0.0": {
							"post": [0, 0, 0],
							"lerp_mode": "catmullrom"
						},
						"0.25": {
							"post": [-2.98, -1.8475, -1.66],
							"lerp_mode": "catmullrom"
						},
						"0.3958": {
							"post": [-4.5, 0.75, -2.5],
							"lerp_mode": "catmullrom"
						}
					}
				}
			}
		},
		"run_end": {
			"animation_length": 0.3958,
			"bones": {
				"root": {
					"rotation": {
						"0.0": {
							"post": [-57.43739, -1.65224, -1.98065],
							"lerp_mode": "catmullrom"
						},
						"0.1042": {
							"post": [-46.62, -0.3725, 6.5625],
							"lerp_mode": "catmullrom"
						},
						"0.2917": {
							"post": [-8.33, -1.61, -1.14],
							"lerp_mode": "catmullrom"
						},
						"0.3958": {
							"post": [0, 0, 0],
							"lerp_mode": "catmullrom"
						}
					},
					"position": {
						"0.0": {
							"post": [-4.5, 0.75, -2.5],
							"lerp_mode": "catmullrom"
						},
						"0.25": {
							"post": [-1.52, -1.2775, -0.84],
							"lerp_mode": "catmullrom"
						},
						"0.3958": {
							"post": [0, 0, 0],
							"lerp_mode": "catmullrom"
						}
					}
				}
			}
		},
		"run_hold": {
			"animation_length": 0.5,
			"bones": {
				"root": {
					"rotation": [-57.43739, -1.65224, -1.98065],
					"position": [-4.5, -0.5, -2.5]
				}
			}
		},
		"reload_empty": {
			"loop": "hold_on_last_frame",
			"animation_length": 4.9375,
			"bones": {
				"leftHand": {
					"rotation": {
						"0.0": [90, 0, 0],
						"0.0833": [90, 0, 0],
						"0.3542": [89.37423, 5.32405, 37.49277],
						"0.4167": [90.7774, 5.30402, 52.55782],
						"0.5833": [90.88162, 5.27739, 53.69898],
						"0.6458": [90.4757, 5.32456, 49.31085],
						"1.1458": [90.48, 5.32, 49.31],
						"1.2708": [87.41569, 4.67668, 15.18222],
						"2.9583": [90.4757, 5.32456, 49.31085],
						"3.0833": [91.19332, 5.18854, 57.18889],
						"3.125": [91.73038, 5.03533, 63.21091],
						"3.1875": [91.73038, 5.03533, 63.21091],
						"3.3125": [89.37, 5.32, 37.49],
						"3.5": [74.86207, 46.64706, -2.89339],
						"3.75": [74.86, 46.65, -2.89],
						"3.8125": [70.89073, 45.47105, -8.39998],
						"3.875": [42.72469, 17.14992, -64.69605],
						"4.0417": [117.63239, 55.05733, 37.52423],
						"4.1875": [90, 0, 0]
					},
					"position": {
						"0.0": [16, -20, 3],
						"0.0833": [16, -20, 3],
						"0.3542": [6, -20, -3],
						"0.4167": [5.8125, -19.6875, -2.625],
						"1.1458": [5.74, -19.72, -2.72],
						"1.2708": [6.855, -19.72, -2.74],
						"3.0833": [5.5525, -19.7925, -2.97],
						"3.125": [5.55, -19.29, -2.97],
						"3.1875": [5.55, -19.29, -2.97],
						"3.3125": [6, -20, -3],
						"3.5": [5.8175, -12.75, -2.6375],
						"3.75": [5.82, -12.75, -2.64],
						"3.8125": [5.82, -12.75, -2.14],
						"3.875": [2.1325, -19.75, 0.5175],
						"3.9583": [2.3525, -43.6875, 10.4675],
						"4.0417": [9.32, -20.5, 11.8575],
						"4.1875": [16, -20, 3]
					},
					"scale": [1, 1.5, 1]
				},
				"rightHand": {
					"rotation": {
						"0.0": [89.98307, 7.35911, -175.14826],
						"0.0625": [89.98307, 7.35911, -175.14826],
						"0.3333": [89.98, 7.36, -175.15],
						"3.375": [89.98, 7.36, -175.15],
						"3.5": [89.98307, 7.35911, -175.14826]
					},
					"position": {
						"0.0": [-6.725, -16.3, -7.025],
						"0.0625": [-6.725, -16.3, -7.025],
						"0.3333": [-7.2825, -16.3, -5.9575],
						"3.375": [-7.2825, -16.3, -5.9575],
						"3.5": [-6.725, -16.3, -7.025]
					},
					"scale": [1, 1.5, 1]
				},
				"root": {
					"rotation": {
						"0.0": {
							"post": [0, 0, 0],
							"lerp_mode": "catmullrom"
						},
						"0.1042": {
							"post": [0.03689, -2.22497, -7.1866],
							"lerp_mode": "catmullrom"
						},
						"0.2292": {
							"post": [-16.30742, -5.88935, -16.51555],
							"lerp_mode": "catmullrom"
						},
						"0.3542": {
							"post": [-23.54125, -9.36151, -23.11598],
							"lerp_mode": "catmullrom"
						},
						"0.5": {
							"post": [-24.13399, -8.38337, -19.65468],
							"lerp_mode": "catmullrom"
						},
						"0.6875": {
							"post": [-26.55592, -9.58042, -16.32004],
							"lerp_mode": "catmullrom"
						},
						"0.7708": {
							"post": [-24.68628, -12.8518, -12.58738],
							"lerp_mode": "catmullrom"
						},
						"0.8333": {
							"post": [-25.0325, -6.92409, -15.88899],
							"lerp_mode": "catmullrom"
						},
						"0.8958": {
							"post": [-27.88007, -3.66569, -3.64516],
							"lerp_mode": "catmullrom"
						},
						"1.0": {
							"post": [-25.34574, -6.10436, -4.72419],
							"lerp_mode": "catmullrom"
						},
						"1.2292": {
							"post": [-26.15637, -10.07934, -21.75325],
							"lerp_mode": "catmullrom"
						},
						"1.375": {
							"post": [-24.73517, -8.52039, -17.88403],
							"lerp_mode": "catmullrom"
						},
						"1.5417": {
							"post": [-23.51039, -4.28678, -6.70088],
							"lerp_mode": "catmullrom"
						},
						"1.8125": {
							"post": [-23.99237, -4.12402, 0.93284],
							"lerp_mode": "catmullrom"
						},
						"2.0625": {
							"post": [-22.09138, -3.7059, 1.84634],
							"lerp_mode": "catmullrom"
						},
						"2.2708": {
							"post": [-22.09138, -3.7059, 1.84634],
							"lerp_mode": "catmullrom"
						},
						"2.4583": {
							"post": [-22.48009, -5.44253, 8.02829],
							"lerp_mode": "catmullrom"
						},
						"2.625": {
							"post": [-22.17649, -10.76199, -10.51083],
							"lerp_mode": "catmullrom"
						},
						"2.7708": {
							"post": [-23.92929, -18.56715, -21.6069],
							"lerp_mode": "catmullrom"
						},
						"2.8958": {
							"post": [-22.01133, -25.01074, -39.64911],
							"lerp_mode": "catmullrom"
						},
						"3.0": {
							"post": [-12.97701, -26.38195, -51.15681],
							"lerp_mode": "catmullrom"
						},
						"3.0833": {
							"post": [-23.4392, -16.70484, -15.14238],
							"lerp_mode": "catmullrom"
						},
						"3.1667": {
							"post": [-19.31375, -12.68446, -18.64272],
							"lerp_mode": "catmullrom"
						},
						"3.25": {
							"post": [-18.2051, -14.03557, -19.15064],
							"lerp_mode": "catmullrom"
						},
						"3.375": {
							"post": [-28.17142, -5.13399, -1.12778],
							"lerp_mode": "catmullrom"
						},
						"3.5417": {
							"post": [-50.7223, -1.27543, 13.32793],
							"lerp_mode": "catmullrom"
						},
						"3.7083": {
							"post": [-51.67772, -1.4609, 11.92704],
							"lerp_mode": "catmullrom"
						},
						"3.8125": {
							"post": [-58.22269, 9.1167, 6.94146],
							"lerp_mode": "catmullrom"
						},
						"3.875": {
							"post": [-35.6175, -7.35, -6.11],
							"lerp_mode": "catmullrom"
						},
						"3.9375": {
							"post": [-51.23, -7.02, -3.19],
							"lerp_mode": "catmullrom"
						},
						"4.0417": {
							"post": [-36.17688, -2.52043, 3.17205],
							"lerp_mode": "catmullrom"
						},
						"4.1875": {
							"post": [-9.98401, 0.53046, -12.0887],
							"lerp_mode": "catmullrom"
						},
						"4.375": {
							"post": [-1.0223, -1.09632, 2.39909],
							"lerp_mode": "catmullrom"
						},
						"4.5208": {
							"post": [-1.03823, -0.64983, 1.3],
							"lerp_mode": "catmullrom"
						},
						"4.625": {
							"post": [0, 0, -0.5],
							"lerp_mode": "catmullrom"
						},
						"4.75": {
							"post": [0, 0, 0],
							"lerp_mode": "catmullrom"
						}
					},
					"position": {
						"0.0": {
							"post": [0, 0, 0],
							"lerp_mode": "catmullrom"
						},
						"0.1042": {
							"post": [-0.19, 0.61, 0.0275],
							"lerp_mode": "catmullrom"
						},
						"0.2292": {
							"post": [-0.49, 1.7475, -1.1875],
							"lerp_mode": "catmullrom"
						},
						"0.3542": {
							"post": [-0.8775, 2.8175, -1.875],
							"lerp_mode": "catmullrom"
						},
						"0.6875": {
							"post": [-0.88, 2.82, -1.8725],
							"lerp_mode": "catmullrom"
						},
						"0.7708": {
							"post": [-0.5675, 2.07, -1.81],
							"lerp_mode": "catmullrom"
						},
						"0.8333": {
							"post": [-0.18, 1.85, -1.78],
							"lerp_mode": "catmullrom"
						},
						"0.8958": {
							"post": [0.055, 1.3225, -1.75],
							"lerp_mode": "catmullrom"
						},
						"1.0": {
							"post": [-0.0575, 1.1925, -1.75],
							"lerp_mode": "catmullrom"
						},
						"1.2292": {
							"post": [-0.245, 1.255, -1.75],
							"lerp_mode": "catmullrom"
						},
						"1.375": {
							"post": [-0.8425, 1.6625, -1.75],
							"lerp_mode": "catmullrom"
						},
						"1.5417": {
							"post": [-1.3825, 1.45, -1.75],
							"lerp_mode": "catmullrom"
						},
						"1.8125": {
							"post": [-1.6925, 1.1375, -1.75],
							"lerp_mode": "catmullrom"
						},
						"2.0625": {
							"post": [-1.505, 1.2025, -1.75],
							"lerp_mode": "catmullrom"
						},
						"2.2708": {
							"post": [-1.38, 1.2025, -1.75],
							"lerp_mode": "catmullrom"
						},
						"2.4583": {
							"post": [-1.255, 1.1375, -1.75],
							"lerp_mode": "catmullrom"
						},
						"2.625": {
							"post": [-1.0625, 2.3275, -1.75],
							"lerp_mode": "catmullrom"
						},
						"2.7708": {
							"post": [-1.935, 2.98, -1.75],
							"lerp_mode": "catmullrom"
						},
						"2.8958": {
							"post": [-2.435, 3.3925, -1.75],
							"lerp_mode": "catmullrom"
						},
						"3.0": {
							"post": [-2.5, 3.705, -1.75],
							"lerp_mode": "catmullrom"
						},
						"3.0833": {
							"post": [-2.675, 4, -1.75],
							"lerp_mode": "catmullrom"
						},
						"3.1667": {
							"post": [-2.6825, 3.895, -1.75],
							"lerp_mode": "catmullrom"
						},
						"3.25": {
							"post": [-2.5, 3.3325, -1.75],
							"lerp_mode": "catmullrom"
						},
						"3.375": {
							"post": [-2.5, 2.3925, -1.75],
							"lerp_mode": "catmullrom"
						},
						"3.5417": {
							"post": [-0.9375, 1.3275, -1.75],
							"lerp_mode": "catmullrom"
						},
						"3.7083": {
							"post": [-0.94, 1.205, -1.75],
							"lerp_mode": "catmullrom"
						},
						"3.8125": {
							"post": [-0.94, 0.8975, -1.1875],
							"lerp_mode": "catmullrom"
						},
						"3.875": {
							"post": [-0.96, 1.6975, -3.015],
							"lerp_mode": "catmullrom"
						},
						"3.9583": {
							"post": [-0.99, 0.89, -2.7925],
							"lerp_mode": "catmullrom"
						},
						"4.0417": {
							"post": [-0.94, 0.7775, -1.8075],
							"lerp_mode": "catmullrom"
						},
						"4.25": {
							"post": [-0.25, 0.6875, 0],
							"lerp_mode": "catmullrom"
						},
						"4.3542": {
							"post": [0.05, 0.0225, 0.17],
							"lerp_mode": "catmullrom"
						},
						"4.5": {
							"post": [0.0825, 0.0975, 0.1],
							"lerp_mode": "catmullrom"
						},
						"4.75": {
							"post": [0, 0, 0],
							"lerp_mode": "catmullrom"
						}
					}
				},
				"lefthand_and_ammo": {
					"rotation": {
						"0.0": [0, 0, 0],
						"0.25": {
							"pre": [0, 0, 0],
							"post": [0, 0, 0],
							"lerp_mode": "catmullrom"
						},
						"0.3542": {
							"post": [0, 0, 0],
							"lerp_mode": "catmullrom"
						},
						"0.7083": {
							"post": [0, 0, 0],
							"lerp_mode": "catmullrom"
						},
						"0.7708": {
							"post": [0, 0, 0],
							"lerp_mode": "catmullrom"
						},
						"0.8542": {
							"post": [0, 0, -8],
							"lerp_mode": "catmullrom"
						},
						"1.0": {
							"post": [0.19083, 0.98163, -18.19837],
							"lerp_mode": "catmullrom"
						},
						"1.1458": {
							"post": [-0.10479, 2.99817, -45.00274],
							"lerp_mode": "catmullrom"
						},
						"1.3333": {
							"post": [5.41759, -2.02909, -35.02561],
							"lerp_mode": "catmullrom"
						},
						"1.4583": {
							"post": [-3.22757, 9.3521, -12.92795],
							"lerp_mode": "catmullrom"
						},
						"1.5417": {
							"post": [-3.23, 9.35, -12.93],
							"lerp_mode": "catmullrom"
						},
						"2.1875": [-9.70579, 1.89599, -72.82678],
						"2.3125": [-4.93068, 0.53614, -70.63715],
						"2.4583": [1.15464, 9.76666, -6.57442],
						"2.6458": [0.36127, 15.74338, -16.73387],
						"2.875": [0, 0, -3],
						"2.9792": [0, 0, -3],
						"3.0833": [0, 0, 0]
					},
					"position": {
						"0.0": [0, 0, 0],
						"0.25": {
							"pre": [0, 0, 0],
							"post": [0, 0, 0],
							"lerp_mode": "catmullrom"
						},
						"0.3542": {
							"post": [0, 0, 0],
							"lerp_mode": "catmullrom"
						},
						"0.7083": {
							"post": [0, -0.6875, 0],
							"lerp_mode": "catmullrom"
						},
						"0.7708": {
							"post": [0, -5, 3.5],
							"lerp_mode": "catmullrom"
						},
						"0.8542": {
							"post": [0.9375, -6.0625, 3.5],
							"lerp_mode": "catmullrom"
						},
						"1.0": {
							"post": [6.465, -4.34, 0.12],
							"lerp_mode": "catmullrom"
						},
						"1.1458": {
							"post": [8.69, -1.935, -2.125],
							"lerp_mode": "catmullrom"
						},
						"1.3333": {
							"post": [8.5025, -1.935, 1.6875],
							"lerp_mode": "catmullrom"
						},
						"1.4583": {
							"post": [7.0025, -8.555, 2.38],
							"lerp_mode": "catmullrom"
						},
						"1.5417": {
							"post": [7, -12.2375, 2.38],
							"lerp_mode": "catmullrom"
						},
						"2.1875": [7, -12.24, -2.12],
						"2.3125": [8.3125, -2.9275, -2.12],
						"2.4583": [8.06, -2.7425, -2.12],
						"2.6458": [5.06, -5.99, -2.12],
						"2.875": [0.4375, -5.6875, 3.5],
						"2.9792": [0.315, -5.69, 3.6875],
						"3.0833": [0, 0, 0]
					}
				},
				"camera": {
					"rotation": {
						"0.0": {
							"post": [0, 0, 0],
							"lerp_mode": "catmullrom"
						},
						"0.1667": {
							"post": [-0.25, 0, 0],
							"lerp_mode": "catmullrom"
						},
						"0.2708": {
							"post": [-0.67, 0.5, 0],
							"lerp_mode": "catmullrom"
						},
						"0.375": {
							"post": [-0.6875, 0.875, -0.3125],
							"lerp_mode": "catmullrom"
						},
						"0.6042": {
							"post": [-0.72, 0.9375, -0.31],
							"lerp_mode": "catmullrom"
						},
						"0.7708": {
							"post": [-0.7125, 1, -0.4375],
							"lerp_mode": "catmullrom"
						},
						"0.875": {
							"post": [-0.42, 1, 0.6875],
							"lerp_mode": "catmullrom"
						},
						"0.9375": {
							"post": [-0.36, 1, -0.415],
							"lerp_mode": "catmullrom"
						},
						"0.9792": {
							"post": [-0.315, 1, -0.125],
							"lerp_mode": "catmullrom"
						},
						"1.1458": {
							"post": [0.0025, 0, 0],
							"lerp_mode": "catmullrom"
						},
						"1.2292": {
							"post": [0.6275, -1.1875, 0.1875],
							"lerp_mode": "catmullrom"
						},
						"1.3333": {
							"post": [1.3875, -1.5, 0.125],
							"lerp_mode": "catmullrom"
						},
						"1.4375": {
							"post": [1.9375, -1.1875, -0.375],
							"lerp_mode": "catmullrom"
						},
						"1.7083": {
							"post": [2.065, 0, -0.6875],
							"lerp_mode": "catmullrom"
						},
						"1.8333": {
							"post": [2, 0.33, -0.71],
							"lerp_mode": "catmullrom"
						},
						"1.9792": {
							"post": [1.9, 0.3125, -0.67],
							"lerp_mode": "catmullrom"
						},
						"2.0833": {
							"post": [1.82, 0, -0.5625],
							"lerp_mode": "catmullrom"
						},
						"2.2083": {
							"post": [1.57, 0, -0.375],
							"lerp_mode": "catmullrom"
						},
						"2.3333": {
							"post": [0.195, -0.25, 0.1875],
							"lerp_mode": "catmullrom"
						},
						"2.5": {
							"post": [-0.4875, -0.1875, 0.3125],
							"lerp_mode": "catmullrom"
						},
						"2.8125": {
							"post": [-1.6775, 0.4375, 0],
							"lerp_mode": "catmullrom"
						},
						"3.0": {
							"post": [-1.96, 0.75, -0.01],
							"lerp_mode": "catmullrom"
						},
						"3.0625": {
							"post": [-2.03, 0.75, 0.615],
							"lerp_mode": "catmullrom"
						},
						"3.125": {
							"post": [-1.805, 0.75, -0.8125],
							"lerp_mode": "catmullrom"
						},
						"3.25": {
							"post": [-1.02, 0.75, 0.2025],
							"lerp_mode": "catmullrom"
						},
						"3.4375": {
							"post": [0.2625, 0.75, 0],
							"lerp_mode": "catmullrom"
						},
						"3.5625": {
							"post": [0.51, 0.7525, -0.6875],
							"lerp_mode": "catmullrom"
						},
						"3.75": {
							"post": [0.635, 0.7525, -1.25],
							"lerp_mode": "catmullrom"
						},
						"3.8125": {
							"post": [0.41, 0.7525, 0.18],
							"lerp_mode": "catmullrom"
						},
						"3.8542": {
							"post": [0.22, 0.7525, 1.3475],
							"lerp_mode": "catmullrom"
						},
						"3.8958": {
							"post": [0.13, 0.7525, -0.295],
							"lerp_mode": "catmullrom"
						},
						"3.9375": {
							"post": [0.05, 0.7525, -0.0225],
							"lerp_mode": "catmullrom"
						},
						"4.0": {
							"post": [-0.0475, 0.7525, -1.125],
							"lerp_mode": "catmullrom"
						},
						"4.1042": {
							"post": [-0.18, 0.355, -0.715],
							"lerp_mode": "catmullrom"
						},
						"4.2083": {
							"post": [-0.3, 0.0025, 0.125],
							"lerp_mode": "catmullrom"
						},
						"4.375": {
							"post": [-0.365, -0.25, -0.1875],
							"lerp_mode": "catmullrom"
						},
						"4.5417": {
							"post": [0.01, 0.0625, 0.125],
							"lerp_mode": "catmullrom"
						},
						"4.75": {
							"post": [-0.0525, 0, 0],
							"lerp_mode": "catmullrom"
						},
						"4.9375": {
							"post": [0, 0, 0],
							"lerp_mode": "catmullrom"
						}
					}
				},
				"constraint": {
					"rotation": [0.1, 0.1, 0.1],
					"position": [0.1, 0.1, 0.1]
				},
				"mag": {
					"rotation": {
						"0.0": [0, 0, 0],
						"0.8333": [0, 0, 0],
						"0.9792": [-57, 0, -116],
						"1.1458": [-80.80467, -6.63681, -118.20586],
						"1.25": [-76.20173, -8.4971, -155.56667],
						"1.375": [-66.01622, -32.05485, -201.94317],
						"1.4375": [-40.21216, -63.18404, -235.20817],
						"1.5208": [-40.21, -63.18, -235.21],
						"1.5833": [-80.80467, -6.63681, -118.20586],
						"1.9375": [-80.8, -6.64, -118.21],
						"2.2708": [-22.47618, -17.35936, -59.85696],
						"2.5417": [0, 0, 0]
					},
					"position": {
						"0.0": [0, 0, 0],
						"0.8333": [0, 0, 0],
						"0.9792": [0, 0, 0],
						"1.1458": [0.0675, 0.005, -0.6225],
						"1.25": [0.07, -1.3025, -0.62],
						"1.375": [6.695, -3.05, -0.62],
						"1.4375": [12.7625, -3.05, 3.4425],
						"1.5208": [12.76, -3.05, 3.44],
						"1.5833": [0.0675, 0.005, -0.6225],
						"1.9375": [0.07, 0.01, -0.62],
						"2.2708": [0.07, -0.6775, -0.37],
						"2.5417": [0, 0, 0]
					}
				},
				"bullet": {
					"position": {
						"3.8125": [0, 0, 0],
						"3.8333": [0, 0, -0.8125],
						"3.8542": [0, 0, -1.81],
						"3.875": [0, 0, -1.81],
						"3.8958": [0, 0, -0.8125]
					},
					"scale": {
						"0.0": [0, 0, 0],
						"1.5": [0, 0, 0],
						"1.5625": [1, 1, 1]
					}
				},
				"upper": {
					"position": {
						"0.0": [0, 0, 0.25],
						"3.75": [0, 0, 0.25],
						"3.8125": [0, 0, 0.4375],
						"3.8542": [0, 0, 0.1875],
						"3.9167": [0, 0, 0.0625],
						"3.9583": [0, 0, 0]
					}
				},
				"part3": {
					"rotation": {
						"0.0": [-77.5, 0, 0],
						"3.75": [-77.5, 0, 0],
						"3.8125": [-80.5, 0, 0],
						"3.8542": [0, 0, 0],
						"3.9167": [-10, 0, 0],
						"3.9375": [-4.67, 0, 0],
						"3.9792": [-6, 0, 0],
						"4.0625": [-3, 0, 0],
						"4.125": [0, 0, 0]
					}
				},
				"part1": {
					"position": {
						"0.0": [0, 0, 1.75],
						"3.75": [0, 0, 1.75],
						"3.8125": [0, 0, 1.9375],
						"3.8542": [0, 0, 0]
					}
				},
				"part2": {
					"rotation": {
						"0.0": [42.5, 0, 0],
						"3.75": [42.5, 0, 0],
						"3.8125": [35.5, 0, 0],
						"3.8542": [0, 0, 0],
						"3.8958": [6, 0, 0],
						"3.9583": [4, 0, 0],
						"4.0417": [2, 0, 0],
						"4.1042": [0, 0, 0]
					}
				}
			},
			"sound_effects": {
				"0.3125": {
					"effect": "hamster:m1879revolver/m1879revolver_draw"
				},
				"0.7083": {
					"effect": "hamster:p08/p08_mag_1"
				},
				"1.875": {
					"effect": "hamster:p08/p08_handling"
				},
				"2.9792": {
					"effect": "hamster:p08/p08_mag"
				},
				"3.5208": {
					"effect": "hamster:p08/p08_bolt_2"
				},
				"3.8333": {
					"effect": "hamster:p08/p08_bolt_3"
				},
				"4.2083": {
					"effect": "hamster:m1879revolver/m1879revolver_draw_2"
				}
			}
		},
		"reload_tactical": {
			"loop": "hold_on_last_frame",
			"animation_length": 4.3542,
			"bones": {
				"leftHand": {
					"rotation": {
						"0.0": [90, 0, 0],
						"0.0833": [90, 0, 0],
						"0.3542": [89.37423, 5.32405, 37.49277],
						"0.4167": [90.7774, 5.30402, 52.55782],
						"0.5833": [90.88162, 5.27739, 53.69898],
						"0.6458": [90.4757, 5.32456, 49.31085],
						"2.9583": [90.4757, 5.32456, 49.31085],
						"3.0833": [91.19332, 5.18854, 57.18889],
						"3.125": [91.73038, 5.03533, 63.21091],
						"3.1875": [91.73038, 5.03533, 63.21091],
						"3.2917": [89.37, 5.32, 37.49],
						"3.3542": [89.88903, 3.68671, 27.65934],
						"3.4583": [88.75216, 2.37034, -2.2735],
						"3.6458": [90, 0, 0]
					},
					"position": {
						"0.0": [16, -20, 3],
						"0.0833": [16, -20, 3],
						"0.3542": [6, -20, -3],
						"0.4167": [5.8125, -19.6875, -2.625],
						"3.0833": [5.5525, -19.7925, -2.97],
						"3.125": [5.55, -19.29, -2.97],
						"3.1875": [5.55, -19.29, -2.97],
						"3.2917": [6, -20, -3],
						"3.3542": [7.19, -20.9425, -1.2],
						"3.4583": [12.5625, -23.125, 0],
						"3.6458": [16, -20, 3]
					},
					"scale": [1, 1.5, 1]
				},
				"rightHand": {
					"rotation": {
						"0.0": [89.98307, 7.35911, -175.14826],
						"0.0625": [89.98307, 7.35911, -175.14826],
						"0.3333": [89.98, 7.36, -175.15],
						"3.375": [89.98, 7.36, -175.15],
						"3.5": [89.98307, 7.35911, -175.14826]
					},
					"position": {
						"0.0": [-6.725, -16.3, -7.025],
						"0.0625": [-6.725, -16.3, -7.025],
						"0.3333": [-7.2825, -16.3, -5.9575],
						"3.375": [-7.2825, -16.3, -5.9575],
						"3.5": [-6.725, -16.3, -7.025]
					},
					"scale": [1, 1.5, 1]
				},
				"root": {
					"rotation": {
						"0.0": {
							"post": [0, 0, 0],
							"lerp_mode": "catmullrom"
						},
						"0.1042": {
							"post": [0.03689, -2.22497, -7.1866],
							"lerp_mode": "catmullrom"
						},
						"0.2292": {
							"post": [-16.30742, -5.88935, -16.51555],
							"lerp_mode": "catmullrom"
						},
						"0.3542": {
							"post": [-23.54125, -9.36151, -23.11598],
							"lerp_mode": "catmullrom"
						},
						"0.5": {
							"post": [-24.13399, -8.38337, -19.65468],
							"lerp_mode": "catmullrom"
						},
						"0.6875": {
							"post": [-26.55592, -9.58042, -16.32004],
							"lerp_mode": "catmullrom"
						},
						"0.7708": {
							"post": [-24.68628, -12.8518, -12.58738],
							"lerp_mode": "catmullrom"
						},
						"0.8333": {
							"post": [-25.0325, -6.92409, -15.88899],
							"lerp_mode": "catmullrom"
						},
						"0.8958": {
							"post": [-27.88007, -3.66569, -3.64516],
							"lerp_mode": "catmullrom"
						},
						"1.0": {
							"post": [-25.34574, -6.10436, -4.72419],
							"lerp_mode": "catmullrom"
						},
						"1.2292": {
							"post": [-26.15637, -10.07934, -21.75325],
							"lerp_mode": "catmullrom"
						},
						"1.375": {
							"post": [-24.73517, -8.52039, -17.88403],
							"lerp_mode": "catmullrom"
						},
						"1.5417": {
							"post": [-23.51039, -4.28678, -6.70088],
							"lerp_mode": "catmullrom"
						},
						"1.8125": {
							"post": [-23.99237, -4.12402, 0.93284],
							"lerp_mode": "catmullrom"
						},
						"2.0625": {
							"post": [-22.09138, -3.7059, 1.84634],
							"lerp_mode": "catmullrom"
						},
						"2.2708": {
							"post": [-22.09138, -3.7059, 1.84634],
							"lerp_mode": "catmullrom"
						},
						"2.4583": {
							"post": [-22.48009, -5.44253, 8.02829],
							"lerp_mode": "catmullrom"
						},
						"2.625": {
							"post": [-22.17649, -10.76199, -10.51083],
							"lerp_mode": "catmullrom"
						},
						"2.7708": {
							"post": [-23.92929, -18.56715, -21.6069],
							"lerp_mode": "catmullrom"
						},
						"2.8958": {
							"post": [-22.01133, -25.01074, -39.64911],
							"lerp_mode": "catmullrom"
						},
						"3.0": {
							"post": [-12.97701, -26.38195, -51.15681],
							"lerp_mode": "catmullrom"
						},
						"3.0833": {
							"post": [-23.4392, -16.70484, -15.14238],
							"lerp_mode": "catmullrom"
						},
						"3.1667": {
							"post": [-19.31375, -12.68446, -18.64272],
							"lerp_mode": "catmullrom"
						},
						"3.25": {
							"post": [-18.2051, -14.03557, -19.15064],
							"lerp_mode": "catmullrom"
						},
						"3.375": {
							"post": [-9.98401, 0.53046, -12.0887],
							"lerp_mode": "catmullrom"
						},
						"3.5625": {
							"post": [-1.0223, -1.09632, 2.39909],
							"lerp_mode": "catmullrom"
						},
						"3.7083": {
							"post": [-1.03823, -0.64983, 1.3],
							"lerp_mode": "catmullrom"
						},
						"3.8125": {
							"post": [0, 0, -0.5],
							"lerp_mode": "catmullrom"
						},
						"3.9375": {
							"post": [0, 0, -0.3],
							"lerp_mode": "catmullrom"
						},
						"4.1042": {
							"post": [0.02, 0, -0.1],
							"lerp_mode": "catmullrom"
						},
						"4.25": {
							"post": [0, 0, 0],
							"lerp_mode": "catmullrom"
						},
						"4.3542": {
							"post": [0, 0, 0],
							"lerp_mode": "catmullrom"
						}
					},
					"position": {
						"0.0": {
							"post": [0, 0, 0],
							"lerp_mode": "catmullrom"
						},
						"0.1042": {
							"post": [-0.19, 0.61, 0.0275],
							"lerp_mode": "catmullrom"
						},
						"0.2292": {
							"post": [-0.49, 1.7475, -1.1875],
							"lerp_mode": "catmullrom"
						},
						"0.3542": {
							"post": [-0.8775, 2.8175, -1.875],
							"lerp_mode": "catmullrom"
						},
						"0.6875": {
							"post": [-0.88, 2.82, -1.8725],
							"lerp_mode": "catmullrom"
						},
						"0.7708": {
							"post": [-0.5675, 2.07, -1.81],
							"lerp_mode": "catmullrom"
						},
						"0.8333": {
							"post": [-0.18, 1.85, -1.78],
							"lerp_mode": "catmullrom"
						},
						"0.8958": {
							"post": [0.055, 1.3225, -1.75],
							"lerp_mode": "catmullrom"
						},
						"1.0": {
							"post": [-0.0575, 1.1925, -1.75],
							"lerp_mode": "catmullrom"
						},
						"1.2292": {
							"post": [-0.245, 1.255, -1.75],
							"lerp_mode": "catmullrom"
						},
						"1.375": {
							"post": [-0.8425, 1.6625, -1.75],
							"lerp_mode": "catmullrom"
						},
						"1.5417": {
							"post": [-1.3825, 1.45, -1.75],
							"lerp_mode": "catmullrom"
						},
						"1.8125": {
							"post": [-1.6925, 1.1375, -1.75],
							"lerp_mode": "catmullrom"
						},
						"2.0625": {
							"post": [-1.505, 1.2025, -1.75],
							"lerp_mode": "catmullrom"
						},
						"2.2708": {
							"post": [-1.38, 1.2025, -1.75],
							"lerp_mode": "catmullrom"
						},
						"2.4583": {
							"post": [-1.255, 1.1375, -1.75],
							"lerp_mode": "catmullrom"
						},
						"2.625": {
							"post": [-1.0625, 2.3275, -1.75],
							"lerp_mode": "catmullrom"
						},
						"2.7708": {
							"post": [-1.935, 2.98, -1.75],
							"lerp_mode": "catmullrom"
						},
						"2.8958": {
							"post": [-2.435, 3.3925, -1.75],
							"lerp_mode": "catmullrom"
						},
						"3.0": {
							"post": [-2.5, 3.705, -1.75],
							"lerp_mode": "catmullrom"
						},
						"3.0833": {
							"post": [-2.675, 4, -1.75],
							"lerp_mode": "catmullrom"
						},
						"3.1667": {
							"post": [-2.6825, 3.895, -1.75],
							"lerp_mode": "catmullrom"
						},
						"3.25": {
							"post": [-2.5, 3.3325, -1.75],
							"lerp_mode": "catmullrom"
						},
						"3.4375": {
							"post": [-0.25, 0.6875, 0],
							"lerp_mode": "catmullrom"
						},
						"3.5417": {
							"post": [0.05, 0.0225, 0.17],
							"lerp_mode": "catmullrom"
						},
						"3.6875": {
							"post": [0.0825, 0.0975, 0.1],
							"lerp_mode": "catmullrom"
						},
						"3.9375": {
							"post": [0, 0.0625, 0.0625],
							"lerp_mode": "catmullrom"
						},
						"4.1042": {
							"post": [-0.01, -0.01, -0.01],
							"lerp_mode": "catmullrom"
						},
						"4.25": {
							"post": [0, 0, 0],
							"lerp_mode": "catmullrom"
						},
						"4.3542": {
							"post": [0, 0, 0],
							"lerp_mode": "catmullrom"
						}
					}
				},
				"lefthand_and_ammo": {
					"rotation": {
						"0.0": [0, 0, 0],
						"0.25": {
							"pre": [0, 0, 0],
							"post": [0, 0, 0],
							"lerp_mode": "catmullrom"
						},
						"0.3542": {
							"post": [0, 0, 0],
							"lerp_mode": "catmullrom"
						},
						"0.7083": {
							"post": [0, 0, 0],
							"lerp_mode": "catmullrom"
						},
						"0.7708": {
							"post": [0, 0, 0],
							"lerp_mode": "catmullrom"
						},
						"0.8542": {
							"post": [0, 0, -8],
							"lerp_mode": "catmullrom"
						},
						"1.0": {
							"post": [0.19083, 0.98163, -18.19837],
							"lerp_mode": "catmullrom"
						},
						"1.1458": {
							"post": [-0.10479, 2.99817, -45.00274],
							"lerp_mode": "catmullrom"
						},
						"1.3333": {
							"post": [5.41759, -2.02909, -35.02561],
							"lerp_mode": "catmullrom"
						},
						"1.4583": {
							"post": [-3.22757, 9.3521, -12.92795],
							"lerp_mode": "catmullrom"
						},
						"1.5417": {
							"post": [-3.23, 9.35, -12.93],
							"lerp_mode": "catmullrom"
						},
						"2.1875": [-9.70579, 1.89599, -72.82678],
						"2.3125": [-4.93068, 0.53614, -70.63715],
						"2.4583": [1.15464, 9.76666, -6.57442],
						"2.6458": [0.36127, 15.74338, -16.73387],
						"2.875": [0, 0, -3],
						"2.9792": [0, 0, -3],
						"3.0833": [0, 0, 0]
					},
					"position": {
						"0.0": [0, 0, 0],
						"0.25": {
							"pre": [0, 0, 0],
							"post": [0, 0, 0],
							"lerp_mode": "catmullrom"
						},
						"0.3542": {
							"post": [0, 0, 0],
							"lerp_mode": "catmullrom"
						},
						"0.7083": {
							"post": [0, -0.6875, 0],
							"lerp_mode": "catmullrom"
						},
						"0.7708": {
							"post": [0, -5, 3.5],
							"lerp_mode": "catmullrom"
						},
						"0.8542": {
							"post": [0.9375, -6.0625, 3.5],
							"lerp_mode": "catmullrom"
						},
						"1.0": {
							"post": [6.465, -4.34, 0.12],
							"lerp_mode": "catmullrom"
						},
						"1.1458": {
							"post": [8.69, -1.935, -2.125],
							"lerp_mode": "catmullrom"
						},
						"1.3333": {
							"post": [8.5025, -1.935, 1.6875],
							"lerp_mode": "catmullrom"
						},
						"1.4583": {
							"post": [7.0025, -8.555, 2.38],
							"lerp_mode": "catmullrom"
						},
						"1.5417": {
							"post": [7, -12.2375, 2.38],
							"lerp_mode": "catmullrom"
						},
						"2.1875": [7, -12.24, -2.12],
						"2.3125": [8.3125, -2.9275, -2.12],
						"2.4583": [8.06, -2.7425, -2.12],
						"2.6458": [5.06, -5.99, -2.12],
						"2.875": [0.4375, -5.6875, 3.5],
						"2.9792": [0.315, -5.69, 3.6875],
						"3.0833": [0, 0, 0]
					}
				},
				"camera": {
					"rotation": {
						"0.0": {
							"post": [0, 0, 0],
							"lerp_mode": "catmullrom"
						},
						"0.1667": {
							"post": [-0.25, 0, 0],
							"lerp_mode": "catmullrom"
						},
						"0.2708": {
							"post": [-0.67, 0.5, 0],
							"lerp_mode": "catmullrom"
						},
						"0.375": {
							"post": [-0.6875, 0.875, -0.3125],
							"lerp_mode": "catmullrom"
						},
						"0.6042": {
							"post": [-0.72, 0.9375, -0.31],
							"lerp_mode": "catmullrom"
						},
						"0.7708": {
							"post": [-0.7125, 1, -0.4375],
							"lerp_mode": "catmullrom"
						},
						"0.875": {
							"post": [-0.42, 1, 0.6875],
							"lerp_mode": "catmullrom"
						},
						"0.9375": {
							"post": [-0.36, 1, -0.415],
							"lerp_mode": "catmullrom"
						},
						"0.9792": {
							"post": [-0.315, 1, -0.125],
							"lerp_mode": "catmullrom"
						},
						"1.1458": {
							"post": [0.0025, 0, 0],
							"lerp_mode": "catmullrom"
						},
						"1.2292": {
							"post": [0.6275, -1.1875, 0.1875],
							"lerp_mode": "catmullrom"
						},
						"1.3333": {
							"post": [1.3875, -1.5, 0.125],
							"lerp_mode": "catmullrom"
						},
						"1.4375": {
							"post": [1.9375, -1.1875, -0.375],
							"lerp_mode": "catmullrom"
						},
						"1.7083": {
							"post": [2.065, 0, -0.6875],
							"lerp_mode": "catmullrom"
						},
						"1.8333": {
							"post": [2, 0.33, -0.71],
							"lerp_mode": "catmullrom"
						},
						"1.9792": {
							"post": [1.9, 0.3125, -0.67],
							"lerp_mode": "catmullrom"
						},
						"2.0833": {
							"post": [1.82, 0, -0.5625],
							"lerp_mode": "catmullrom"
						},
						"2.2083": {
							"post": [1.57, 0, -0.375],
							"lerp_mode": "catmullrom"
						},
						"2.3333": {
							"post": [0.195, -0.25, 0.1875],
							"lerp_mode": "catmullrom"
						},
						"2.5": {
							"post": [-0.4875, -0.1875, 0.3125],
							"lerp_mode": "catmullrom"
						},
						"2.8125": {
							"post": [-1.6775, 0.4375, 0],
							"lerp_mode": "catmullrom"
						},
						"3.0": {
							"post": [-1.96, 0.75, -0.01],
							"lerp_mode": "catmullrom"
						},
						"3.0625": {
							"post": [-2.03, 0.75, 0.615],
							"lerp_mode": "catmullrom"
						},
						"3.125": {
							"post": [-1.805, 0.75, -0.8125],
							"lerp_mode": "catmullrom"
						},
						"3.25": {
							"post": [-1.02, 0.75, 0.2025],
							"lerp_mode": "catmullrom"
						},
						"3.4375": {
							"post": [0.2625, 0.4375, 0],
							"lerp_mode": "catmullrom"
						},
						"3.6042": {
							"post": [0.51, -0.25, -0.125],
							"lerp_mode": "catmullrom"
						},
						"3.7708": {
							"post": [0.01, 0.0625, 0.0625],
							"lerp_mode": "catmullrom"
						},
						"3.9792": {
							"post": [-0.0525, 0, 0],
							"lerp_mode": "catmullrom"
						},
						"4.1667": {
							"post": [-0.01, 0, 0],
							"lerp_mode": "catmullrom"
						},
						"4.3542": {
							"post": [0, 0, 0],
							"lerp_mode": "catmullrom"
						}
					}
				},
				"constraint": {
					"rotation": [0.1, 0.1, 0.1],
					"position": [0.1, 0.1, 0.1]
				},
				"mag": {
					"rotation": {
						"0.0": [0, 0, 0],
						"0.8333": [0, 0, 0],
						"0.9792": [-57, 0, -116],
						"1.1458": [-80.80467, -6.63681, -118.20586],
						"1.9375": [-80.8, -6.64, -118.21],
						"2.2708": [-22.47618, -17.35936, -59.85696],
						"2.5417": [0, 0, 0]
					},
					"position": {
						"0.0": [0, 0, 0],
						"0.8333": [0, 0, 0],
						"0.9792": [0, 0, 0],
						"1.1458": [0.0675, 0.005, -0.6225],
						"1.9375": [0.07, 0.01, -0.62],
						"2.2708": [0.07, -0.6775, -0.37],
						"2.5417": [0, 0, 0]
					}
				}
			},
			"sound_effects": {
				"0.3125": {
					"effect": "hamster:m1879revolver/m1879revolver_draw"
				},
				"0.7083": {
					"effect": "hamster:p08/p08_mag_1"
				},
				"2.1042": {
					"effect": "hamster:p08/p08_handling"
				},
				"2.9167": {
					"effect": "hamster:p08/p08_mag"
				},
				"3.4792": {
					"effect": "hamster:m1879revolver/m1879revolver_draw_2"
				}
			}
		},
		"inspect": {
			"animation_length": 8.9583,
			"bones": {
				"leftHand": {
					"rotation": {
						"0.0": [90, 0, 0],
						"5.1875": [90, 0, 0],
						"5.5208": [61.51399, 19.719, -59.57474],
						"5.6875": [61.51399, 19.719, -59.57474],
						"5.7917": [61.87, 16.7, -58.43],
						"5.9167": [58.79566, 7.74757, -54.24585],
						"6.0833": [60.09398, 3.8685, -51.91291],
						"7.4583": [60.09398, 3.8685, -51.91291],
						"7.5625": [63.10943, 2.02811, -46.65649],
						"7.7083": [63.10943, 2.02811, -46.65649],
						"7.9375": [90, 0, 0]
					},
					"position": {
						"0.0": [16, -20, 3],
						"5.1875": [16, -20, 3],
						"5.5208": [5.75, -11.75, -2.6875],
						"5.6875": [5.75, -11.75, -2.6875],
						"5.7917": [5.75, -11.58, -2.695],
						"5.9167": [5.75, -11.375, -2.4375],
						"6.0833": [5.505, -10.6825, -2.2175],
						"7.4583": [5.505, -10.6825, -2.2175],
						"7.5625": [5.9225, -10.8325, 2.1025],
						"7.7083": [5.9225, -15.77, -0.0225],
						"7.9375": [16, -20, 3]
					},
					"scale": {
						"0.0": [1, 1.5, 1],
						"2.5208": [0, 0, 0],
						"5.2917": {"pre": [0, 0, 0], "post": [1, 1.5, 1]}
					}
				},
				"rightHand": {
					"rotation": {
						"0.0": [89.98307, 7.35911, -175.14826],
						"0.125": [89.98307, 7.35911, -175.14826],
						"0.3958": [89.98, 7.36, -175.15],
						"7.8958": [89.98, 7.36, -175.15],
						"8.0625": [89.98307, 7.35911, -175.14826]
					},
					"position": {
						"0.0": [-6.725, -16.3, -7.025],
						"0.125": [-6.725, -16.3, -7.025],
						"0.3958": [-7.2825, -16.3, -5.9575],
						"7.8958": [-7.28, -16.3, -5.96],
						"8.0625": [-6.725, -16.3, -7.025]
					},
					"scale": [1, 1.5, 1]
				},
				"root": {
					"relative_to": {
						"rotation": "entity"
					},
					"rotation": {
						"0.0": {
							"post": [0, 0, 0],
							"lerp_mode": "catmullrom"
						},
						"0.2292": {
							"post": [-0.26215, -14.12797, 2.78959],
							"lerp_mode": "catmullrom"
						},
						"0.4375": {
							"post": [-10.06829, -53.05723, -8.91638],
							"lerp_mode": "catmullrom"
						},
						"0.6458": {
							"post": [-11.06892, -54.87425, -11.51681],
							"lerp_mode": "catmullrom"
						},
						"0.9583": {
							"post": [-10.06829, -53.05723, -8.91638],
							"lerp_mode": "catmullrom"
						},
						"1.375": {
							"post": [-9.83371, -54.04748, -8.10508],
							"lerp_mode": "catmullrom"
						},
						"1.6667": {
							"post": [-8.14653, -46.84307, -5.38279],
							"lerp_mode": "catmullrom"
						},
						"1.8333": {
							"post": [-12.93722, -37.2133, 7.81853],
							"lerp_mode": "catmullrom"
						},
						"1.9375": {
							"post": [-14.89, -24.4, 2.36],
							"lerp_mode": "catmullrom"
						},
						"2.0417": {
							"post": [-16.12972, -19.61867, 11.19447],
							"lerp_mode": "catmullrom"
						},
						"2.1458": {
							"post": [-18.59506, -22.12198, 20.99324],
							"lerp_mode": "catmullrom"
						},
						"2.3542": {
							"post": [-20.26629, -20.51698, 19.61839],
							"lerp_mode": "catmullrom"
						},
						"2.5833": {
							"post": [-19.99482, -19.51453, 20.34109],
							"lerp_mode": "catmullrom"
						},
						"3.0": {
							"post": [-20.27, -20.52, 19.62],
							"lerp_mode": "catmullrom"
						},
						"3.1458": {
							"post": [-20.8881, -13.1058, 25.40138],
							"lerp_mode": "catmullrom"
						},
						"3.4583": {
							"post": [-23.42148, 17.69999, 61.58746],
							"lerp_mode": "catmullrom"
						},
						"3.6667": {
							"post": [-23.82676, 22.35919, 66.43644],
							"lerp_mode": "catmullrom"
						},
						"3.9583": {
							"post": [-22.97, 20.52, 63.75],
							"lerp_mode": "catmullrom"
						},
						"4.1875": {
							"post": [-19.66499, 25.36419, 61.95945],
							"lerp_mode": "catmullrom"
						},
						"4.4583": {
							"post": [-10.35517, 26.44548, 64.82445],
							"lerp_mode": "catmullrom"
						},
						"4.9792": {
							"post": [-10.36, 26.45, 64.82],
							"lerp_mode": "catmullrom"
						},
						"5.1667": {
							"post": [-24.55345, 28.8091, 31.59403],
							"lerp_mode": "catmullrom"
						},
						"5.375": {
							"post": [-44.18168, 8.12018, 8.46037],
							"lerp_mode": "catmullrom"
						},
						"5.5833": {
							"post": [-38.19993, 7.19528, 11.25821],
							"lerp_mode": "catmullrom"
						},
						"5.7708": {
							"post": [-39.1889, 7.38944, 11.13267],
							"lerp_mode": "catmullrom"
						},
						"5.9792": {
							"post": [-65.62031, 9.05351, -1.9165],
							"lerp_mode": "catmullrom"
						},
						"6.1875": {
							"post": [-63.02188, 9.28679, 5.05996],
							"lerp_mode": "catmullrom"
						},
						"6.4167": {
							"post": [-62.33629, 9.37942, 2.93198],
							"lerp_mode": "catmullrom"
						},
						"6.5833": {
							"post": [-62.33629, 9.37942, 2.93198],
							"lerp_mode": "catmullrom"
						},
						"6.9583": {
							"post": [-62.18086, 9.75515, 3.79946],
							"lerp_mode": "catmullrom"
						},
						"7.25": {
							"post": [-68.16724, 12.05453, 0.40333],
							"lerp_mode": "catmullrom"
						},
						"7.4792": {
							"post": [-58.22269, 9.1167, 6.94146],
							"lerp_mode": "catmullrom"
						},
						"7.5417": {
							"post": [-48.8675, 1.4, -1.735],
							"lerp_mode": "catmullrom"
						},
						"7.6042": {
							"post": [-51.23, -1.5825, -3.19],
							"lerp_mode": "catmullrom"
						},
						"7.7083": {
							"post": [-36.17688, -2.52043, -3.39045],
							"lerp_mode": "catmullrom"
						},
						"7.8542": {
							"post": [-9.98401, 0.53046, -12.0887],
							"lerp_mode": "catmullrom"
						},
						"8.0417": {
							"post": [-1.0223, -1.09632, 2.39909],
							"lerp_mode": "catmullrom"
						},
						"8.1875": {
							"post": [-1.03823, -0.64983, 1.3],
							"lerp_mode": "catmullrom"
						},
						"8.2917": {
							"post": [0, 0, -0.5],
							"lerp_mode": "catmullrom"
						},
						"8.4167": {
							"post": [0, 0, -0.3],
							"lerp_mode": "catmullrom"
						},
						"8.5833": {
							"post": [0.02, 0, -0.1],
							"lerp_mode": "catmullrom"
						},
						"8.7292": {
							"post": [0, 0, 0],
							"lerp_mode": "catmullrom"
						},
						"8.8333": {
							"post": [0, 0, 0],
							"lerp_mode": "catmullrom"
						}
					},
					"position": {
						"0.0": {
							"post": [0, 0, 0],
							"lerp_mode": "catmullrom"
						},
						"0.2292": {
							"post": [0.25, -0.375, 0],
							"lerp_mode": "catmullrom"
						},
						"0.4375": {
							"post": [2.6275, 1.06, 0.1875],
							"lerp_mode": "catmullrom"
						},
						"0.9583": {
							"post": [2.6275, 1.06, 0.1875],
							"lerp_mode": "catmullrom"
						},
						"1.375": {
							"post": [2.6275, 0.9975, 0.1875],
							"lerp_mode": "catmullrom"
						},
						"1.6667": {
							"post": [2.3775, 1.06, 0.1875],
							"lerp_mode": "catmullrom"
						},
						"1.9375": {
							"post": [0.31, 0.89, 0.19],
							"lerp_mode": "catmullrom"
						},
						"2.1458": {
							"post": [0.5, 0.56, 0.19],
							"lerp_mode": "catmullrom"
						},
						"2.3542": {
							"post": [0.5625, 0.435, 0.19],
							"lerp_mode": "catmullrom"
						},
						"2.5833": {
							"post": [0.57, 0.3675, 0.19],
							"lerp_mode": "catmullrom"
						},
						"3.0": {
							"post": [0.56, 0.44, 0.19],
							"lerp_mode": "catmullrom"
						},
						"3.1458": {
							"post": [0.435, 0.3775, 0.19],
							"lerp_mode": "catmullrom"
						},
						"3.4583": {
							"post": [-0.44, 0.13, 0.19],
							"lerp_mode": "catmullrom"
						},
						"3.6667": {
							"post": [-0.44, 0.13, 0.19],
							"lerp_mode": "catmullrom"
						},
						"3.9583": {
							"post": [-0.44, 0.1925, 0.1275],
							"lerp_mode": "catmullrom"
						},
						"4.1875": {
							"post": [-0.44, 0.44, -0.5575],
							"lerp_mode": "catmullrom"
						},
						"4.4583": {
							"post": [-0.44, 0.44, -0.56],
							"lerp_mode": "catmullrom"
						},
						"4.9792": {
							"post": [-0.44, 0.44, -0.56],
							"lerp_mode": "catmullrom"
						},
						"5.1667": {
							"post": [-0.44, 1.1275, -0.56],
							"lerp_mode": "catmullrom"
						},
						"5.375": {
							"post": [-1.565, 0.96, -1.9375],
							"lerp_mode": "catmullrom"
						},
						"5.5833": {
							"post": [-1.565, 0.96, -2.375],
							"lerp_mode": "catmullrom"
						},
						"5.7708": {
							"post": [-1.565, 0.96, -2.25],
							"lerp_mode": "catmullrom"
						},
						"5.9792": {
							"post": [-1.24, 0.6175, -1.22],
							"lerp_mode": "catmullrom"
						},
						"6.1875": {
							"post": [-1.09, 0.6675, -1.2],
							"lerp_mode": "catmullrom"
						},
						"6.4167": {
							"post": [-1, 0.8, -1.19],
							"lerp_mode": "catmullrom"
						},
						"6.5833": {
							"post": [-1, 0.8, -1.19],
							"lerp_mode": "catmullrom"
						},
						"6.9583": {
							"post": [-0.98, 0.7375, -1.1],
							"lerp_mode": "catmullrom"
						},
						"7.25": {
							"post": [-0.95, 0.55, -1.02],
							"lerp_mode": "catmullrom"
						},
						"7.4792": {
							"post": [-0.94, 0.8975, -1.1875],
							"lerp_mode": "catmullrom"
						},
						"7.5417": {
							"post": [-0.96, 1.6975, -3.015],
							"lerp_mode": "catmullrom"
						},
						"7.625": {
							"post": [-0.99, 0.89, -2.7925],
							"lerp_mode": "catmullrom"
						},
						"7.7083": {
							"post": [-0.94, 0.7775, -1.8075],
							"lerp_mode": "catmullrom"
						},
						"7.9167": {
							"post": [-0.25, 0.6875, 0],
							"lerp_mode": "catmullrom"
						},
						"8.0208": {
							"post": [0.05, 0.0225, 0.17],
							"lerp_mode": "catmullrom"
						},
						"8.1667": {
							"post": [0.0825, 0.0975, 0.1],
							"lerp_mode": "catmullrom"
						},
						"8.4167": {
							"post": [0, 0.0625, 0.0625],
							"lerp_mode": "catmullrom"
						},
						"8.5833": {
							"post": [-0.01, -0.01, -0.01],
							"lerp_mode": "catmullrom"
						},
						"8.7292": {
							"post": [0, 0, 0],
							"lerp_mode": "catmullrom"
						},
						"8.8333": {
							"post": [0, 0, 0],
							"lerp_mode": "catmullrom"
						}
					}
				},
				"bullet": {
					"position": {
						"0.0": [0, 0, 0],
						"3.9792": [0, 0, -2],
						"5.7708": [0, 0, -2],
						"6.0625": [0, 0, -1],
						"7.5": [0, 0, -1],
						"7.6458": [0, 0, -2]
					}
				},
				"upper": {
					"position": {
						"5.75": [0, 0, 0],
						"5.8333": [0, 0, 0.25],
						"7.5833": [0, 0, 0.25],
						"7.625": [0, 0, 0]
					}
				},
				"part3": {
					"rotation": {
						"5.8333": [0, 0, 0],
						"6.0625": [-45, 0, 0],
						"7.5": [-45, 0, 0],
						"7.5833": [0, 0, 0]
					}
				},
				"part1": {
					"position": {
						"0.0": [0, 0, 0],
						"5.8333": [0, 0, 0],
						"6.0625": [0, 0, 0.75],
						"7.5": [0, 0, 0.75],
						"7.5833": [0, 0, 0]
					}
				},
				"part2": {
					"rotation": {
						"5.8333": [0, 0, 0],
						"5.9792": [24.77, 0, 0],
						"6.0625": [35, 0, 0],
						"7.5": [35, 0, 0],
						"7.5417": [24.77, 0, 0],
						"7.5833": [0, 0, 0]
					}
				},
				"camera": {
					"rotation": {
						"0.0": {
							"post": [0, 0, 0],
							"lerp_mode": "catmullrom"
						},
						"0.1875": {
							"post": [-0.125, -0.4, 0],
							"lerp_mode": "catmullrom"
						},
						"0.3542": {
							"post": [-0.1875, -0.75, 0],
							"lerp_mode": "catmullrom"
						},
						"0.5625": {
							"post": [-0.42, -0.77, 0],
							"lerp_mode": "catmullrom"
						},
						"0.7708": {
							"post": [-0.375, -0.75, 0],
							"lerp_mode": "catmullrom"
						},
						"1.625": {
							"post": [-0.37, -0.75, 0],
							"lerp_mode": "catmullrom"
						},
						"2.0": {
							"post": [0.255, 0.0625, 0],
							"lerp_mode": "catmullrom"
						},
						"2.2917": {
							"post": [0.385, -0.0625, 0],
							"lerp_mode": "catmullrom"
						},
						"2.7292": {
							"post": [0.4525, -0.0625, 0],
							"lerp_mode": "catmullrom"
						},
						"3.2292": {
							"post": [0.45, -0.0625, 0],
							"lerp_mode": "catmullrom"
						},
						"3.5208": {
							"post": [1.3875, -0.0625, 0],
							"lerp_mode": "catmullrom"
						},
						"3.8125": {
							"post": [4.5775, -0.0625, 0],
							"lerp_mode": "catmullrom"
						},
						"4.0833": {
							"post": [5.1425, -0.0625, 0],
							"lerp_mode": "catmullrom"
						},
						"4.3125": {
							"post": [5.2025, -0.0625, 0],
							"lerp_mode": "catmullrom"
						},
						"4.5833": {
							"post": [5.2625, -0.0625, 0],
							"lerp_mode": "catmullrom"
						},
						"4.8542": {
							"post": [4.2675, -0.0625, 0],
							"lerp_mode": "catmullrom"
						},
						"5.1875": {
							"post": [-0.9825, -0.0625, 0],
							"lerp_mode": "catmullrom"
						},
						"5.4792": {
							"post": [-1.73, -0.0625, 0],
							"lerp_mode": "catmullrom"
						},
						"5.8542": {
							"post": [-1.73, -0.0625, 0],
							"lerp_mode": "catmullrom"
						},
						"6.0625": {
							"post": [-0.73, -0.0625, 0],
							"lerp_mode": "catmullrom"
						},
						"6.2917": {
							"post": [-0.48, -0.0625, 0],
							"lerp_mode": "catmullrom"
						},
						"6.5625": {
							"post": [-0.73, -0.0625, 0],
							"lerp_mode": "catmullrom"
						},
						"7.0417": {
							"post": [-0.73, -0.0625, 0],
							"lerp_mode": "catmullrom"
						},
						"7.5": {
							"post": [-0.73, -0.0625, -0.1875],
							"lerp_mode": "catmullrom"
						},
						"7.5625": {
							"post": [-0.33, -0.06, -1],
							"lerp_mode": "catmullrom"
						},
						"7.625": {
							"post": [0.02, -0.0625, 0.25],
							"lerp_mode": "catmullrom"
						},
						"7.8125": {
							"post": [-0.355, -0.0625, 0],
							"lerp_mode": "catmullrom"
						},
						"8.0625": {
							"post": [-0.1, -0.0625, -0.125],
							"lerp_mode": "catmullrom"
						},
						"8.3125": {
							"post": [0, 0, 0],
							"lerp_mode": "catmullrom"
						},
						"8.6667": {
							"post": [0, 0, 0],
							"lerp_mode": "catmullrom"
						}
					}
				},
				"constraint": {
					"rotation": [0.1, 0.1, 0.1],
					"position": [0.1, 0.1, 0.1]
				}
			},
			"sound_effects": {
				"0.7292": {
					"effect": "hamster:m1879revolver/m1879revolver_draw_1"
				},
				"3.0833": {
					"effect": "hamster:m1879revolver/m1879revolver_draw"
				},
				"5.5": {
					"effect": "hamster:p08/p08_bolt_1"
				},
				"7.4792": {
					"effect": "hamster:p08/p08_bolt_3"
				},
				"8.1458": {
					"effect": "hamster:m1879revolver/m1879revolver_draw_2"
				}
			}
		},
		"inspect_empty": {
			"animation_length": 8.1458,
			"bones": {
				"leftHand": {
					"rotation": [90, 0, 0],
					"position": [16, -20, 3],
					"scale": {
						"0.0": [1, 1.5, 1],
						"2.5208": [0, 0, 0]
					}
				},
				"rightHand": {
					"rotation": {
						"0.0": [89.98307, 7.35911, -175.14826],
						"0.125": [89.98307, 7.35911, -175.14826],
						"0.3958": [89.98, 7.36, -175.15],
						"5.1875": [89.98, 7.36, -175.15],
						"5.4167": [112.30379, -1.42056, -182.34601],
						"6.6042": [112.30379, -1.42056, -182.34601],
						"6.7708": [89.98307, 7.35911, -175.14826]
					},
					"position": {
						"0.0": [-6.725, -16.3, -7.025],
						"0.125": [-6.725, -16.3, -7.025],
						"0.3958": [-7.2825, -16.3, -5.9575],
						"5.1875": [-7.28, -16.3, -5.96],
						"5.4167": [-6.7175, -16.3, -5.96],
						"6.6042": [-6.7175, -16.3, -5.96],
						"6.7708": [-6.725, -16.3, -7.025]
					},
					"scale": [1, 1.5, 1]
				},
				"root": {
					"relative_to": {
						"rotation": "entity"
					},
					"rotation": {
						"0.0": {
							"post": [0, 0, 0],
							"lerp_mode": "catmullrom"
						},
						"0.2292": {
							"post": [-0.26215, -14.12797, 2.78959],
							"lerp_mode": "catmullrom"
						},
						"0.4375": {
							"post": [-10.06829, -53.05723, -8.91638],
							"lerp_mode": "catmullrom"
						},
						"0.6458": {
							"post": [-11.06892, -54.87425, -11.51681],
							"lerp_mode": "catmullrom"
						},
						"0.9583": {
							"post": [-10.06829, -53.05723, -8.91638],
							"lerp_mode": "catmullrom"
						},
						"1.375": {
							"post": [-9.83371, -54.04748, -8.10508],
							"lerp_mode": "catmullrom"
						},
						"1.6667": {
							"post": [-8.14653, -46.84307, -5.38279],
							"lerp_mode": "catmullrom"
						},
						"1.8333": {
							"post": [-12.93722, -37.2133, 7.81853],
							"lerp_mode": "catmullrom"
						},
						"1.9375": {
							"post": [-14.89, -24.4, 2.36],
							"lerp_mode": "catmullrom"
						},
						"2.0417": {
							"post": [-16.12972, -19.61867, 11.19447],
							"lerp_mode": "catmullrom"
						},
						"2.1458": {
							"post": [-18.59506, -22.12198, 20.99324],
							"lerp_mode": "catmullrom"
						},
						"2.3542": {
							"post": [-20.26629, -20.51698, 19.61839],
							"lerp_mode": "catmullrom"
						},
						"2.5833": {
							"post": [-19.99482, -19.51453, 20.34109],
							"lerp_mode": "catmullrom"
						},
						"3.0": {
							"post": [-20.27, -20.52, 19.62],
							"lerp_mode": "catmullrom"
						},
						"3.1458": {
							"post": [-20.8881, -13.1058, 25.40138],
							"lerp_mode": "catmullrom"
						},
						"3.4583": {
							"post": [-23.42148, 17.69999, 61.58746],
							"lerp_mode": "catmullrom"
						},
						"3.6667": {
							"post": [-23.82676, 22.35919, 66.43644],
							"lerp_mode": "catmullrom"
						},
						"3.9583": {
							"post": [-22.97, 20.52, 63.75],
							"lerp_mode": "catmullrom"
						},
						"4.1875": {
							"post": [-19.66499, 25.36419, 61.95945],
							"lerp_mode": "catmullrom"
						},
						"4.4583": {
							"post": [-10.35517, 26.44548, 64.82445],
							"lerp_mode": "catmullrom"
						},
						"4.9792": {
							"post": [-10.36, 26.45, 64.82],
							"lerp_mode": "catmullrom"
						},
						"5.1667": {
							"post": [-24.55345, 28.8091, 31.59403],
							"lerp_mode": "catmullrom"
						},
						"5.2917": {
							"post": [-39.31376, 10.55826, 9.86852],
							"lerp_mode": "catmullrom"
						},
						"5.4375": {
							"post": [-56.76426, 7.03738, 15.29827],
							"lerp_mode": "catmullrom"
						},
						"5.6875": {
							"post": [-61.3077, 6.46255, 1.70408],
							"lerp_mode": "catmullrom"
						},
						"6.0208": {
							"post": [-62.26448, 4.43955, -1.40428],
							"lerp_mode": "catmullrom"
						},
						"6.5": {
							"post": [-62.31406, 6.43126, -1.41022],
							"lerp_mode": "catmullrom"
						},
						"6.7083": {
							"post": [-23.77971, -0.95337, 9.88256],
							"lerp_mode": "catmullrom"
						},
						"6.875": {
							"post": [-1.0223, -1.09632, 2.39909],
							"lerp_mode": "catmullrom"
						},
						"7.0208": {
							"post": [-1.03823, -0.64983, 1.3],
							"lerp_mode": "catmullrom"
						},
						"7.125": {
							"post": [0, 0, -0.5],
							"lerp_mode": "catmullrom"
						},
						"7.25": {
							"post": [0, 0, -0.3],
							"lerp_mode": "catmullrom"
						},
						"7.4167": {
							"post": [0.02, 0, -0.1],
							"lerp_mode": "catmullrom"
						},
						"7.5625": {
							"post": [0, 0, 0],
							"lerp_mode": "catmullrom"
						},
						"7.6667": {
							"post": [0, 0, 0],
							"lerp_mode": "catmullrom"
						}
					},
					"position": {
						"0.0": {
							"post": [0, 0, 0],
							"lerp_mode": "catmullrom"
						},
						"0.2292": {
							"post": [0.25, -0.375, 0],
							"lerp_mode": "catmullrom"
						},
						"0.4375": {
							"post": [2.6275, 1.06, 0.1875],
							"lerp_mode": "catmullrom"
						},
						"0.9583": {
							"post": [2.6275, 1.06, 0.1875],
							"lerp_mode": "catmullrom"
						},
						"1.375": {
							"post": [2.6275, 0.9975, 0.1875],
							"lerp_mode": "catmullrom"
						},
						"1.6667": {
							"post": [2.3775, 1.06, 0.1875],
							"lerp_mode": "catmullrom"
						},
						"1.9375": {
							"post": [0.31, 0.89, 0.19],
							"lerp_mode": "catmullrom"
						},
						"2.1458": {
							"post": [0.5, 0.56, 0.19],
							"lerp_mode": "catmullrom"
						},
						"2.3542": {
							"post": [0.5625, 0.435, 0.19],
							"lerp_mode": "catmullrom"
						},
						"2.5833": {
							"post": [0.57, 0.3675, 0.19],
							"lerp_mode": "catmullrom"
						},
						"3.0": {
							"post": [0.56, 0.44, 0.19],
							"lerp_mode": "catmullrom"
						},
						"3.1458": {
							"post": [0.435, 0.3775, 0.19],
							"lerp_mode": "catmullrom"
						},
						"3.4583": {
							"post": [-0.44, 0.13, 0.19],
							"lerp_mode": "catmullrom"
						},
						"3.6667": {
							"post": [-0.44, 0.13, 0.19],
							"lerp_mode": "catmullrom"
						},
						"3.9583": {
							"post": [-0.44, 0.1925, 0.1275],
							"lerp_mode": "catmullrom"
						},
						"4.1875": {
							"post": [-0.44, 0.44, -0.5575],
							"lerp_mode": "catmullrom"
						},
						"4.4583": {
							"post": [-0.44, 0.44, -0.56],
							"lerp_mode": "catmullrom"
						},
						"4.9792": {
							"post": [-0.44, 0.44, -0.56],
							"lerp_mode": "catmullrom"
						},
						"5.1667": {
							"post": [-0.44, 1.1275, -0.56],
							"lerp_mode": "catmullrom"
						},
						"5.4375": {
							"post": [-0.19, 0.755, -0.56],
							"lerp_mode": "catmullrom"
						},
						"5.6875": {
							"post": [-0.07, 1.125, -0.56],
							"lerp_mode": "catmullrom"
						},
						"6.0208": {
							"post": [-0.07, 1.255, -0.56],
							"lerp_mode": "catmullrom"
						},
						"6.5": {
							"post": [-0.1325, 1.3125, -0.56],
							"lerp_mode": "catmullrom"
						},
						"6.7083": {
							"post": [-0.2375, 0.67, -1.2525],
							"lerp_mode": "catmullrom"
						},
						"6.8542": {
							"post": [0.05, 0.0225, 0.17],
							"lerp_mode": "catmullrom"
						},
						"7.0": {
							"post": [0.0825, 0.0975, 0.1],
							"lerp_mode": "catmullrom"
						},
						"7.25": {
							"post": [0, 0.0625, 0.0625],
							"lerp_mode": "catmullrom"
						},
						"7.4167": {
							"post": [-0.01, -0.01, -0.01],
							"lerp_mode": "catmullrom"
						},
						"7.5625": {
							"post": [0, 0, 0],
							"lerp_mode": "catmullrom"
						},
						"7.6667": {
							"post": [0, 0, 0],
							"lerp_mode": "catmullrom"
						}
					}
				},
				"bullet": {
					"position": {
						"0.0": [0, 0, 0],
						"3.9792": [0, 0, -2]
					},
					"scale": 0
				},
				"upper": {
					"position": [0, 0, 0.25]
				},
				"part3": {
					"rotation": [-77.5, 0, 0]
				},
				"part1": {
					"position": [0, 0, 1.75]
				},
				"part2": {
					"rotation": [42.5, 0, 0]
				},
				"camera": {
					"rotation": {
						"0.0": {
							"post": [0, 0, 0],
							"lerp_mode": "catmullrom"
						},
						"0.1875": {
							"post": [-0.125, -0.4, 0],
							"lerp_mode": "catmullrom"
						},
						"0.3542": {
							"post": [-0.1875, -0.75, 0],
							"lerp_mode": "catmullrom"
						},
						"0.5625": {
							"post": [-0.42, -0.77, 0],
							"lerp_mode": "catmullrom"
						},
						"0.7708": {
							"post": [-0.375, -0.75, 0],
							"lerp_mode": "catmullrom"
						},
						"1.625": {
							"post": [-0.37, -0.75, 0],
							"lerp_mode": "catmullrom"
						},
						"2.0": {
							"post": [0.255, 0.0625, 0],
							"lerp_mode": "catmullrom"
						},
						"2.2917": {
							"post": [0.385, -0.0625, 0],
							"lerp_mode": "catmullrom"
						},
						"2.7292": {
							"post": [0.4525, -0.0625, 0],
							"lerp_mode": "catmullrom"
						},
						"3.2292": {
							"post": [0.45, -0.0625, 0],
							"lerp_mode": "catmullrom"
						},
						"3.5208": {
							"post": [1.3875, -0.0625, 0],
							"lerp_mode": "catmullrom"
						},
						"3.8125": {
							"post": [4.5775, -0.0625, 0],
							"lerp_mode": "catmullrom"
						},
						"4.0833": {
							"post": [5.1425, -0.0625, 0],
							"lerp_mode": "catmullrom"
						},
						"4.3125": {
							"post": [5.2025, -0.0625, 0],
							"lerp_mode": "catmullrom"
						},
						"4.5833": {
							"post": [5.2625, -0.0625, 0],
							"lerp_mode": "catmullrom"
						},
						"4.8542": {
							"post": [4.2675, -0.0625, 0],
							"lerp_mode": "catmullrom"
						},
						"5.1875": {
							"post": [-0.9825, -0.0625, 0],
							"lerp_mode": "catmullrom"
						},
						"5.4792": {
							"post": [-1.73, -0.0625, 0],
							"lerp_mode": "catmullrom"
						},
						"5.7708": {
							"post": [1.645, -0.06, -0.1875],
							"lerp_mode": "catmullrom"
						},
						"6.1042": {
							"post": [1.5475, -0.06, -0.1875],
							"lerp_mode": "catmullrom"
						},
						"6.3542": {
							"post": [-1.6675, -0.06, 0.8125],
							"lerp_mode": "catmullrom"
						},
						"6.6458": {
							"post": [-1.105, -0.06, 0.5625],
							"lerp_mode": "catmullrom"
						},
						"6.8958": {
							"post": [0.455, -0.06, -0.625],
							"lerp_mode": "catmullrom"
						},
						"7.2708": {
							"post": [-0.1725, -0.06, 0],
							"lerp_mode": "catmullrom"
						},
						"7.6042": {
							"post": [0, 0, 0],
							"lerp_mode": "catmullrom"
						}
					}
				},
				"constraint": {
					"rotation": [0.1, 0.1, 0.1],
					"position": [0.1, 0.1, 0.1]
				}
			},
			"sound_effects": {
				"0.5208": {
					"effect": "hamster:m1879revolver/m1879revolver_draw_1"
				},
				"2.0208": {
					"effect": "hamster:m1879revolver/m1879revolver_draw"
				},
				"5.2083": {
					"effect": "hamster:pistol/pistol_grab"
				},
				"6.3542": {
					"effect": "hamster:m1879revolver/m1879revolver_draw_2"
				}
			}
		}
	}
}