{
	"format_version": "1.8.0",
	"animations": {
		"static_idle": {
			"animation_length": 1.3958,
			"bones": {
				"root": {
					"rotation": [0, 0, 0],
					"position": [0, 0, 0]
				},
				"constraint": {
					"rotation": [0.1, 0.1, 0.1],
					"position": [0.1, 0.1, 0.1]
				},
				"rightHand": {
					"rotation": [94.9832, 2.35911, -175.14678],
					"position": [-6.725, -16.8, -7.025],
					"scale": [1, 1.5, 1]
				},
				"leftHand": {
					"rotation": [93.8798, -36.27327, -156.13393],
					"position": [6.75, -17.75, -9],
					"scale": [1, 1.5, 1]
				}
			}
		},
		"static_bolt_caught": {
			"animation_length": 1.0625,
			"bones": {
				"root": {
					"rotation": {
						"0.0": {
							"post": [0, 0, 0],
							"lerp_mode": "catmullrom"
						},
						"0.0208": {
							"post": [1.83177, 0.73281, -1.6854],
							"lerp_mode": "catmullrom"
						},
						"0.0417": {
							"post": [-3.2549, 3.1291, 3.8187],
							"lerp_mode": "catmullrom"
						},
						"0.0833": {
							"post": [-5.38442, 0.39076, 2.99844],
							"lerp_mode": "catmullrom"
						},
						"0.1458": {
							"post": [-1.83476, -1.06182, -1.55229],
							"lerp_mode": "catmullrom"
						},
						"0.2083": {
							"post": [0.04, 0.4242, -2.17355],
							"lerp_mode": "catmullrom"
						},
						"0.2708": {
							"post": [0.72, 0.05, -1.12],
							"lerp_mode": "catmullrom"
						},
						"0.3333": {
							"post": [0.7951, -0.899, -0.3226],
							"lerp_mode": "catmullrom"
						},
						"0.4792": {
							"post": [-0.1875, -0.6508, 0.4212],
							"lerp_mode": "catmullrom"
						},
						"0.6042": {
							"post": [0, 0, 0],
							"lerp_mode": "catmullrom"
						},
						"0.8542": {
							"post": [0, 0, 0],
							"lerp_mode": "catmullrom"
						}
					},
					"position": {
						"0.0": {
							"post": [0, 0, 0],
							"lerp_mode": "catmullrom"
						},
						"0.1042": {
							"post": [-0.0625, -0.25, 0.5625],
							"lerp_mode": "catmullrom"
						},
						"0.25": {
							"post": [0.0025, 0.11, 0.36],
							"lerp_mode": "catmullrom"
						},
						"0.375": {
							"post": [0.01, 0.08, -0.06],
							"lerp_mode": "catmullrom"
						},
						"0.5417": {
							"post": [0, 0, 0],
							"lerp_mode": "catmullrom"
						},
						"0.8542": {
							"post": [0, 0, 0],
							"lerp_mode": "catmullrom"
						}
					}
				},
				"constraint": {
					"rotation": {
						"0.125": {
							"pre": [0.8, 0.8, 0.8],
							"post": [0.8, 0.8, 0.8],
							"lerp_mode": "catmullrom"
						},
						"0.3958": {
							"post": [0.1, 0.1, 0.1],
							"lerp_mode": "catmullrom"
						}
					},
					"position": {
						"0.125": {
							"pre": [0.8, 0.8, 0.8],
							"post": [0.8, 0.8, 0.8],
							"lerp_mode": "catmullrom"
						},
						"0.3958": {
							"post": [0.1, 0.1, 0.1],
							"lerp_mode": "catmullrom"
						}
					}
				},
				"slide": {
					"position": {
						"0.0": [0, 0, 0],
						"0.0208": [0, 0, 1.75]
					}
				},
				"hammer": {
					"rotation": {
						"0.0": [70, 0, 0],
						"0.0208": [0, 0, 0]
					}
				},
				"camera": {
					"rotation": {
						"0.0": {
							"post": [-1.75, 0, 0],
							"lerp_mode": "catmullrom"
						},
						"0.0417": {
							"post": [0.75, 0, 1.375],
							"lerp_mode": "catmullrom"
						},
						"0.0625": {
							"post": [-0.5, 0, -0.375],
							"lerp_mode": "catmullrom"
						},
						"0.125": {
							"post": [0.25, 0, 0.625],
							"lerp_mode": "catmullrom"
						},
						"0.2083": {
							"post": [0, 0, -0.25],
							"lerp_mode": "catmullrom"
						},
						"0.3333": {
							"post": [0, 0, 0],
							"lerp_mode": "catmullrom"
						}
					}
				}
			},
			"sound_effects": {
				"0.5": {
					"effect": "hamster:rifle/rifle_bulletimpact"
				}
			}
		},
		"draw": {
			"animation_length": 1,
			"bones": {
				"root": {
					"rotation": {
						"0.0": {
							"post": [75.66499, -4.46375, -16.93839],
							"lerp_mode": "catmullrom"
						},
						"0.2083": {
							"post": [75.66499, -4.46375, -16.93839],
							"lerp_mode": "catmullrom"
						},
						"0.3958": {
							"post": [28.21, -2.39, -9.09],
							"lerp_mode": "catmullrom"
						},
						"0.6042": {
							"post": [10.0625, 0, 5.5],
							"lerp_mode": "catmullrom"
						},
						"0.6667": {
							"post": [4.83, -0.5275, 3.72],
							"lerp_mode": "catmullrom"
						},
						"0.7083": {
							"post": [2.59, -1.7, 1.47],
							"lerp_mode": "catmullrom"
						},
						"0.8125": {
							"post": [-1.6575, 0.26, 1],
							"lerp_mode": "catmullrom"
						},
						"1.0": {
							"post": [0, 0, 0],
							"lerp_mode": "catmullrom"
						}
					},
					"position": {
						"0.0": {
							"post": [-1, -15, 5],
							"lerp_mode": "catmullrom"
						},
						"0.2083": {
							"post": [-1, -5.75, 3.25],
							"lerp_mode": "catmullrom"
						},
						"0.3958": {
							"post": [-0.53, -3.8, -0.365],
							"lerp_mode": "catmullrom"
						},
						"0.6042": {
							"post": [0, -1.5, -1.0625],
							"lerp_mode": "catmullrom"
						},
						"0.7083": {
							"post": [0.05, -0.48, -0.2175],
							"lerp_mode": "catmullrom"
						},
						"0.8125": {
							"post": [0.03, 0.22, 0.0725],
							"lerp_mode": "catmullrom"
						},
						"1.0": {
							"post": [0, 0, 0],
							"lerp_mode": "catmullrom"
						}
					}
				},
				"constraint": {
					"rotation": [0.1, 0.1, 0.1],
					"position": [0.1, 0.1, 0.1]
				},
				"rightHand": {
					"rotation": {
						"0.0": {
							"post": [109.98, 2.36, -175.15],
							"lerp_mode": "catmullrom"
						},
						"0.2917": {
							"post": [109.98, 2.36, -175.15],
							"lerp_mode": "catmullrom"
						},
						"0.4792": {
							"post": [94.98, 2.36, -175.15],
							"lerp_mode": "catmullrom"
						}
					},
					"position": {
						"0.0": {
							"post": [-6.72, -16.8, -7.02],
							"lerp_mode": "catmullrom"
						},
						"0.2917": {
							"post": [-6.72, -16.8, -7.02],
							"lerp_mode": "catmullrom"
						},
						"0.4792": {
							"post": [-6.72, -16.8, -7.02],
							"lerp_mode": "catmullrom"
						}
					},
					"scale": [1, 1.5, 1]
				},
				"leftHand": {
					"rotation": {
						"0.0": {
							"post": [103.30663, -26.58987, -172.18064],
							"lerp_mode": "catmullrom"
						},
						"0.25": {
							"post": [103.30663, -26.58987, -172.18064],
							"lerp_mode": "catmullrom"
						},
						"0.6042": {
							"post": [93.8798, -36.27327, -156.13393],
							"lerp_mode": "catmullrom"
						}
					},
					"position": {
						"0.0": {
							"post": [13.75, -19.75, -9],
							"lerp_mode": "catmullrom"
						},
						"0.25": {
							"post": [13.75, -20.75, -12],
							"lerp_mode": "catmullrom"
						},
						"0.6042": {
							"post": [6.75, -17.75, -9],
							"lerp_mode": "catmullrom"
						}
					},
					"scale": [1, 1.5, 1]
				},
				"camera": {
					"rotation": {
						"0.0": {
							"post": [0, 0, 0],
							"lerp_mode": "catmullrom"
						},
						"0.125": {
							"post": [1.25, 0.75, 0.5],
							"lerp_mode": "catmullrom"
						},
						"0.2917": {
							"post": [1, 1, 0.5],
							"lerp_mode": "catmullrom"
						},
						"0.4583": {
							"post": [0.03, 0.78, -0.25],
							"lerp_mode": "catmullrom"
						},
						"0.625": {
							"post": [-0.75, 0.5, -0.25],
							"lerp_mode": "catmullrom"
						},
						"0.7292": {
							"post": [0.5, 0.25, 0.25],
							"lerp_mode": "catmullrom"
						},
						"0.8125": {
							"post": [0.33, -0.03, -0.1675],
							"lerp_mode": "catmullrom"
						},
						"0.8958": {
							"post": [0, -0.25, 0],
							"lerp_mode": "catmullrom"
						},
						"1.0": {
							"post": [0, 0, 0],
							"lerp_mode": "catmullrom"
						}
					}
				}
			},
			"sound_effects": {
				"0.125": {
					"effect": "hamster:pistol/pistol_holster_1"
				},
				"0.5833": {
					"effect": "hamster:pistol/pistol_grab_2"
				}
			}
		},
		"put_away": {
			"animation_length": 0.6458,
			"bones": {
				"root": {
					"rotation": {
						"0.0": {
							"post": [0, 0, 0],
							"lerp_mode": "catmullrom"
						},
						"0.0625": {
							"post": [5.98, -2.8, 2.75],
							"lerp_mode": "catmullrom"
						},
						"0.1458": {
							"post": [18.73, 0.13, 7.2],
							"lerp_mode": "catmullrom"
						},
						"0.2708": {
							"post": [51.42, -1.9, 11.13],
							"lerp_mode": "catmullrom"
						},
						"0.4167": {
							"post": [66.14, -2.9, 4.41],
							"lerp_mode": "catmullrom"
						},
						"0.6458": {
							"post": [73.06161, -4.46375, -14.33501],
							"lerp_mode": "catmullrom"
						}
					},
					"position": {
						"0.0": {
							"post": [0, 0, 0],
							"lerp_mode": "catmullrom"
						},
						"0.1458": {
							"post": [-0.5625, -0.95, -1.22],
							"lerp_mode": "catmullrom"
						},
						"0.2708": {
							"post": [-0.9375, -5.4, -0.54],
							"lerp_mode": "catmullrom"
						},
						"0.4583": {
							"post": [-0.49, -12.87, 2.91],
							"lerp_mode": "catmullrom"
						},
						"0.6458": {
							"post": [0, -15, 4],
							"lerp_mode": "catmullrom"
						}
					}
				},
				"constraint": {
					"rotation": [0.1, 0.1, 0.1],
					"position": [0.1, 0.1, 0.1]
				},
				"rightHand": {
					"rotation": {
						"0.0": {
							"post": [94.9832, 2.35911, -175.14678],
							"lerp_mode": "catmullrom"
						},
						"0.2708": {
							"post": [110.41145, 11.7471, -171.6718],
							"lerp_mode": "catmullrom"
						}
					},
					"position": {
						"0.0": {
							"post": [-6.725, -16.8, -7.025],
							"lerp_mode": "catmullrom"
						},
						"0.2708": {
							"post": [-6.72, -16.8, -7.02],
							"lerp_mode": "catmullrom"
						}
					},
					"scale": [1, 1.5, 1]
				},
				"leftHand": {
					"rotation": {
						"0.0": {
							"post": [93.8798, -36.27327, -156.13393],
							"lerp_mode": "catmullrom"
						},
						"0.2708": {
							"post": [115.51959, -26.95633, -196.07226],
							"lerp_mode": "catmullrom"
						}
					},
					"position": {
						"0.0": {
							"post": [6.75, -17.75, -9],
							"lerp_mode": "catmullrom"
						},
						"0.2708": {
							"post": [11.75, -21.75, -9],
							"lerp_mode": "catmullrom"
						}
					},
					"scale": [1, 1.5, 1]
				},
				"camera": {
					"rotation": {
						"0.0": {
							"post": [0, 0, 0],
							"lerp_mode": "catmullrom"
						},
						"0.1875": {
							"post": [0.58, 0.5, 0.25],
							"lerp_mode": "catmullrom"
						},
						"0.375": {
							"post": [1, 0.5, 0.25],
							"lerp_mode": "catmullrom"
						},
						"0.4583": {
							"post": [-0.25, 0.25, -0.3125],
							"lerp_mode": "catmullrom"
						},
						"0.5625": {
							"post": [0.215, -0.125, 0],
							"lerp_mode": "catmullrom"
						},
						"0.6458": {
							"post": [0, 0, 0],
							"lerp_mode": "catmullrom"
						}
					}
				}
			},
			"sound_effects": {
				"0.25": {
					"effect": "hamster:pistol/pistol_holster_2"
				}
			}
		},
		"run": {
			"loop": true,
			"animation_length": 0.6667,
			"bones": {
				"root": {
					"rotation": {
						"0.0": {
							"post": [-57.43739, -1.65224, -1.98065],
							"lerp_mode": "catmullrom"
						},
						"0.0833": {
							"post": [-54.54036, -2.43374, -6.26061],
							"lerp_mode": "catmullrom"
						},
						"0.1667": {
							"post": [-53.24079, -4.27915, 2.54836],
							"lerp_mode": "catmullrom"
						},
						"0.25": {
							"post": [-58.09366, -4.14303, 4.09351],
							"lerp_mode": "catmullrom"
						},
						"0.3333": {
							"post": [-57.66046, -1.84847, 2.27481],
							"lerp_mode": "catmullrom"
						},
						"0.4375": {
							"post": [-57.54312, 0.88793, -7.69856],
							"lerp_mode": "catmullrom"
						},
						"0.5": {
							"post": [-57.49317, 1.50695, -8.77857],
							"lerp_mode": "catmullrom"
						},
						"0.5833": {
							"post": [-57.46351, -0.64661, -3.48186],
							"lerp_mode": "catmullrom"
						},
						"0.6667": {
							"post": [-57.43739, -1.65224, -1.98065],
							"lerp_mode": "catmullrom"
						}
					},
					"position": {
						"0.0": {
							"post": [-4.5, 0.75, -2.5],
							"lerp_mode": "catmullrom"
						},
						"0.1042": {
							"post": [-4.1875, -1.0975, -2.5],
							"lerp_mode": "catmullrom"
						},
						"0.1667": {
							"post": [-4.125, -1.56, -2.5],
							"lerp_mode": "catmullrom"
						},
						"0.2292": {
							"post": [-4.3125, -1.1125, -2.5],
							"lerp_mode": "catmullrom"
						},
						"0.3333": {
							"post": [-4.875, 0.1875, -2.5],
							"lerp_mode": "catmullrom"
						},
						"0.4375": {
							"post": [-5.3125, -1.1075, -2.5],
							"lerp_mode": "catmullrom"
						},
						"0.5": {
							"post": [-5.4375, -1.5625, -2.5],
							"lerp_mode": "catmullrom"
						},
						"0.5625": {
							"post": [-5.25, -0.965, -2.5],
							"lerp_mode": "catmullrom"
						},
						"0.6667": {
							"post": [-4.5, 0.75, -2.5],
							"lerp_mode": "catmullrom"
						}
					}
				}
			}
		},
		"run_start": {
			"animation_length": 0.3958,
			"bones": {
				"root": {
					"rotation": {
						"0.0": {
							"post": [0, 0, 0],
							"lerp_mode": "catmullrom"
						},
						"0.1042": {
							"post": [-8.33, -1.61, -1.14],
							"lerp_mode": "catmullrom"
						},
						"0.2917": {
							"post": [-46.62, 2.6275, 0.5625],
							"lerp_mode": "catmullrom"
						},
						"0.3958": {
							"post": [-57.43739, -1.65224, -1.98065],
							"lerp_mode": "catmullrom"
						}
					},
					"position": {
						"0.0": {
							"post": [0, 0, 0],
							"lerp_mode": "catmullrom"
						},
						"0.25": {
							"post": [-2.98, -1.8475, -1.66],
							"lerp_mode": "catmullrom"
						},
						"0.3958": {
							"post": [-4.5, 0.75, -2.5],
							"lerp_mode": "catmullrom"
						}
					}
				}
			}
		},
		"run_end": {
			"animation_length": 0.3958,
			"bones": {
				"root": {
					"rotation": {
						"0.0": {
							"post": [-57.43739, -1.65224, -1.98065],
							"lerp_mode": "catmullrom"
						},
						"0.1042": {
							"post": [-46.62, -0.3725, 6.5625],
							"lerp_mode": "catmullrom"
						},
						"0.2917": {
							"post": [-8.33, -1.61, -1.14],
							"lerp_mode": "catmullrom"
						},
						"0.3958": {
							"post": [0, 0, 0],
							"lerp_mode": "catmullrom"
						}
					},
					"position": {
						"0.0": {
							"post": [-4.5, 0.75, -2.5],
							"lerp_mode": "catmullrom"
						},
						"0.25": {
							"post": [-1.52, -1.2775, -0.84],
							"lerp_mode": "catmullrom"
						},
						"0.3958": {
							"post": [0, 0, 0],
							"lerp_mode": "catmullrom"
						}
					}
				}
			}
		},
		"run_hold": {
			"animation_length": 0.5,
			"bones": {
				"root": {
					"rotation": [-57.43739, -1.65224, -1.98065],
					"position": [-4.5, -0.5, -2.5]
				}
			}
		},
		"shoot": {
			"animation_length": 1.0625,
			"bones": {
				"root": {
					"rotation": {
						"0.0": {
							"post": [0, 0, 0],
							"lerp_mode": "catmullrom"
						},
						"0.0208": {
							"post": [1.83177, 0.73281, -1.6854],
							"lerp_mode": "catmullrom"
						},
						"0.0417": {
							"post": [-3.2549, 3.1291, 3.8187],
							"lerp_mode": "catmullrom"
						},
						"0.0833": {
							"post": [-5.38442, 0.39076, 2.99844],
							"lerp_mode": "catmullrom"
						},
						"0.1458": {
							"post": [-1.83476, -1.06182, -1.55229],
							"lerp_mode": "catmullrom"
						},
						"0.2083": {
							"post": [0.04, 0.4242, -2.17355],
							"lerp_mode": "catmullrom"
						},
						"0.2708": {
							"post": [0.72, 0.05, -1.12],
							"lerp_mode": "catmullrom"
						},
						"0.3333": {
							"post": [0.7951, -0.899, -0.3226],
							"lerp_mode": "catmullrom"
						},
						"0.4792": {
							"post": [-0.1875, -0.6508, 0.4212],
							"lerp_mode": "catmullrom"
						},
						"0.6042": {
							"post": [0, 0, 0],
							"lerp_mode": "catmullrom"
						},
						"0.8542": {
							"post": [0, 0, 0],
							"lerp_mode": "catmullrom"
						}
					},
					"position": {
						"0.0": {
							"post": [0, 0, 0],
							"lerp_mode": "catmullrom"
						},
						"0.1042": {
							"post": [-0.0625, -0.25, 0.5625],
							"lerp_mode": "catmullrom"
						},
						"0.25": {
							"post": [0.0025, 0.11, 0.36],
							"lerp_mode": "catmullrom"
						},
						"0.375": {
							"post": [0.01, 0.08, -0.06],
							"lerp_mode": "catmullrom"
						},
						"0.5417": {
							"post": [0, 0, 0],
							"lerp_mode": "catmullrom"
						},
						"0.8542": {
							"post": [0, 0, 0],
							"lerp_mode": "catmullrom"
						}
					}
				},
				"constraint": {
					"rotation": {
						"0.125": {
							"pre": [0.8, 0.8, 0.8],
							"post": [0.8, 0.8, 0.8],
							"lerp_mode": "catmullrom"
						},
						"0.3958": {
							"post": [0.1, 0.1, 0.1],
							"lerp_mode": "catmullrom"
						}
					},
					"position": {
						"0.125": {
							"pre": [0.8, 0.8, 0.8],
							"post": [0.8, 0.8, 0.8],
							"lerp_mode": "catmullrom"
						},
						"0.3958": {
							"post": [0.1, 0.1, 0.1],
							"lerp_mode": "catmullrom"
						}
					}
				},
				"slide": {
					"position": {
						"0.0": [0, 0, 0],
						"0.0208": [0, 0, 2],
						"0.0833": [0, 0, 2],
						"0.125": [0, 0, 0]
					}
				},
				"hammer": {
					"rotation": {
						"0.0": [70, 0, 0],
						"0.0208": [0, 0, 0]
					}
				},
				"camera": {
					"rotation": {
						"0.0": {
							"post": [-1.75, 0, 0],
							"lerp_mode": "catmullrom"
						},
						"0.0417": {
							"post": [0.75, 0, 1.375],
							"lerp_mode": "catmullrom"
						},
						"0.0625": {
							"post": [-0.5, 0, -0.375],
							"lerp_mode": "catmullrom"
						},
						"0.125": {
							"post": [0.25, 0, 0.625],
							"lerp_mode": "catmullrom"
						},
						"0.2083": {
							"post": [0, 0, -0.25],
							"lerp_mode": "catmullrom"
						},
						"0.3333": {
							"post": [0, 0, 0],
							"lerp_mode": "catmullrom"
						}
					}
				}
			},
			"sound_effects": {
				"0.5": {
					"effect": "hamster:rifle/rifle_bulletimpact"
				}
			}
		},
		"reload_empty": {
			"animation_length": 4.0417,
			"bones": {
				"root": {
					"rotation": {
						"0.0": {
							"post": [0, 0, 0],
							"lerp_mode": "catmullrom"
						},
						"0.2083": {
							"post": [4.22, -13.53, 1.995],
							"lerp_mode": "catmullrom"
						},
						"0.4167": {
							"post": [8.44371, -38.55883, -19.25205],
							"lerp_mode": "catmullrom"
						},
						"0.5625": {
							"post": [13.16, -38.78, -28.13],
							"lerp_mode": "catmullrom"
						},
						"0.625": {
							"post": [11.99742, -37.94444, -29.38904],
							"lerp_mode": "catmullrom"
						},
						"0.7292": {
							"post": [16.11, -39.49, -19.99],
							"lerp_mode": "catmullrom"
						},
						"0.8125": {
							"post": [13.53, -40.64, -27.155],
							"lerp_mode": "catmullrom"
						},
						"0.9583": {
							"post": [10.27, -39.75, -23.8525],
							"lerp_mode": "catmullrom"
						},
						"1.125": {
							"post": [10.285, -34.84, -20.5225],
							"lerp_mode": "catmullrom"
						},
						"1.2917": {
							"post": [4.27192, -30.10334, -14.3199],
							"lerp_mode": "catmullrom"
						},
						"1.4167": {
							"post": [2.7575, -30.59, -17.02],
							"lerp_mode": "catmullrom"
						},
						"1.5417": {
							"post": [10.06, -31.82, -22.69],
							"lerp_mode": "catmullrom"
						},
						"1.6458": {
							"post": [17.54, -28.1725, -36.86],
							"lerp_mode": "catmullrom"
						},
						"1.7708": {
							"post": [25.77652, -34.17012, -47.84621],
							"lerp_mode": "catmullrom"
						},
						"1.8542": {
							"post": [23.66886, -31.88099, -53.14942],
							"lerp_mode": "catmullrom"
						},
						"1.9375": {
							"post": [16.995, -33.63, -51.08],
							"lerp_mode": "catmullrom"
						},
						"2.0208": {
							"post": [19.32823, -34.33022, -45.2258],
							"lerp_mode": "catmullrom"
						},
						"2.1875": {
							"post": [10.09, -23.68, -20.25],
							"lerp_mode": "catmullrom"
						},
						"2.4167": {
							"post": [-19.71256, -7.40659, 19.59891],
							"lerp_mode": "catmullrom"
						},
						"2.5625": {
							"post": [-17.84, -5.96, 19.33],
							"lerp_mode": "catmullrom"
						},
						"2.6875": {
							"post": [-14.62, -6.47, 18.74],
							"lerp_mode": "catmullrom"
						},
						"2.75": {
							"post": [-20.65, 3.2825, 23.0125],
							"lerp_mode": "catmullrom"
						},
						"2.8542": {
							"post": [-18.915, -6.87, 16.8275],
							"lerp_mode": "catmullrom"
						},
						"2.9167": {
							"post": [-22.22, -7.78, 18.45],
							"lerp_mode": "catmullrom"
						},
						"2.9792": {
							"post": [-17.91, -4.79, 18.21],
							"lerp_mode": "catmullrom"
						},
						"3.0833": {
							"post": [-18.85, -7.62, 17.98],
							"lerp_mode": "catmullrom"
						},
						"3.25": {
							"post": [-5.67452, -9.21678, 23.31188],
							"lerp_mode": "catmullrom"
						},
						"3.3125": {
							"post": [-3.8, -7.5375, 20.16],
							"lerp_mode": "catmullrom"
						},
						"3.375": {
							"post": [-2.91, -6.55, 15.66],
							"lerp_mode": "catmullrom"
						},
						"3.4792": {
							"post": [-1.45, -3.41, 7.1375],
							"lerp_mode": "catmullrom"
						},
						"3.625": {
							"post": [0, 0, 1.8125],
							"lerp_mode": "catmullrom"
						},
						"3.8125": {
							"post": [0, 0, 0],
							"lerp_mode": "catmullrom"
						},
						"3.9792": {
							"post": [0, 0, 0],
							"lerp_mode": "catmullrom"
						}
					},
					"position": {
						"0.0": {
							"post": [0, 0, 0],
							"lerp_mode": "catmullrom"
						},
						"0.2083": {
							"post": [0.25, -0.625, -1.5],
							"lerp_mode": "catmullrom"
						},
						"0.4167": {
							"post": [0, 1, -3],
							"lerp_mode": "catmullrom"
						},
						"0.625": {
							"post": [-0.01, 0.79, -3.55],
							"lerp_mode": "catmullrom"
						},
						"0.7292": {
							"post": [-0.1975, -0.71, -3.3],
							"lerp_mode": "catmullrom"
						},
						"0.7917": {
							"post": [-0.1975, 0.07, -3.31],
							"lerp_mode": "catmullrom"
						},
						"0.8958": {
							"post": [0, -0.05, -3.22],
							"lerp_mode": "catmullrom"
						},
						"1.0625": {
							"post": [-0.01, -0.82, -3.58],
							"lerp_mode": "catmullrom"
						},
						"1.2917": {
							"post": [-0.2725, -1.26, -3.6375],
							"lerp_mode": "catmullrom"
						},
						"1.4167": {
							"post": [0, -0.93, -3.53],
							"lerp_mode": "catmullrom"
						},
						"1.5417": {
							"post": [0.71, -0.4825, -3.38],
							"lerp_mode": "catmullrom"
						},
						"1.7708": {
							"post": [0.99, 0.05, -3.9925],
							"lerp_mode": "catmullrom"
						},
						"1.8542": {
							"post": [-0.01, 0.675, -4.93],
							"lerp_mode": "catmullrom"
						},
						"1.8958": {
							"post": [0.04, 0.395, -4.86],
							"lerp_mode": "catmullrom"
						},
						"1.9583": {
							"post": [0.41, 0.33, -4.32],
							"lerp_mode": "catmullrom"
						},
						"2.0417": {
							"post": [0.92, -0.2, -4.39],
							"lerp_mode": "catmullrom"
						},
						"2.2083": {
							"post": [-0.1075, -1.23, -4.99],
							"lerp_mode": "catmullrom"
						},
						"2.4167": {
							"post": [0.73, -0.21, -4.9],
							"lerp_mode": "catmullrom"
						},
						"2.5": {
							"post": [0.73, -0.1875, -4.68],
							"lerp_mode": "catmullrom"
						},
						"2.5833": {
							"post": [0.74, -0.44, -4.45],
							"lerp_mode": "catmullrom"
						},
						"2.6875": {
							"post": [0.74, -0.3, -4.46],
							"lerp_mode": "catmullrom"
						},
						"2.75": {
							"post": [0.5525, -0.545, -1.2725],
							"lerp_mode": "catmullrom"
						},
						"2.7917": {
							"post": [0.4275, -0.5525, -1.5925],
							"lerp_mode": "catmullrom"
						},
						"2.8542": {
							"post": [0.5625, -0.5825, -1.8325],
							"lerp_mode": "catmullrom"
						},
						"2.9167": {
							"post": [0.76, -0.8, -1.8],
							"lerp_mode": "catmullrom"
						},
						"2.9792": {
							"post": [0.77, -0.33, -3.64],
							"lerp_mode": "catmullrom"
						},
						"3.0833": {
							"post": [0.78, -0.38, -2.94],
							"lerp_mode": "catmullrom"
						},
						"3.25": {
							"post": [0.73, -1.96, -2.9],
							"lerp_mode": "catmullrom"
						},
						"3.4792": {
							"post": [0.26, -0.78, -0.55],
							"lerp_mode": "catmullrom"
						},
						"3.625": {
							"post": [0, 0, -0.625],
							"lerp_mode": "catmullrom"
						},
						"3.8125": {
							"post": [0, 0, 0],
							"lerp_mode": "catmullrom"
						},
						"3.9792": {
							"post": [0, 0, 0],
							"lerp_mode": "catmullrom"
						}
					}
				},
				"constraint": {
					"rotation": [0.1, 0.1, 0.1],
					"position": [0.1, 0.1, 0.1]
				},
				"slide": {
					"position": {
						"0.0": [0, 0, 1.75],
						"2.6875": [0, 0, 1.75],
						"2.75": [0, 0, 2.25],
						"2.8542": [0, 0, 2.25],
						"2.875": [0, 0, 0]
					}
				},
				"rightHand": {
					"rotation": {
						"0.0": {
							"post": [94.9832, 2.35911, -175.14678],
							"lerp_mode": "catmullrom"
						},
						"0.4167": {
							"post": [95.41971, 0.99279, -160.20565],
							"lerp_mode": "catmullrom"
						},
						"3.2292": {
							"post": [95.41971, 0.99279, -160.20565],
							"lerp_mode": "catmullrom"
						},
						"3.5": {
							"post": [94.9832, 2.35911, -175.14678],
							"lerp_mode": "catmullrom"
						}
					},
					"position": {
						"0.0": {
							"post": [-6.725, -16.8, -7.025],
							"lerp_mode": "catmullrom"
						},
						"0.4167": {
							"post": [-7.47, -15.8, -7.02],
							"lerp_mode": "catmullrom"
						},
						"3.2292": {
							"post": [-7.47, -15.8, -7.02],
							"lerp_mode": "catmullrom"
						},
						"3.5": {
							"post": [-6.725, -16.8, -7.025],
							"lerp_mode": "catmullrom"
						}
					},
					"scale": [1, 1.5, 1]
				},
				"leftHand": {
					"rotation": {
						"0.0": {
							"post": [93.8798, -36.27327, -156.13393],
							"lerp_mode": "catmullrom"
						},
						"0.4167": {
							"post": [57.09694, -47.49222, -108.87597],
							"lerp_mode": "catmullrom"
						},
						"0.5833": {
							"post": [36.01221, -25.72389, -76.49067],
							"lerp_mode": "catmullrom"
						},
						"0.75": {
							"post": [57.1, -47.49, -108.88],
							"lerp_mode": "catmullrom"
						},
						"0.9167": {
							"post": [102.15141, -54.52485, -164.96029],
							"lerp_mode": "catmullrom"
						},
						"1.2083": {
							"post": [91.4963, -55.4211, -151.96725],
							"lerp_mode": "catmullrom"
						},
						"1.75": {
							"post": [85.22, -59.64, -146.46],
							"lerp_mode": "catmullrom"
						},
						"1.875": {
							"post": [77.46879, -61.1091, -118.44911],
							"lerp_mode": "catmullrom"
						},
						"2.0": {
							"post": [91.4963, -55.4211, -151.96725],
							"lerp_mode": "catmullrom"
						},
						"2.2083": {
							"post": [134.23154, -13.23377, -206.6559],
							"lerp_mode": "catmullrom"
						},
						"2.5": {
							"post": [171.33212, -0.20048, -230.38315],
							"lerp_mode": "catmullrom"
						},
						"2.6875": {
							"post": [171.33212, -0.20048, -230.38315],
							"lerp_mode": "catmullrom"
						},
						"2.7917": {
							"post": [188.29406, 3.56056, -235.33934],
							"lerp_mode": "catmullrom"
						},
						"2.9375": {
							"post": [186.42741, 1.3021, -220.49594],
							"lerp_mode": "catmullrom"
						},
						"3.0833": {
							"post": [126.38244, -16.07123, -190.00914],
							"lerp_mode": "catmullrom"
						},
						"3.25": {
							"post": [93.8798, -36.27327, -156.13393],
							"lerp_mode": "catmullrom"
						}
					},
					"position": {
						"0.0": {
							"post": [6.75, -17.75, -9],
							"lerp_mode": "catmullrom"
						},
						"0.4167": {
							"post": [6.25, -20.75, -6.75],
							"lerp_mode": "catmullrom"
						},
						"0.5833": {
							"post": [6.03, -20.44, -6.11],
							"lerp_mode": "catmullrom"
						},
						"0.75": {
							"post": [6.25, -20.75, -6.75],
							"lerp_mode": "catmullrom"
						},
						"0.9167": {
							"post": [9.25, -20.75, -6.75],
							"lerp_mode": "catmullrom"
						},
						"1.2083": {
							"post": [6.25, -19.75, -7.75],
							"lerp_mode": "catmullrom"
						},
						"1.75": {
							"post": [6.07, -20.23, -7.84],
							"lerp_mode": "catmullrom"
						},
						"2.0": {
							"post": [6.25, -19.75, -7.75],
							"lerp_mode": "catmullrom"
						},
						"2.2083": {
							"post": [9.66, -19.94, -7.45],
							"lerp_mode": "catmullrom"
						},
						"2.375": {
							"post": [8.42, -14.72, -7.17],
							"lerp_mode": "catmullrom"
						},
						"2.5": {
							"post": [7.25, -12.75, -6],
							"lerp_mode": "catmullrom"
						},
						"2.6875": {
							"post": [7.25, -12.75, -6],
							"lerp_mode": "catmullrom"
						},
						"2.75": {
							"post": [7.25, -12.75, -5.5],
							"lerp_mode": "catmullrom"
						},
						"2.8542": {
							"post": [7.25, -12.75, -5.5],
							"lerp_mode": "catmullrom"
						},
						"2.9375": {
							"post": [8.25, -12.25, -0.5],
							"lerp_mode": "catmullrom"
						},
						"3.0833": {
							"post": [9.63, -15.74, -4.61],
							"lerp_mode": "catmullrom"
						},
						"3.25": {
							"post": [6.75, -17.75, -9],
							"lerp_mode": "catmullrom"
						}
					},
					"scale": [1, 1.5, 1]
				},
				"lefthand_and_mag": {
					"rotation": {
						"0.625": [0, 0, 0],
						"0.75": [0, 0, 0],
						"0.9167": {
							"pre": [0, 0, 0],
							"post": [0, 0, 0],
							"lerp_mode": "catmullrom"
						},
						"1.2083": {
							"post": [-15.50409, -14.47751, -33.53287],
							"lerp_mode": "catmullrom"
						},
						"1.6042": [0, 0, 0],
						"1.7708": [0, 0, 0],
						"1.875": [0, 0, 0]
					},
					"position": {
						"0.625": [0, 0, 0],
						"0.75": [0, -4.625, 0.625],
						"0.9167": {
							"pre": [0, -4.62, 0.63],
							"post": [0, -4.62, 0.63],
							"lerp_mode": "catmullrom"
						},
						"1.2083": {
							"post": [4, -10.62, 0.63],
							"lerp_mode": "catmullrom"
						},
						"1.6042": [0, -5.125, 0.625],
						"1.6458": [0, -4.62, 0.63],
						"1.7083": [0, -4.995, 0.63],
						"1.7708": [0, -4.625, 0.625],
						"1.875": [0, 0, 0]
					}
				},
				"mag": {
					"rotation": {
						"0.75": {
							"pre": [0, 0, 0],
							"post": [0, 0, 0],
							"lerp_mode": "catmullrom"
						},
						"0.9167": {
							"post": [18.74227, 12.67956, 9.60087],
							"lerp_mode": "catmullrom"
						},
						"1.2083": {
							"post": [0, 0, 0],
							"lerp_mode": "catmullrom"
						}
					},
					"position": {
						"0.75": {
							"pre": [0, 0, 0],
							"post": [0, 0, 0],
							"lerp_mode": "catmullrom"
						},
						"0.9167": {
							"post": [-1, -6, 2],
							"lerp_mode": "catmullrom"
						},
						"1.2083": {
							"post": [0, 0, 0],
							"lerp_mode": "catmullrom"
						}
					}
				},
				"allbullet": {
					"scale": {
						"0.0": [0, 0, 0],
						"1.25": {"pre": [0, 0, 0], "post": [1, 1, 1]}
					}
				},
				"camera": {
					"rotation": {
						"0.0": {
							"post": [0, 0, 0],
							"lerp_mode": "catmullrom"
						},
						"0.1875": {
							"post": [-0.34, 0, 0.125],
							"lerp_mode": "catmullrom"
						},
						"0.4375": {
							"post": [0.75, 0.75, 0.3125],
							"lerp_mode": "catmullrom"
						},
						"0.625": {
							"post": [0.25, 0.75, 0],
							"lerp_mode": "catmullrom"
						},
						"0.6875": {
							"post": [1.25, 0.25, 0.375],
							"lerp_mode": "catmullrom"
						},
						"0.7708": {
							"post": [-0.25, 0.5, -0.375],
							"lerp_mode": "catmullrom"
						},
						"0.8542": {
							"post": [0.25, 0.75, -0.1875],
							"lerp_mode": "catmullrom"
						},
						"0.9792": {
							"post": [0.5, 0.5, 0],
							"lerp_mode": "catmullrom"
						},
						"1.1458": {
							"post": [0.48, 0.49, 0.16],
							"lerp_mode": "catmullrom"
						},
						"1.375": {
							"post": [0.7075, 0.48, 0.25],
							"lerp_mode": "catmullrom"
						},
						"1.6458": {
							"post": [1.25, 0.25, -0.1875],
							"lerp_mode": "catmullrom"
						},
						"1.8125": {
							"post": [1.25, 0.25, -0.1875],
							"lerp_mode": "catmullrom"
						},
						"1.875": {
							"post": [-0.25, 0, 0.375],
							"lerp_mode": "catmullrom"
						},
						"1.9792": {
							"post": [0.25, 0.5, -0.3125],
							"lerp_mode": "catmullrom"
						},
						"2.0417": {
							"post": [0, 0.625, -0.25],
							"lerp_mode": "catmullrom"
						},
						"2.1667": {
							"post": [0.25, 0.3125, 0.125],
							"lerp_mode": "catmullrom"
						},
						"2.4167": {
							"post": [0.02, 0.42, 0.5],
							"lerp_mode": "catmullrom"
						},
						"2.6667": {
							"post": [-0.25, 0.5, 0],
							"lerp_mode": "catmullrom"
						},
						"2.7292": {
							"post": [0.595, 1.45, 0.75],
							"lerp_mode": "catmullrom"
						},
						"2.8542": {
							"post": [-0.0825, 0.59, 0],
							"lerp_mode": "catmullrom"
						},
						"2.9167": {
							"post": [0.1325, 1, 0],
							"lerp_mode": "catmullrom"
						},
						"2.9792": {
							"post": [0.04, 0.98, -0.5],
							"lerp_mode": "catmullrom"
						},
						"3.0417": {
							"post": [-0.09, 0.87, 0.75],
							"lerp_mode": "catmullrom"
						},
						"3.1458": {
							"post": [-0.25, 0.5, 0],
							"lerp_mode": "catmullrom"
						},
						"3.3333": {
							"post": [0.5, 0, 0],
							"lerp_mode": "catmullrom"
						},
						"3.6042": {
							"post": [-0.25, -0.25, -0.25],
							"lerp_mode": "catmullrom"
						},
						"3.7083": {
							"post": [0.06, 0.125, 0.125],
							"lerp_mode": "catmullrom"
						},
						"3.8333": {
							"post": [0, 0, 0],
							"lerp_mode": "catmullrom"
						}
					}
				}
			},
			"sound_effects": {
				"0.0208": {
					"effect": "hamster:pistol/pistol_raise"
				},
				"0.6042": {
					"effect": "hamster:makarov/makarov_magout"
				},
				"1.6875": {
					"effect": "hamster:makarov/makarov_magin"
				},
				"2.6042": {
					"effect": "hamster:makarov/makarov_bolt"
				},
				"3.4583": {
					"effect": "hamster:pistol/pistol_grab"
				}
			}
		},
		"reload_tactical": {
			"animation_length": 3.4792,
			"bones": {
				"root": {
					"rotation": {
						"0.0": {
							"post": [0, 0, 0],
							"lerp_mode": "catmullrom"
						},
						"0.2083": {
							"post": [4.22, -13.53, 1.995],
							"lerp_mode": "catmullrom"
						},
						"0.4167": {
							"post": [8.44371, -38.55883, -19.25205],
							"lerp_mode": "catmullrom"
						},
						"0.5625": {
							"post": [13.16, -38.78, -28.13],
							"lerp_mode": "catmullrom"
						},
						"0.625": {
							"post": [11.99742, -37.94444, -29.38904],
							"lerp_mode": "catmullrom"
						},
						"0.7708": {
							"post": [16.11, -39.49, -19.99],
							"lerp_mode": "catmullrom"
						},
						"0.8542": {
							"post": [13.53, -40.64, -27.155],
							"lerp_mode": "catmullrom"
						},
						"1.0": {
							"post": [10.27, -39.75, -23.8525],
							"lerp_mode": "catmullrom"
						},
						"1.1667": {
							"post": [10.285, -34.84, -20.5225],
							"lerp_mode": "catmullrom"
						},
						"1.3333": {
							"post": [4.27192, -30.10334, -14.3199],
							"lerp_mode": "catmullrom"
						},
						"1.4583": {
							"post": [2.7575, -30.59, -17.02],
							"lerp_mode": "catmullrom"
						},
						"1.5833": {
							"post": [10.06, -31.82, -22.69],
							"lerp_mode": "catmullrom"
						},
						"1.6875": {
							"post": [17.54, -28.1725, -36.86],
							"lerp_mode": "catmullrom"
						},
						"1.8125": {
							"post": [25.77652, -34.17012, -47.84621],
							"lerp_mode": "catmullrom"
						},
						"1.8958": {
							"post": [23.66886, -31.88099, -53.14942],
							"lerp_mode": "catmullrom"
						},
						"1.9792": {
							"post": [16.995, -33.63, -51.08],
							"lerp_mode": "catmullrom"
						},
						"2.0625": {
							"post": [19.32823, -34.33022, -45.2258],
							"lerp_mode": "catmullrom"
						},
						"2.2292": {
							"post": [10.09, -23.68, -20.25],
							"lerp_mode": "catmullrom"
						},
						"2.4583": {
							"post": [-6.23826, -10.30544, 8.79715],
							"lerp_mode": "catmullrom"
						},
						"2.5625": {
							"post": [-4.92, -9.77, 9.34],
							"lerp_mode": "catmullrom"
						},
						"2.7083": {
							"post": [0, 0, 4.5],
							"lerp_mode": "catmullrom"
						},
						"2.875": {
							"post": [0, 0, 0.75],
							"lerp_mode": "catmullrom"
						},
						"3.0625": {
							"post": [0, 0, 0],
							"lerp_mode": "catmullrom"
						},
						"3.2083": {
							"post": [0, 0, 0],
							"lerp_mode": "catmullrom"
						}
					},
					"position": {
						"0.0": {
							"post": [0, 0, 0],
							"lerp_mode": "catmullrom"
						},
						"0.2083": {
							"post": [0.25, -0.375, -1.5],
							"lerp_mode": "catmullrom"
						},
						"0.4167": {
							"post": [0, 1.5, -3],
							"lerp_mode": "catmullrom"
						},
						"0.625": {
							"post": [-0.01, 1.79, -3.55],
							"lerp_mode": "catmullrom"
						},
						"0.7708": {
							"post": [-0.1975, 0.29, -3.3],
							"lerp_mode": "catmullrom"
						},
						"0.8333": {
							"post": [-0.1975, 1.07, -3.31],
							"lerp_mode": "catmullrom"
						},
						"0.9375": {
							"post": [0, 0.95, -3.22],
							"lerp_mode": "catmullrom"
						},
						"1.1042": {
							"post": [-0.01, 0.18, -3.58],
							"lerp_mode": "catmullrom"
						},
						"1.3333": {
							"post": [-0.2725, -0.76, -3.6375],
							"lerp_mode": "catmullrom"
						},
						"1.4583": {
							"post": [0, -0.93, -3.53],
							"lerp_mode": "catmullrom"
						},
						"1.5833": {
							"post": [0.71, -0.4825, -3.38],
							"lerp_mode": "catmullrom"
						},
						"1.8125": {
							"post": [0.99, 0.05, -3.9925],
							"lerp_mode": "catmullrom"
						},
						"1.8958": {
							"post": [-0.01, 0.675, -4.93],
							"lerp_mode": "catmullrom"
						},
						"1.9375": {
							"post": [0.04, 0.395, -4.86],
							"lerp_mode": "catmullrom"
						},
						"2.0": {
							"post": [0.41, 0.33, -4.32],
							"lerp_mode": "catmullrom"
						},
						"2.0833": {
							"post": [0.92, -0.2, -4.39],
							"lerp_mode": "catmullrom"
						},
						"2.25": {
							"post": [-0.1075, -1.23, -4.99],
							"lerp_mode": "catmullrom"
						},
						"2.4583": {
							"post": [-0.13, -2.115, -2.77],
							"lerp_mode": "catmullrom"
						},
						"2.5833": {
							"post": [-0.07, -1.39, -1.125],
							"lerp_mode": "catmullrom"
						},
						"2.7083": {
							"post": [0, -0.5, -0.875],
							"lerp_mode": "catmullrom"
						},
						"2.875": {
							"post": [0, 0, 0.25],
							"lerp_mode": "catmullrom"
						},
						"3.0625": {
							"post": [0, 0, 0],
							"lerp_mode": "catmullrom"
						},
						"3.2083": {
							"post": [0, 0, 0],
							"lerp_mode": "catmullrom"
						}
					}
				},
				"constraint": {
					"rotation": [0.1, 0.1, 0.1],
					"position": [0.1, 0.1, 0.1]
				},
				"rightHand": {
					"rotation": {
						"0.0": {
							"post": [94.9832, 2.35911, -175.14678],
							"lerp_mode": "catmullrom"
						},
						"0.4167": {
							"post": [95.41971, 0.99279, -160.20565],
							"lerp_mode": "catmullrom"
						},
						"2.3125": {
							"post": [95.41971, 0.99279, -160.20565],
							"lerp_mode": "catmullrom"
						},
						"2.5417": {
							"post": [94.9832, 2.35911, -175.14678],
							"lerp_mode": "catmullrom"
						}
					},
					"position": {
						"0.0": {
							"post": [-6.725, -16.8, -7.025],
							"lerp_mode": "catmullrom"
						},
						"0.4167": {
							"post": [-7.47, -15.8, -7.02],
							"lerp_mode": "catmullrom"
						},
						"2.3125": {
							"post": [-7.47, -15.8, -7.02],
							"lerp_mode": "catmullrom"
						},
						"2.5417": {
							"post": [-6.725, -16.8, -7.025],
							"lerp_mode": "catmullrom"
						}
					},
					"scale": [1, 1.5, 1]
				},
				"leftHand": {
					"rotation": {
						"0.0": {
							"post": [93.8798, -36.27327, -156.13393],
							"lerp_mode": "catmullrom"
						},
						"0.4167": {
							"post": [57.09694, -47.49222, -108.87597],
							"lerp_mode": "catmullrom"
						},
						"0.5833": {
							"post": [36.01221, -25.72389, -76.49067],
							"lerp_mode": "catmullrom"
						},
						"0.7917": {
							"post": [57.1, -47.49, -108.88],
							"lerp_mode": "catmullrom"
						},
						"0.9583": {
							"post": [87.8693, -55.40725, -147.56238],
							"lerp_mode": "catmullrom"
						},
						"1.25": {
							"post": [91.4963, -55.4211, -151.96725],
							"lerp_mode": "catmullrom"
						},
						"1.7917": {
							"post": [85.22, -59.64, -146.46],
							"lerp_mode": "catmullrom"
						},
						"1.9167": {
							"post": [77.46879, -61.1091, -118.44911],
							"lerp_mode": "catmullrom"
						},
						"2.0417": {
							"post": [91.4963, -55.4211, -151.96725],
							"lerp_mode": "catmullrom"
						},
						"2.25": {
							"post": [134.23154, -13.23377, -206.6559],
							"lerp_mode": "catmullrom"
						},
						"2.5417": {
							"post": [93.8798, -36.27327, -156.13393],
							"lerp_mode": "catmullrom"
						}
					},
					"position": {
						"0.0": {
							"post": [6.75, -17.75, -9],
							"lerp_mode": "catmullrom"
						},
						"0.4167": {
							"post": [6.25, -20.75, -6.75],
							"lerp_mode": "catmullrom"
						},
						"0.5833": {
							"post": [6.03, -20.44, -6.11],
							"lerp_mode": "catmullrom"
						},
						"0.7917": {
							"post": [6.25, -20.75, -6.75],
							"lerp_mode": "catmullrom"
						},
						"0.9583": {
							"post": [6.25, -19.75, -7.25],
							"lerp_mode": "catmullrom"
						},
						"1.25": {
							"post": [6.25, -19.75, -7.75],
							"lerp_mode": "catmullrom"
						},
						"1.7917": {
							"post": [6.07, -20.23, -7.84],
							"lerp_mode": "catmullrom"
						},
						"2.0417": {
							"post": [6.25, -19.75, -7.75],
							"lerp_mode": "catmullrom"
						},
						"2.25": {
							"post": [9.66, -19.94, -7.45],
							"lerp_mode": "catmullrom"
						},
						"2.5417": {
							"post": [6.75, -17.75, -9],
							"lerp_mode": "catmullrom"
						}
					},
					"scale": [1, 1.5, 1]
				},
				"lefthand_and_mag": {
					"rotation": {
						"0.625": [0, 0, 0],
						"0.7917": [0, 0, 0],
						"0.9583": {
							"pre": [-7.58967, -16.32995, -35.08967],
							"post": [-7.58967, -16.32995, -35.08967],
							"lerp_mode": "catmullrom"
						},
						"1.25": {
							"post": [-15.50409, -14.47751, -33.53287],
							"lerp_mode": "catmullrom"
						},
						"1.6458": [0, 0, 0],
						"1.8125": [0, 0, 0],
						"1.9167": [0, 0, 0]
					},
					"position": {
						"0.625": [0, 0, 0],
						"0.7917": [0, -4.625, 0.625],
						"0.9583": {
							"pre": [3, -6.62, 0.63],
							"post": [3, -6.62, 0.63],
							"lerp_mode": "catmullrom"
						},
						"1.25": {
							"post": [4, -10.62, 0.63],
							"lerp_mode": "catmullrom"
						},
						"1.6458": [0, -5.125, 0.625],
						"1.6875": [0, -4.62, 0.63],
						"1.75": [0, -4.995, 0.63],
						"1.8125": [0, -4.625, 0.625],
						"1.9167": [0, 0, 0]
					}
				},
				"camera": {
					"rotation": {
						"0.0": {
							"post": [0, 0, 0],
							"lerp_mode": "catmullrom"
						},
						"0.1875": {
							"post": [-0.34, 0, 0.125],
							"lerp_mode": "catmullrom"
						},
						"0.4375": {
							"post": [0.75, 0.75, 0.3125],
							"lerp_mode": "catmullrom"
						},
						"0.625": {
							"post": [1.25, 0.75, 0],
							"lerp_mode": "catmullrom"
						},
						"0.7292": {
							"post": [2.25, 0.25, 0.375],
							"lerp_mode": "catmullrom"
						},
						"0.8125": {
							"post": [0.75, 0.5, -0.375],
							"lerp_mode": "catmullrom"
						},
						"0.8958": {
							"post": [1.25, 0.75, -0.1875],
							"lerp_mode": "catmullrom"
						},
						"1.0208": {
							"post": [1.5, 0.5, 0],
							"lerp_mode": "catmullrom"
						},
						"1.1875": {
							"post": [1.48, 0.49, 0.16],
							"lerp_mode": "catmullrom"
						},
						"1.4167": {
							"post": [0.9575, 0.48, 0.25],
							"lerp_mode": "catmullrom"
						},
						"1.6875": {
							"post": [1, 0.25, -0.1875],
							"lerp_mode": "catmullrom"
						},
						"1.8542": {
							"post": [1.25, 0.25, -0.1875],
							"lerp_mode": "catmullrom"
						},
						"1.9167": {
							"post": [-0.25, 0, 0.375],
							"lerp_mode": "catmullrom"
						},
						"2.0208": {
							"post": [0.25, 0.5, -0.3125],
							"lerp_mode": "catmullrom"
						},
						"2.0833": {
							"post": [0, 0.625, -0.25],
							"lerp_mode": "catmullrom"
						},
						"2.2083": {
							"post": [0.25, 0.3125, 0.125],
							"lerp_mode": "catmullrom"
						},
						"2.4792": {
							"post": [0.755, 0.12, 0.15],
							"lerp_mode": "catmullrom"
						},
						"2.7083": {
							"post": [-0.25, 0, 0.255],
							"lerp_mode": "catmullrom"
						},
						"2.9375": {
							"post": [0, 0, -0.125],
							"lerp_mode": "catmullrom"
						},
						"3.125": {
							"post": [0, 0, 0],
							"lerp_mode": "catmullrom"
						}
					}
				}
			},
			"sound_effects": {
				"0.0208": {
					"effect": "hamster:pistol/pistol_raise"
				},
				"0.6042": {
					"effect": "hamster:makarov/makarov_magout"
				},
				"1.6875": {
					"effect": "hamster:makarov/makarov_magin"
				},
				"2.5833": {
					"effect": "hamster:pistol/pistol_grab"
				}
			}
		},
		"bullet_state": {
			"animation_length": 1.2,
			"bones": {
				"bullet": {
					"scale": {
						"0.7": [1, 1, 1],
						"0.8": {"pre": [1, 1, 1], "post": [0, 0, 0]}
					}
				},
				"bullet2": {
					"scale": {
						"0.6": [1, 1, 1],
						"0.7": {"pre": [1, 1, 1], "post": [0, 0, 0]}
					}
				},
				"bullet3": {
					"scale": {
						"0.5": [1, 1, 1],
						"0.6": {"pre": [1, 1, 1], "post": [0, 0, 0]}
					}
				},
				"bullet4": {
					"scale": {
						"0.4": [1, 1, 1],
						"0.5": {"pre": [1, 1, 1], "post": [0, 0, 0]}
					}
				},
				"bullet5": {
					"scale": {
						"0.3": [1, 1, 1],
						"0.4": {"pre": [1, 1, 1], "post": [0, 0, 0]}
					}
				},
				"bullet6": {
					"scale": {
						"0.2": [1, 1, 1],
						"0.3": {"pre": [1, 1, 1], "post": [0, 0, 0]}
					}
				},
				"bullet7": {
					"scale": {
						"0.1": [1, 1, 1],
						"0.2": {"pre": [1, 1, 1], "post": [0, 0, 0]}
					}
				},
				"bullet8": {
					"scale": {
						"0.0": [1, 1, 1],
						"0.1": {"pre": [1, 1, 1], "post": [0, 0, 0]}
					}
				},
				"spring": {
					"scale": {
						"0.0": [1, 0.1, 1],
						"0.7": [1, 1, 1],
						"0.8": [1, 1.075, 1],
						"1.2": [1, 1.075, 1]
					}
				},
				"board": {
					"position": {
						"0.0": [0, -3.3125, 0.4375],
						"0.7": [0, 0, 0],
						"0.8": [0, 0.3125, 0],
						"1.2": [0, 0.31, 0]
					}
				}
			}
		},
		"inspect": {
			"animation_length": 8,
			"bones": {
				"root": {
					"rotation": {
						"0.0": {
							"post": [0, 0, 0],
							"lerp_mode": "catmullrom"
						},
						"0.2708": {
							"post": [-5.51436, -28.05646, -0.98274],
							"lerp_mode": "catmullrom"
						},
						"0.5": {
							"post": [32.63402, -57.073, -45.76126],
							"lerp_mode": "catmullrom"
						},
						"0.625": {
							"post": [36.69855, -58.5091, -52.92581],
							"lerp_mode": "catmullrom"
						},
						"0.75": {
							"post": [34.34, -58.48, -54.055],
							"lerp_mode": "catmullrom"
						},
						"0.8958": {
							"post": [36.15803, -52.83154, -59.49059],
							"lerp_mode": "catmullrom"
						},
						"0.9792": {
							"post": [32.36, -54.36, -50.5],
							"lerp_mode": "catmullrom"
						},
						"1.0625": {
							"post": [27.06774, -57.08287, -48.38009],
							"lerp_mode": "catmullrom"
						},
						"1.2917": {
							"post": [16.98042, -60.92196, -46.67834],
							"lerp_mode": "catmullrom"
						},
						"1.6042": {
							"post": [24.39716, -58.52551, -51.52723],
							"lerp_mode": "catmullrom"
						},
						"2.3125": {
							"post": [28.51, -49.0975, -55.66],
							"lerp_mode": "catmullrom"
						},
						"2.6875": {
							"post": [24.39716, -58.52551, -51.52723],
							"lerp_mode": "catmullrom"
						},
						"2.9792": {
							"post": [-30.69671, -20.84411, 6.10237],
							"lerp_mode": "catmullrom"
						},
						"3.0833": {
							"post": [-36.02, -15.27, 7.775],
							"lerp_mode": "catmullrom"
						},
						"3.2083": {
							"post": [-33.15, -6.63, 17.215],
							"lerp_mode": "catmullrom"
						},
						"3.4792": {
							"post": [-25, 7, 47.5],
							"lerp_mode": "catmullrom"
						},
						"3.7083": {
							"post": [-35.51424, 3.69511, 44.43833],
							"lerp_mode": "catmullrom"
						},
						"3.8125": {
							"post": [-39.1, 3.48, 44.53],
							"lerp_mode": "catmullrom"
						},
						"3.9792": {
							"post": [-36.76, 4.04, 45.16],
							"lerp_mode": "catmullrom"
						},
						"4.1042": {
							"post": [-39.58434, 6.14885, 43.86294],
							"lerp_mode": "catmullrom"
						},
						"4.2083": {
							"post": [-39.16, 5.94, 40.6925],
							"lerp_mode": "catmullrom"
						},
						"4.375": {
							"post": [-37.98, 5.31, 43.0625],
							"lerp_mode": "catmullrom"
						},
						"4.6042": {
							"post": [-39.25, 6.65, 49.44],
							"lerp_mode": "catmullrom"
						},
						"4.7292": {
							"post": [-39.69, 7.13, 50.22],
							"lerp_mode": "catmullrom"
						},
						"4.7708": {
							"post": [-35.73, 9.24, 48.62],
							"lerp_mode": "catmullrom"
						},
						"4.8333": {
							"post": [-40.39, 12.1325, 46.485],
							"lerp_mode": "catmullrom"
						},
						"4.9792": {
							"post": [-40.57, 8.06, 51.74],
							"lerp_mode": "catmullrom"
						},
						"5.1667": {
							"post": [-40.64, 8.02, 52.15],
							"lerp_mode": "catmullrom"
						},
						"5.2708": {
							"post": [-35.51424, 3.69511, 44.43833],
							"lerp_mode": "catmullrom"
						},
						"5.5208": {
							"post": [-24.26, -16.01, 9.95],
							"lerp_mode": "catmullrom"
						},
						"5.8125": {
							"post": [-10.69777, -22.05862, -13.80861],
							"lerp_mode": "catmullrom"
						},
						"6.2083": {
							"post": [-5.35, -17.2, -19.94],
							"lerp_mode": "catmullrom"
						},
						"6.3333": {
							"post": [-5.61, -17.44, -16.565],
							"lerp_mode": "catmullrom"
						},
						"6.3958": {
							"post": [-8.925, -13.51, -15.63],
							"lerp_mode": "catmullrom"
						},
						"6.4583": {
							"post": [-9.765, -9.29, -13.85],
							"lerp_mode": "catmullrom"
						},
						"6.5833": {
							"post": [-8.58, -7.16, -3.79],
							"lerp_mode": "catmullrom"
						},
						"6.6875": {
							"post": [-9.30927, -10.93066, 4.74284],
							"lerp_mode": "catmullrom"
						},
						"6.8542": {
							"post": [-6.1, -3.64, 3.84],
							"lerp_mode": "catmullrom"
						},
						"7.125": {
							"post": [0, 0, 0],
							"lerp_mode": "catmullrom"
						},
						"7.3125": {
							"post": [0, 0, 0],
							"lerp_mode": "catmullrom"
						},
						"7.5": {
							"post": [0, 0, 0],
							"lerp_mode": "catmullrom"
						}
					},
					"position": {
						"0.0": {
							"post": [0, 0, 0],
							"lerp_mode": "catmullrom"
						},
						"0.2708": {
							"post": [0.55, -0.4, -1.66],
							"lerp_mode": "catmullrom"
						},
						"0.5": {
							"post": [1, 2.25, -3.4375],
							"lerp_mode": "catmullrom"
						},
						"0.75": {
							"post": [1.01, 2.08, -3.06],
							"lerp_mode": "catmullrom"
						},
						"0.875": {
							"post": [1.25, 0.33, -3.3625],
							"lerp_mode": "catmullrom"
						},
						"0.9792": {
							"post": [1.0425, 0.4625, -2.695],
							"lerp_mode": "catmullrom"
						},
						"1.1458": {
							"post": [0.855, 0.195, -2.85],
							"lerp_mode": "catmullrom"
						},
						"1.2917": {
							"post": [0.73, -0.06, -3.07],
							"lerp_mode": "catmullrom"
						},
						"1.6042": {
							"post": [0.93, -0.1, -3.14],
							"lerp_mode": "catmullrom"
						},
						"2.3125": {
							"post": [0.84, -0.08, -3.15],
							"lerp_mode": "catmullrom"
						},
						"2.6875": {
							"post": [0.93, -0.1, -3.14],
							"lerp_mode": "catmullrom"
						},
						"2.9792": {
							"post": [2.25, -0.75, -3],
							"lerp_mode": "catmullrom"
						},
						"3.1042": {
							"post": [2.325, -1.14, -2.38],
							"lerp_mode": "catmullrom"
						},
						"3.25": {
							"post": [3.42, -0.7925, -1.78],
							"lerp_mode": "catmullrom"
						},
						"3.4792": {
							"post": [4, 0.5, 0],
							"lerp_mode": "catmullrom"
						},
						"3.7083": {
							"post": [4.06, 0.04, 0.1],
							"lerp_mode": "catmullrom"
						},
						"3.8125": {
							"post": [4.08, 0.01, 0.08],
							"lerp_mode": "catmullrom"
						},
						"3.9792": {
							"post": [4.12, 0.01, 0.13],
							"lerp_mode": "catmullrom"
						},
						"4.1042": {
							"post": [4.14, -0.3025, 0.89],
							"lerp_mode": "catmullrom"
						},
						"4.1875": {
							"post": [4.19, -0.185, 0.57],
							"lerp_mode": "catmullrom"
						},
						"4.375": {
							"post": [4.23, -0.29, 0.5725],
							"lerp_mode": "catmullrom"
						},
						"4.6042": {
							"post": [4.36, -0.22, 0.26],
							"lerp_mode": "catmullrom"
						},
						"4.7292": {
							"post": [4.4, -0.22, 0.28],
							"lerp_mode": "catmullrom"
						},
						"4.8125": {
							"post": [4.42, 0.03, -0.21],
							"lerp_mode": "catmullrom"
						},
						"4.9792": {
							"post": [4.48, 0.05, 0.22],
							"lerp_mode": "catmullrom"
						},
						"5.1667": {
							"post": [4.35, 0.15, 0.23],
							"lerp_mode": "catmullrom"
						},
						"5.2708": {
							"post": [4.06, -0.335, -0.15],
							"lerp_mode": "catmullrom"
						},
						"5.375": {
							"post": [3.32, -0.82, -0.28],
							"lerp_mode": "catmullrom"
						},
						"5.5208": {
							"post": [2, -1.355, -0.96],
							"lerp_mode": "catmullrom"
						},
						"5.8125": {
							"post": [0, -0.4375, -2],
							"lerp_mode": "catmullrom"
						},
						"6.0833": {
							"post": [-0.15, 0.1, -2.14],
							"lerp_mode": "catmullrom"
						},
						"6.2083": {
							"post": [-0.14, -0.18, -1.7225],
							"lerp_mode": "catmullrom"
						},
						"6.2917": {
							"post": [-0.11, 0.7375, -1.9925],
							"lerp_mode": "catmullrom"
						},
						"6.3958": {
							"post": [-0.09, 0.51, -2.14],
							"lerp_mode": "catmullrom"
						},
						"6.5": {
							"post": [-0.06, -0.4975, -2.22],
							"lerp_mode": "catmullrom"
						},
						"6.75": {
							"post": [0, -1.25, -2],
							"lerp_mode": "catmullrom"
						},
						"6.9375": {
							"post": [0, -0.53, -0.4125],
							"lerp_mode": "catmullrom"
						},
						"7.125": {
							"post": [0, 0, -0.625],
							"lerp_mode": "catmullrom"
						},
						"7.3125": {
							"post": [0, 0, 0.1875],
							"lerp_mode": "catmullrom"
						},
						"7.5": {
							"post": [0, 0, 0],
							"lerp_mode": "catmullrom"
						}
					}
				},
				"constraint": {
					"rotation": [0.1, 0.1, 0.1],
					"position": [0.1, 0.1, 0.1]
				},
				"rightHand": {
					"rotation": {
						"0.0": {
							"post": [94.9832, 2.35911, -175.14678],
							"lerp_mode": "catmullrom"
						},
						"0.5": {
							"post": [95.41971, 0.99279, -160.20565],
							"lerp_mode": "catmullrom"
						},
						"3.25": {
							"post": [95.41971, 0.99279, -160.20565],
							"lerp_mode": "catmullrom"
						},
						"3.75": {
							"post": [135.59603, 3.8139, -155.95619],
							"lerp_mode": "catmullrom"
						},
						"3.9792": {
							"post": [134.96, 3.77, -155.98],
							"lerp_mode": "catmullrom"
						},
						"4.1042": {
							"post": [148.85555, 3.69089, -156.08047],
							"lerp_mode": "catmullrom"
						},
						"4.6875": {
							"post": [148.85555, 3.69089, -156.08047],
							"lerp_mode": "catmullrom"
						},
						"4.8125": {
							"post": [134.96, 3.77, -155.98],
							"lerp_mode": "catmullrom"
						},
						"5.2708": {
							"post": [95.41971, 0.99279, -160.20565],
							"lerp_mode": "catmullrom"
						},
						"6.5625": {
							"post": [95.41971, 0.99279, -160.20565],
							"lerp_mode": "catmullrom"
						},
						"6.8125": {
							"post": [94.9832, 2.35911, -175.14678],
							"lerp_mode": "catmullrom"
						}
					},
					"position": {
						"0.0": {
							"post": [-6.725, -16.8, -7.025],
							"lerp_mode": "catmullrom"
						},
						"0.5": {
							"post": [-8.22, -16.3, -7.02],
							"lerp_mode": "catmullrom"
						},
						"3.25": {
							"post": [-8.22, -16.3, -7.02],
							"lerp_mode": "catmullrom"
						},
						"3.75": {
							"post": [-7.98, -14.3, -6.52],
							"lerp_mode": "catmullrom"
						},
						"3.9792": {
							"post": [-7.99, -14.33, -6.53],
							"lerp_mode": "catmullrom"
						},
						"4.1042": {
							"post": [-7.5, -14.38, -5.54],
							"lerp_mode": "catmullrom"
						},
						"4.6875": {
							"post": [-7.5, -14.38, -5.54],
							"lerp_mode": "catmullrom"
						},
						"4.8125": {
							"post": [-8.49, -14.33, -4.53],
							"lerp_mode": "catmullrom"
						},
						"5.0208": {
							"post": [-9.44, -15.2, -5.57],
							"lerp_mode": "catmullrom"
						},
						"5.2708": {
							"post": [-8.22, -16.3, -7.02],
							"lerp_mode": "catmullrom"
						},
						"6.5625": {
							"post": [-8.22, -16.3, -7.02],
							"lerp_mode": "catmullrom"
						},
						"6.8125": {
							"post": [-6.725, -16.8, -7.025],
							"lerp_mode": "catmullrom"
						}
					},
					"scale": [1, 1.5, 1]
				},
				"leftHand": {
					"rotation": {
						"0.0": {
							"post": [93.8798, -36.27327, -156.13393],
							"lerp_mode": "catmullrom"
						},
						"0.5": {
							"post": [93.88, -36.27, -156.13],
							"lerp_mode": "catmullrom"
						},
						"0.75": {
							"post": [71.32692, -31.88767, -116.98038],
							"lerp_mode": "catmullrom"
						},
						"1.0": {
							"post": [69.66, -31.56, -114.08],
							"lerp_mode": "catmullrom"
						},
						"1.5625": {
							"post": [104.24163, 24.90958, -202.045],
							"lerp_mode": "catmullrom"
						},
						"2.5833": {
							"post": [104.24163, 24.90958, -202.045],
							"lerp_mode": "catmullrom"
						},
						"2.9792": {
							"post": [110.6711, -6.82662, -206.92045],
							"lerp_mode": "catmullrom"
						},
						"3.4792": {
							"post": [110.67, -6.83, -206.92],
							"lerp_mode": "catmullrom"
						},
						"5.8125": {
							"post": [110.67, -6.83, -206.92],
							"lerp_mode": "catmullrom"
						},
						"6.3333": {
							"post": [99.234, -41.38867, -166.67709],
							"lerp_mode": "catmullrom"
						},
						"6.7292": {
							"post": [93.8798, -36.27327, -156.13393],
							"lerp_mode": "catmullrom"
						}
					},
					"position": {
						"0.0": {
							"post": [6.75, -17.75, -9],
							"lerp_mode": "catmullrom"
						},
						"0.5": {
							"post": [6.75, -20.75, -7],
							"lerp_mode": "catmullrom"
						},
						"0.75": {
							"post": [6.75, -20.75, -6],
							"lerp_mode": "catmullrom"
						},
						"1.0": {
							"post": [6.75, -20.75, -5.93],
							"lerp_mode": "catmullrom"
						},
						"1.5625": {
							"post": [7.75, -19.25, -5.75],
							"lerp_mode": "catmullrom"
						},
						"2.5833": {
							"post": [7.75, -19.25, -5.75],
							"lerp_mode": "catmullrom"
						},
						"2.9792": {
							"post": [7.75, -18.25, -5.75],
							"lerp_mode": "catmullrom"
						},
						"3.4792": {
							"post": [6.75, -17.25, -6.75],
							"lerp_mode": "catmullrom"
						},
						"5.8125": {
							"post": [6.75, -17.25, -6.75],
							"lerp_mode": "catmullrom"
						},
						"6.3333": {
							"post": [7.75, -17.25, -6.75],
							"lerp_mode": "catmullrom"
						},
						"6.5": {
							"post": [7.66, -17.96, -7.67],
							"lerp_mode": "catmullrom"
						},
						"6.7292": {
							"post": [6.75, -17.75, -9],
							"lerp_mode": "catmullrom"
						}
					},
					"scale": [1, 1.5, 1]
				},
				"slide": {
					"position": {
						"3.9792": [0, 0, 0],
						"4.1042": [0, 0, 1],
						"4.6875": [0, 0, 1],
						"4.7292": [0, 0, 0]
					}
				},
				"lefthand_and_mag": {
					"rotation": {
						"0.75": [0, 0, 0],
						"0.8958": [0, 0, 0],
						"1.0208": {
							"pre": [-10, 0, 0],
							"post": [-10, 0, 0],
							"lerp_mode": "catmullrom"
						},
						"1.25": {
							"post": [20.11661, 25.6375, 55.17437],
							"lerp_mode": "catmullrom"
						},
						"1.5625": {
							"post": [128.07854, 37.18207, 167.95712],
							"lerp_mode": "catmullrom"
						},
						"2.0417": {
							"post": [139.04, 38.9, 180.71],
							"lerp_mode": "catmullrom"
						},
						"2.2708": {
							"post": [161.65987, 66.8094, 213.23347],
							"lerp_mode": "catmullrom"
						},
						"2.5833": {
							"post": [161.65987, 66.8094, 213.23347],
							"lerp_mode": "catmullrom"
						},
						"2.9792": [15.41469, 5.54214, 3.39712],
						"5.6458": [15.41469, 5.54214, 3.39712],
						"5.9792": {
							"pre": [-11.05357, -0.43961, -28.59238],
							"post": [-11.05357, -0.43961, -28.59238],
							"lerp_mode": "catmullrom"
						},
						"6.125": [0, 0, 0],
						"6.2917": [0, 0, 0]
					},
					"position": {
						"0.75": [0, 0, 0],
						"0.8958": [0, -4.625, 0.625],
						"1.0208": {
							"pre": [0, -6.625, 0.625],
							"post": [0, -6.625, 0.625],
							"lerp_mode": "catmullrom"
						},
						"1.5625": {
							"post": [3, -2.12, -3.37],
							"lerp_mode": "catmullrom"
						},
						"2.0417": {
							"post": [3.27, -2.41, -3.74],
							"lerp_mode": "catmullrom"
						},
						"2.5833": {
							"post": [3, -2.62, -3.37],
							"lerp_mode": "catmullrom"
						},
						"2.9792": [1, 0.38, -0.37],
						"5.6458": [1, 0.38, -0.37],
						"5.9792": {
							"pre": [2, -5.62, -0.37],
							"post": [2, -5.62, -0.37],
							"lerp_mode": "catmullrom"
						},
						"6.125": [0, -4.625, 0.625],
						"6.2917": [0, 0, 0]
					}
				},
				"camera": {
					"rotation": {
						"0.0": {
							"post": [0, 0, 0],
							"lerp_mode": "catmullrom"
						},
						"0.3125": {
							"post": [-0.34, 0.5, 0],
							"lerp_mode": "catmullrom"
						},
						"0.625": {
							"post": [1.25, 1.5, 0],
							"lerp_mode": "catmullrom"
						},
						"0.75": {
							"post": [0.75, 1.5, 0.8125],
							"lerp_mode": "catmullrom"
						},
						"0.8125": {
							"post": [2.5, 0.75, -0.5625],
							"lerp_mode": "catmullrom"
						},
						"0.8958": {
							"post": [1.5, 1.25, -0.75],
							"lerp_mode": "catmullrom"
						},
						"1.2292": {
							"post": [1.5, 1.25, -0.5],
							"lerp_mode": "catmullrom"
						},
						"1.4583": {
							"post": [1.25, -1, -0.25],
							"lerp_mode": "catmullrom"
						},
						"1.6667": {
							"post": [1.03, -0.725, 0],
							"lerp_mode": "catmullrom"
						},
						"2.0": {
							"post": [0.75, -1, 0],
							"lerp_mode": "catmullrom"
						},
						"2.2292": {
							"post": [2.5, -2.75, 0.375],
							"lerp_mode": "catmullrom"
						},
						"2.375": {
							"post": [2.02, -2.75, -0.5],
							"lerp_mode": "catmullrom"
						},
						"2.7917": {
							"post": [1.54, -1.75, 0],
							"lerp_mode": "catmullrom"
						},
						"3.0": {
							"post": [1, -1, -0.375],
							"lerp_mode": "catmullrom"
						},
						"3.1042": {
							"post": [1, -2, 0.375],
							"lerp_mode": "catmullrom"
						},
						"3.3542": {
							"post": [2, -0.25, 0],
							"lerp_mode": "catmullrom"
						},
						"3.9792": {
							"post": [2.75, -0.25, 0],
							"lerp_mode": "catmullrom"
						},
						"4.1458": {
							"post": [3.5, -0.75, -0.9375],
							"lerp_mode": "catmullrom"
						},
						"4.2292": {
							"post": [1.75, 0, -0.625],
							"lerp_mode": "catmullrom"
						},
						"4.2917": {
							"post": [1.89, -0.08, 0.7725],
							"lerp_mode": "catmullrom"
						},
						"4.5208": {
							"post": [2.25, -0.25, 0],
							"lerp_mode": "catmullrom"
						},
						"4.7292": {
							"post": [2.25, -0.25, -0.5],
							"lerp_mode": "catmullrom"
						},
						"4.8542": {
							"post": [1.5, -0.5, 0],
							"lerp_mode": "catmullrom"
						},
						"4.9583": {
							"post": [3, 0.25, -0.75],
							"lerp_mode": "catmullrom"
						},
						"5.0208": {
							"post": [2.84, 0.63, 0.5625],
							"lerp_mode": "catmullrom"
						},
						"5.1458": {
							"post": [2.5, 1, 0],
							"lerp_mode": "catmullrom"
						},
						"5.2708": {
							"post": [2.66, 0.53, -0.04],
							"lerp_mode": "catmullrom"
						},
						"5.3958": {
							"post": [3.3375, 1.27, -0.28],
							"lerp_mode": "catmullrom"
						},
						"5.5": {
							"post": [3, 1, 0.25],
							"lerp_mode": "catmullrom"
						},
						"5.8958": {
							"post": [3.19, 0.95, 1],
							"lerp_mode": "catmullrom"
						},
						"6.2083": {
							"post": [2.75, 1, 0.75],
							"lerp_mode": "catmullrom"
						},
						"6.3333": {
							"post": [0.75, 1.75, -0.5],
							"lerp_mode": "catmullrom"
						},
						"6.5": {
							"post": [1, 0.25, 0],
							"lerp_mode": "catmullrom"
						},
						"6.7708": {
							"post": [0.25, 0.5, 0],
							"lerp_mode": "catmullrom"
						},
						"7.2708": {
							"post": [0.125, -0.25, 0],
							"lerp_mode": "catmullrom"
						},
						"7.375": {
							"post": [-0.4225, 0.0475, 0.3125],
							"lerp_mode": "catmullrom"
						},
						"7.5": {
							"post": [-0.27, -0.07, -0.25],
							"lerp_mode": "catmullrom"
						},
						"7.75": {
							"post": [0, 0, 0],
							"lerp_mode": "catmullrom"
						}
					}
				}
			},
			"sound_effects": {
				"0.0208": {
					"effect": "hamster:pistol/pistol_raise"
				},
				"0.7708": {
					"effect": "hamster:makarov/makarov_magout"
				},
				"2.8542": {
					"effect": "hamster:pistol/pistol_grab_2"
				},
				"3.9583": {
					"effect": "hamster:makarov/makarov_openbolt"
				},
				"4.7083": {
					"effect": "hamster:makarov/makarov_closebolt"
				},
				"5.3542": {
					"effect": "hamster:pistol/pistol_grab"
				},
				"6.1458": {
					"effect": "hamster:makarov/makarov_magin"
				},
				"7.0833": {
					"effect": "hamster:pistol/pistol_grab_1"
				}
			}
		},
		"inspect_empty": {
			"animation_length": 6.6875,
			"bones": {
				"root": {
					"rotation": {
						"0.0": {
							"post": [0, 0, 0],
							"lerp_mode": "catmullrom"
						},
						"0.2708": {
							"post": [-5.51436, -28.05646, -0.98274],
							"lerp_mode": "catmullrom"
						},
						"0.5": {
							"post": [32.63402, -57.073, -45.76126],
							"lerp_mode": "catmullrom"
						},
						"0.625": {
							"post": [36.69855, -58.5091, -52.92581],
							"lerp_mode": "catmullrom"
						},
						"0.75": {
							"post": [34.34, -58.48, -54.055],
							"lerp_mode": "catmullrom"
						},
						"0.8958": {
							"post": [36.15803, -52.83154, -59.49059],
							"lerp_mode": "catmullrom"
						},
						"0.9792": {
							"post": [32.36, -54.36, -50.5],
							"lerp_mode": "catmullrom"
						},
						"1.0625": {
							"post": [27.06774, -57.08287, -48.38009],
							"lerp_mode": "catmullrom"
						},
						"1.2917": {
							"post": [16.98042, -60.92196, -46.67834],
							"lerp_mode": "catmullrom"
						},
						"1.6042": {
							"post": [24.39716, -58.52551, -51.52723],
							"lerp_mode": "catmullrom"
						},
						"2.3125": {
							"post": [28.51, -49.0975, -55.66],
							"lerp_mode": "catmullrom"
						},
						"2.6875": {
							"post": [24.39716, -58.52551, -51.52723],
							"lerp_mode": "catmullrom"
						},
						"2.9792": {
							"post": [-30.69671, -20.84411, 6.10237],
							"lerp_mode": "catmullrom"
						},
						"3.0833": {
							"post": [-36.02, -15.27, 7.775],
							"lerp_mode": "catmullrom"
						},
						"3.2083": {
							"post": [-33.15, -6.63, 17.215],
							"lerp_mode": "catmullrom"
						},
						"3.4792": {
							"post": [-25, 7, 47.5],
							"lerp_mode": "catmullrom"
						},
						"3.7083": {
							"post": [-35.51424, 3.69511, 44.43833],
							"lerp_mode": "catmullrom"
						},
						"3.9792": {
							"post": [-40.57, 8.06, 51.74],
							"lerp_mode": "catmullrom"
						},
						"4.1667": {
							"post": [-40.64, 8.02, 52.15],
							"lerp_mode": "catmullrom"
						},
						"4.2708": {
							"post": [-35.51424, 3.69511, 44.43833],
							"lerp_mode": "catmullrom"
						},
						"4.5208": {
							"post": [-24.26, -16.01, 9.95],
							"lerp_mode": "catmullrom"
						},
						"4.8125": {
							"post": [-10.69777, -22.05862, -13.80861],
							"lerp_mode": "catmullrom"
						},
						"5.2083": {
							"post": [-5.35, -17.2, -19.94],
							"lerp_mode": "catmullrom"
						},
						"5.3333": {
							"post": [-5.61, -17.44, -16.565],
							"lerp_mode": "catmullrom"
						},
						"5.3958": {
							"post": [-8.925, -13.51, -15.63],
							"lerp_mode": "catmullrom"
						},
						"5.4583": {
							"post": [-9.765, -9.29, -13.85],
							"lerp_mode": "catmullrom"
						},
						"5.5833": {
							"post": [-8.58, -7.16, -3.79],
							"lerp_mode": "catmullrom"
						},
						"5.6875": {
							"post": [-9.30927, -10.93066, 4.74284],
							"lerp_mode": "catmullrom"
						},
						"5.8542": {
							"post": [-6.1, -3.64, 3.84],
							"lerp_mode": "catmullrom"
						},
						"6.125": {
							"post": [0, 0, 0],
							"lerp_mode": "catmullrom"
						},
						"6.3125": {
							"post": [0, 0, 0],
							"lerp_mode": "catmullrom"
						},
						"6.5": {
							"post": [0, 0, 0],
							"lerp_mode": "catmullrom"
						}
					},
					"position": {
						"0.0": {
							"post": [0, 0, 0],
							"lerp_mode": "catmullrom"
						},
						"0.2708": {
							"post": [0.55, -0.4, -1.66],
							"lerp_mode": "catmullrom"
						},
						"0.5": {
							"post": [1, 2.25, -3.4375],
							"lerp_mode": "catmullrom"
						},
						"0.75": {
							"post": [1.01, 2.08, -3.06],
							"lerp_mode": "catmullrom"
						},
						"0.875": {
							"post": [1.25, 0.33, -3.3625],
							"lerp_mode": "catmullrom"
						},
						"0.9792": {
							"post": [1.0425, 0.4625, -2.695],
							"lerp_mode": "catmullrom"
						},
						"1.1458": {
							"post": [0.855, 0.195, -2.85],
							"lerp_mode": "catmullrom"
						},
						"1.2917": {
							"post": [0.73, -0.06, -3.07],
							"lerp_mode": "catmullrom"
						},
						"1.6042": {
							"post": [0.93, -0.1, -3.14],
							"lerp_mode": "catmullrom"
						},
						"2.3125": {
							"post": [0.84, -0.08, -3.15],
							"lerp_mode": "catmullrom"
						},
						"2.6875": {
							"post": [0.93, -0.1, -3.14],
							"lerp_mode": "catmullrom"
						},
						"2.9792": {
							"post": [2.25, -0.75, -3],
							"lerp_mode": "catmullrom"
						},
						"3.1042": {
							"post": [2.325, -1.14, -2.38],
							"lerp_mode": "catmullrom"
						},
						"3.25": {
							"post": [3.42, -0.7925, -1.78],
							"lerp_mode": "catmullrom"
						},
						"3.4792": {
							"post": [4, 0.5, 0],
							"lerp_mode": "catmullrom"
						},
						"3.7083": {
							"post": [4.06, 0.04, 0.1],
							"lerp_mode": "catmullrom"
						},
						"3.9792": {
							"post": [4.48, 0.05, 0.22],
							"lerp_mode": "catmullrom"
						},
						"4.1667": {
							"post": [4.35, 0.15, 0.23],
							"lerp_mode": "catmullrom"
						},
						"4.2708": {
							"post": [4.06, -0.335, -0.15],
							"lerp_mode": "catmullrom"
						},
						"4.375": {
							"post": [3.32, -0.82, -0.28],
							"lerp_mode": "catmullrom"
						},
						"4.5208": {
							"post": [2, -1.355, -0.96],
							"lerp_mode": "catmullrom"
						},
						"4.8125": {
							"post": [0, -0.4375, -2],
							"lerp_mode": "catmullrom"
						},
						"5.0833": {
							"post": [-0.15, 0.1, -2.14],
							"lerp_mode": "catmullrom"
						},
						"5.2083": {
							"post": [-0.14, -0.18, -1.7225],
							"lerp_mode": "catmullrom"
						},
						"5.2917": {
							"post": [-0.11, 0.7375, -1.9925],
							"lerp_mode": "catmullrom"
						},
						"5.3958": {
							"post": [-0.09, 0.51, -2.14],
							"lerp_mode": "catmullrom"
						},
						"5.5": {
							"post": [-0.06, -0.4975, -2.22],
							"lerp_mode": "catmullrom"
						},
						"5.75": {
							"post": [0, -1.25, -2],
							"lerp_mode": "catmullrom"
						},
						"5.9375": {
							"post": [0, -0.53, -0.4125],
							"lerp_mode": "catmullrom"
						},
						"6.125": {
							"post": [0, 0, -0.625],
							"lerp_mode": "catmullrom"
						},
						"6.3125": {
							"post": [0, 0, 0.1875],
							"lerp_mode": "catmullrom"
						},
						"6.5": {
							"post": [0, 0, 0],
							"lerp_mode": "catmullrom"
						}
					}
				},
				"constraint": {
					"rotation": [0.1, 0.1, 0.1],
					"position": [0.1, 0.1, 0.1]
				},
				"rightHand": {
					"rotation": {
						"0.0": {
							"post": [94.9832, 2.35911, -175.14678],
							"lerp_mode": "catmullrom"
						},
						"0.5": {
							"post": [95.41971, 0.99279, -160.20565],
							"lerp_mode": "catmullrom"
						},
						"3.25": {
							"post": [95.41971, 0.99279, -160.20565],
							"lerp_mode": "catmullrom"
						},
						"3.5833": {
							"post": [94.20221, 3.56638, -190.12374],
							"lerp_mode": "catmullrom"
						},
						"4.0208": {
							"post": [94.20221, 3.56638, -190.12374],
							"lerp_mode": "catmullrom"
						},
						"4.2708": {
							"post": [95.41971, 0.99279, -160.20565],
							"lerp_mode": "catmullrom"
						},
						"5.5625": {
							"post": [95.41971, 0.99279, -160.20565],
							"lerp_mode": "catmullrom"
						},
						"5.8125": {
							"post": [94.9832, 2.35911, -175.14678],
							"lerp_mode": "catmullrom"
						}
					},
					"position": {
						"0.0": {
							"post": [-6.725, -16.8, -7.025],
							"lerp_mode": "catmullrom"
						},
						"0.5": {
							"post": [-8.22, -16.3, -7.02],
							"lerp_mode": "catmullrom"
						},
						"3.25": {
							"post": [-8.22, -16.3, -7.02],
							"lerp_mode": "catmullrom"
						},
						"3.5833": {
							"post": [-9.04, -16.78, -6.34],
							"lerp_mode": "catmullrom"
						},
						"4.0208": {
							"post": [-9.04, -17.28, -6.34],
							"lerp_mode": "catmullrom"
						},
						"4.2708": {
							"post": [-8.22, -16.3, -7.02],
							"lerp_mode": "catmullrom"
						},
						"5.5625": {
							"post": [-8.22, -16.3, -7.02],
							"lerp_mode": "catmullrom"
						},
						"5.8125": {
							"post": [-6.725, -16.8, -7.025],
							"lerp_mode": "catmullrom"
						}
					},
					"scale": [1, 1.5, 1]
				},
				"leftHand": {
					"rotation": {
						"0.0": {
							"post": [93.8798, -36.27327, -156.13393],
							"lerp_mode": "catmullrom"
						},
						"0.5": {
							"post": [93.88, -36.27, -156.13],
							"lerp_mode": "catmullrom"
						},
						"0.75": {
							"post": [71.32692, -31.88767, -116.98038],
							"lerp_mode": "catmullrom"
						},
						"1.0": {
							"post": [69.66, -31.56, -114.08],
							"lerp_mode": "catmullrom"
						},
						"1.5625": {
							"post": [104.24163, 24.90958, -202.045],
							"lerp_mode": "catmullrom"
						},
						"2.5833": {
							"post": [104.24163, 24.90958, -202.045],
							"lerp_mode": "catmullrom"
						},
						"2.9792": {
							"post": [110.6711, -6.82662, -206.92045],
							"lerp_mode": "catmullrom"
						},
						"3.4792": {
							"post": [110.67, -6.83, -206.92],
							"lerp_mode": "catmullrom"
						},
						"4.8125": {
							"post": [110.67, -6.83, -206.92],
							"lerp_mode": "catmullrom"
						},
						"5.3333": {
							"post": [99.234, -41.38867, -166.67709],
							"lerp_mode": "catmullrom"
						},
						"5.7292": {
							"post": [93.8798, -36.27327, -156.13393],
							"lerp_mode": "catmullrom"
						}
					},
					"position": {
						"0.0": {
							"post": [6.75, -17.75, -9],
							"lerp_mode": "catmullrom"
						},
						"0.5": {
							"post": [6.75, -20.75, -7],
							"lerp_mode": "catmullrom"
						},
						"0.75": {
							"post": [6.75, -20.75, -6],
							"lerp_mode": "catmullrom"
						},
						"1.0": {
							"post": [6.75, -20.75, -5.93],
							"lerp_mode": "catmullrom"
						},
						"1.5625": {
							"post": [7.75, -19.25, -5.75],
							"lerp_mode": "catmullrom"
						},
						"2.5833": {
							"post": [7.75, -19.25, -5.75],
							"lerp_mode": "catmullrom"
						},
						"2.9792": {
							"post": [7.75, -18.25, -5.75],
							"lerp_mode": "catmullrom"
						},
						"3.4792": {
							"post": [6.75, -17.25, -6.75],
							"lerp_mode": "catmullrom"
						},
						"4.8125": {
							"post": [6.75, -17.25, -6.75],
							"lerp_mode": "catmullrom"
						},
						"5.3333": {
							"post": [7.75, -17.25, -6.75],
							"lerp_mode": "catmullrom"
						},
						"5.5": {
							"post": [7.66, -17.96, -7.67],
							"lerp_mode": "catmullrom"
						},
						"5.7292": {
							"post": [6.75, -17.75, -9],
							"lerp_mode": "catmullrom"
						}
					},
					"scale": [1, 1.5, 1]
				},
				"slide": {
					"position": [0, 0, 1.75]
				},
				"lefthand_and_mag": {
					"rotation": {
						"0.75": [0, 0, 0],
						"0.8958": [0, 0, 0],
						"1.0208": {
							"pre": [-10, 0, 0],
							"post": [-10, 0, 0],
							"lerp_mode": "catmullrom"
						},
						"1.25": {
							"post": [20.11661, 25.6375, 55.17437],
							"lerp_mode": "catmullrom"
						},
						"1.5625": {
							"post": [128.07854, 37.18207, 167.95712],
							"lerp_mode": "catmullrom"
						},
						"2.0417": {
							"post": [139.04, 38.9, 180.71],
							"lerp_mode": "catmullrom"
						},
						"2.2708": {
							"post": [161.65987, 66.8094, 213.23347],
							"lerp_mode": "catmullrom"
						},
						"2.5833": {
							"post": [161.65987, 66.8094, 213.23347],
							"lerp_mode": "catmullrom"
						},
						"2.9792": [15.41469, 5.54214, 3.39712],
						"4.6458": [15.41469, 5.54214, 3.39712],
						"4.9792": {
							"pre": [-11.05357, -0.43961, -28.59238],
							"post": [-11.05357, -0.43961, -28.59238],
							"lerp_mode": "catmullrom"
						},
						"5.125": [0, 0, 0],
						"5.2917": [0, 0, 0]
					},
					"position": {
						"0.75": [0, 0, 0],
						"0.8958": [0, -4.625, 0.625],
						"1.0208": {
							"pre": [0, -6.625, 0.625],
							"post": [0, -6.625, 0.625],
							"lerp_mode": "catmullrom"
						},
						"1.5625": {
							"post": [3, -2.12, -3.37],
							"lerp_mode": "catmullrom"
						},
						"2.0417": {
							"post": [3.27, -2.41, -3.74],
							"lerp_mode": "catmullrom"
						},
						"2.5833": {
							"post": [3, -2.62, -3.37],
							"lerp_mode": "catmullrom"
						},
						"2.9792": [1, 0.38, -0.37],
						"4.6458": [1, 0.38, -0.37],
						"4.9792": {
							"pre": [2, -5.62, -0.37],
							"post": [2, -5.62, -0.37],
							"lerp_mode": "catmullrom"
						},
						"5.125": [0, -4.625, 0.625],
						"5.2917": [0, 0, 0]
					}
				},
				"allbullet": {
					"scale": 0
				},
				"camera": {
					"rotation": {
						"0.0": {
							"post": [0, 0, 0],
							"lerp_mode": "catmullrom"
						},
						"0.3125": {
							"post": [-0.34, 0.5, 0],
							"lerp_mode": "catmullrom"
						},
						"0.625": {
							"post": [1.25, 1.5, 0],
							"lerp_mode": "catmullrom"
						},
						"0.75": {
							"post": [0.75, 1.5, 0.8125],
							"lerp_mode": "catmullrom"
						},
						"0.8125": {
							"post": [2.5, 0.75, -0.5625],
							"lerp_mode": "catmullrom"
						},
						"0.8958": {
							"post": [1.5, 1.25, -0.75],
							"lerp_mode": "catmullrom"
						},
						"1.2292": {
							"post": [1.5, 1.25, -0.5],
							"lerp_mode": "catmullrom"
						},
						"1.4583": {
							"post": [1.25, -1, -0.25],
							"lerp_mode": "catmullrom"
						},
						"1.6667": {
							"post": [1.03, -0.725, 0],
							"lerp_mode": "catmullrom"
						},
						"2.0": {
							"post": [0.75, -1, 0],
							"lerp_mode": "catmullrom"
						},
						"2.2292": {
							"post": [2.5, -2.75, 0.375],
							"lerp_mode": "catmullrom"
						},
						"2.375": {
							"post": [2.02, -2.75, -0.5],
							"lerp_mode": "catmullrom"
						},
						"2.7917": {
							"post": [1.54, -1.75, 0],
							"lerp_mode": "catmullrom"
						},
						"3.0": {
							"post": [1, -1, -0.375],
							"lerp_mode": "catmullrom"
						},
						"3.1042": {
							"post": [1, -2, 0.375],
							"lerp_mode": "catmullrom"
						},
						"3.3542": {
							"post": [2, -0.25, 0],
							"lerp_mode": "catmullrom"
						},
						"3.6667": {
							"post": [2.59, 0.09, -0.5],
							"lerp_mode": "catmullrom"
						},
						"3.9583": {
							"post": [3, 0.25, -0.75],
							"lerp_mode": "catmullrom"
						},
						"4.5": {
							"post": [3, 1, 0.25],
							"lerp_mode": "catmullrom"
						},
						"4.8958": {
							"post": [3.19, 0.95, 1],
							"lerp_mode": "catmullrom"
						},
						"5.2083": {
							"post": [2.75, 1, 0.75],
							"lerp_mode": "catmullrom"
						},
						"5.3333": {
							"post": [0.75, 1.75, -0.5],
							"lerp_mode": "catmullrom"
						},
						"5.5": {
							"post": [1, 0.25, 0],
							"lerp_mode": "catmullrom"
						},
						"5.7708": {
							"post": [0.25, 0.5, 0],
							"lerp_mode": "catmullrom"
						},
						"6.2708": {
							"post": [0.125, -0.25, 0],
							"lerp_mode": "catmullrom"
						},
						"6.375": {
							"post": [-0.4225, 0.0475, 0.3125],
							"lerp_mode": "catmullrom"
						},
						"6.5": {
							"post": [-0.27, -0.07, -0.25],
							"lerp_mode": "catmullrom"
						},
						"6.75": {
							"post": [0, 0, 0],
							"lerp_mode": "catmullrom"
						}
					}
				},
				"bullet_in_barrel": {
					"scale": 0
				}
			},
			"sound_effects": {
				"0.0625": {
					"effect": "hamster:pistol/pistol_raise"
				},
				"0.8125": {
					"effect": "hamster:makarov/makarov_magout"
				},
				"2.8958": {
					"effect": "hamster:pistol/pistol_grab_2"
				},
				"4.3542": {
					"effect": "hamster:pistol/pistol_grab"
				},
				"5.2292": {
					"effect": "hamster:makarov/makarov_magin"
				},
				"6.0625": {
					"effect": "hamster:pistol/pistol_grab_1"
				}
			}
		}
	}
}