{
	"format_version": "1.8.0",
	"animations": {
		"static_idle": {
			"loop": true,
			"animation_length": 1.9792,
			"bones": {
				"leftHand": {
					"rotation": [73.72315, -17.60758, -109.90113],
					"position": [6.9, -9.27, -6.57],
					"scale": [1, 1.5, 1]
				},
				"rightHand": {
					"rotation": [87.03865, 15.58439, -169.94461],
					"position": [-6.975, -9.8, 4.725],
					"scale": [1, 1.5, 1]
				},
				"constraint": {
					"rotation": [0.2, 0.2, 0.2],
					"position": [0.2, 0.2, 0.2]
				}
			}
		},
		"put_away": {
			"loop": true,
			"animation_length": 0.9375,
			"bones": {
				"leftHand": {
					"rotation": {
						"0.0": {
							"post": [73.72315, -17.60758, -109.90113],
							"lerp_mode": "catmullrom"
						},
						"0.4375": {
							"post": [73.72315, -17.60758, -109.90113],
							"lerp_mode": "catmullrom"
						},
						"0.5625": {
							"post": [53.72315, -17.60758, -109.90113],
							"lerp_mode": "catmullrom"
						}
					},
					"position": {
						"0.0": {
							"post": [6.9, -9.27, -6.57],
							"lerp_mode": "catmullrom"
						},
						"0.4375": {
							"post": [6.9, -9.27, -6.57],
							"lerp_mode": "catmullrom"
						}
					},
					"scale": [1, 1.5, 1]
				},
				"rightHand": {
					"rotation": [87.03865, 15.58439, -169.94461],
					"position": [-6.975, -9.8, 4.725],
					"scale": [1, 1.5, 1]
				},
				"constraint": {
					"rotation": [0.2, 0.2, 0.2],
					"position": [0.2, 0.2, 0.2]
				},
				"root": {
					"rotation": {
						"0.0": {
							"post": [0, 0, 0],
							"lerp_mode": "catmullrom"
						},
						"0.2917": {
							"post": [-24.81197, -3.1622, -6.80423],
							"lerp_mode": "catmullrom"
						},
						"0.4583": {
							"post": [-46.46688, 1.43547, -18.08085],
							"lerp_mode": "catmullrom"
						},
						"0.625": {
							"post": [-71.38474, 1.38822, -24.3195],
							"lerp_mode": "catmullrom"
						},
						"0.7917": {
							"post": [-82.31197, 42.9003, -6.80423],
							"lerp_mode": "catmullrom"
						}
					},
					"position": {
						"0.0": [0, 0, 0],
						"0.1667": [-1.34, -1.18, -2.405],
						"0.2917": {
							"pre": [-2.71, -3.10062, -2.69],
							"post": [-2.71, -3.10062, -2.69],
							"lerp_mode": "catmullrom"
						},
						"0.4583": {
							"post": [-3.43, -3.5, -2.07],
							"lerp_mode": "catmullrom"
						},
						"0.625": {
							"post": [-3.96, -15.46, 0.38],
							"lerp_mode": "catmullrom"
						},
						"0.7917": {
							"post": [-4.44, -15, 6.5625],
							"lerp_mode": "catmullrom"
						}
					}
				},
				"camera": {
					"rotation": {
						"0.0": {
							"post": [0, 0, 0],
							"lerp_mode": "catmullrom"
						},
						"0.3333": {
							"post": [-0.74443, -0.01949, -1.49987],
							"lerp_mode": "catmullrom"
						},
						"0.5417": {
							"post": [0.5, 0, 0],
							"lerp_mode": "catmullrom"
						},
						"0.6667": {
							"post": [-0.1875, 0, 0.07],
							"lerp_mode": "catmullrom"
						},
						"0.75": {
							"post": [0.125, 0, 0],
							"lerp_mode": "catmullrom"
						},
						"0.8333": [0, 0, 0],
						"0.9375": [0, 0, 0]
					}
				}
			},
			"sound_effects": {
				"0.0833": {
					"effect": "hamster:smle_mk3/smle_mk3_grab_1"
				},
				"0.4375": {
					"effect": "hamster:berthier/berthier_handing_2"
				}
			}
		},
		"draw": {
			"loop": true,
			"animation_length": 1,
			"bones": {
				"leftHand": {
					"rotation": [73.72315, -17.60758, -109.90113],
					"position": [6.9, -9.27, -6.57],
					"scale": [1, 1.5, 1]
				},
				"rightHand": {
					"rotation": [87.03865, 15.58439, -169.94461],
					"position": [-6.975, -9.8, 4.725],
					"scale": [1, 1.5, 1]
				},
				"constraint": {
					"rotation": [0.2, 0.2, 0.2],
					"position": [0.2, 0.2, 0.2]
				},
				"root": {
					"rotation": {
						"0.0": {
							"post": [25.30256, -46.92281, -1.76779],
							"lerp_mode": "catmullrom"
						},
						"0.3333": {
							"post": [2.50886, -4.52813, 0.0919],
							"lerp_mode": "catmullrom"
						},
						"0.5833": {
							"post": [0.25183, -0.82226, -1.85471],
							"lerp_mode": "catmullrom"
						},
						"0.7083": [-0.00274, -0.34214, 0.80421],
						"0.8333": [0, 0.08125, -0.775],
						"0.9167": [0, 0, 0.25],
						"1.0": [0, 0, 0]
					},
					"position": {
						"0.0": {
							"post": [1.1875, -12.48437, 8.59375],
							"lerp_mode": "catmullrom"
						},
						"0.2917": {
							"post": [0.51, -2.965, 0.16],
							"lerp_mode": "catmullrom"
						},
						"0.4167": {
							"post": [0.31, -0.86, -0.41],
							"lerp_mode": "catmullrom"
						},
						"0.5833": {
							"post": [0, -0.05, 0.6],
							"lerp_mode": "catmullrom"
						},
						"0.75": [0, -0.125, -0.15],
						"0.8333": [0, 0, 0.15],
						"1.0": [0, 0, 0]
					}
				},
				"camera": {
					"rotation": {
						"0.0": {
							"post": [0, 0, 0],
							"lerp_mode": "catmullrom"
						},
						"0.2083": {
							"post": [0, 0, 1],
							"lerp_mode": "catmullrom"
						},
						"0.4167": {
							"post": [0.915, 0, 0.52],
							"lerp_mode": "catmullrom"
						},
						"0.5833": {
							"post": [-0.3, 0, -0.275],
							"lerp_mode": "catmullrom"
						},
						"0.75": {
							"post": [0.25, 0, 0.05],
							"lerp_mode": "catmullrom"
						},
						"0.9167": {
							"post": [0, 0, 0],
							"lerp_mode": "catmullrom"
						}
					}
				}
			},
			"sound_effects": {
				"0.0": {
					"effect": "hamster:gew98/gew98_handing_1"
				},
				"0.3333": {
					"effect": "hamster:gew98/gew98_handing_4"
				}
			}
		},
		"reload_empty": {
			"loop": true,
			"animation_length": 3.6134,
			"bones": {
				"leftHand": {
					"rotation": {
						"0.0": [73.72315, -17.60758, -109.90113],
						"0.084": [74.09999, -12.80314, -111.33658],
						"0.2801": {
							"pre": [77.8847, -38.71626, -105.24512],
							"post": [77.8847, -38.71626, -105.24512],
							"lerp_mode": "catmullrom"
						},
						"0.3922": {
							"post": [121.18203, -31.30899, -169.34406],
							"lerp_mode": "catmullrom"
						},
						"0.5042": {
							"post": [175.35335, -9.86056, -221.10972],
							"lerp_mode": "catmullrom"
						},
						"0.6162": {
							"post": [175.35, -9.86, -221.11],
							"lerp_mode": "catmullrom"
						},
						"0.6723": {
							"post": [179.78425, -49.797, -219.44511],
							"lerp_mode": "catmullrom"
						},
						"0.7843": {
							"post": [179.78425, -49.797, -219.44511],
							"lerp_mode": "catmullrom"
						},
						"0.8403": {
							"post": [159.09106, -47.61931, -208.55684],
							"lerp_mode": "catmullrom"
						},
						"0.9804": {
							"post": [140.0646, -3.77657, -190.21248],
							"lerp_mode": "catmullrom"
						},
						"1.2325": {
							"post": [139.74356, -7.60243, -186.97679],
							"lerp_mode": "catmullrom"
						},
						"1.3725": {
							"post": [131.51045, -31.19956, -163.0282],
							"lerp_mode": "catmullrom"
						},
						"1.4006": {
							"post": [121.9221, -31.2455, -163.349],
							"lerp_mode": "catmullrom"
						},
						"1.5126": [143.07927, -35.82172, -186.52725],
						"1.6246": [140.96591, -21.64759, -188.33387],
						"1.6527": [141.11647, -19.73299, -189.98854],
						"1.7647": [144.24588, -23.88322, -200.13135],
						"1.7927": [141.66485, -24.56565, -199.56654],
						"1.8487": [138.25077, -8.4333, -210.25943],
						"1.9328": [138.00238, -6.76443, -208.38145],
						"1.9888": [136.23851, 13.59196, -206.92155],
						"2.0728": [136.46, 12.5, -205.87],
						"2.381": [136.83067, 10.6882, -204.10723],
						"2.465": [97.25899, -8.17565, -141.30316],
						"2.549": [73.72315, -17.60758, -109.90113]
					},
					"position": {
						"0.0": [6.9, -9.27, -6.57],
						"0.2801": {
							"pre": [6.9, -9.27, -6.57],
							"post": [6.9, -9.27, -6.57],
							"lerp_mode": "catmullrom"
						},
						"0.3922": {
							"post": [7.9, -7.9, -6.57],
							"lerp_mode": "catmullrom"
						},
						"0.5042": {
							"post": [6.9, -6.02, -6.57],
							"lerp_mode": "catmullrom"
						},
						"0.6162": {
							"post": [6.9, -6.02, -6.57],
							"lerp_mode": "catmullrom"
						},
						"0.6723": {
							"post": [8.15, -10.0825, -5.7575],
							"lerp_mode": "catmullrom"
						},
						"0.7843": {
							"post": [8.15, -10.0825, -5.7575],
							"lerp_mode": "catmullrom"
						},
						"0.8403": {
							"post": [9.2125, -11.455, -5.76],
							"lerp_mode": "catmullrom"
						},
						"0.8964": {
							"post": [10.28, -20.08, -5.76],
							"lerp_mode": "catmullrom"
						},
						"0.9804": {
							"post": [13.7175, -19.33, 9.24],
							"lerp_mode": "catmullrom"
						},
						"1.2325": {
							"post": [12.095, -16.58, 4.24],
							"lerp_mode": "catmullrom"
						},
						"1.3725": {
							"post": [9.5375, -10.1425, -2.385],
							"lerp_mode": "catmullrom"
						},
						"1.4006": {
							"post": [10.2275, -7.575, -1.0675],
							"lerp_mode": "catmullrom"
						},
						"1.5126": [8.285, -4.195, -1.32],
						"1.6246": [8.29, -3.7525, -1.32],
						"1.6527": [8.29, -3.75, -1.32],
						"1.7647": [8.29, -3.8125, -1.32],
						"1.7927": [8.29, -3.8725, -1.32],
						"1.8487": [8.6025, -5.27625, -1.32],
						"1.9328": [8.6025, -5.27625, -1.32],
						"1.9888": [10.11812, -8.31812, -1.32],
						"2.0728": [11.625, -9.02, -0.07],
						"2.2689": {
							"pre": [10.28, -13.1425, 1.1775],
							"post": [10.28, -13.1425, 1.1775],
							"lerp_mode": "catmullrom"
						},
						"2.465": [10.28, -13.1425, 1.1775],
						"2.549": [6.9, -9.27, -6.57]
					},
					"scale": [1, 1.5, 1]
				},
				"rightHand": {
					"rotation": {
						"0.0": [87.03865, 15.58439, -169.94461],
						"0.056": [99.8825, 17.01261, -177.61635],
						"0.084": [102.03865, 15.58439, -169.94461],
						"0.6162": [102.03865, 15.58439, -169.94461],
						"0.6443": [95.023, 18.971, -193.25823],
						"0.7003": [95.023, 18.971, -193.25823],
						"2.437": [95.023, 18.971, -193.25823],
						"2.549": [102.523, 18.971, -193.25823],
						"2.7171": [102.523, 18.971, -193.25823],
						"2.7731": [93.38896, 18.2354, -182.73391],
						"2.8291": [95.88896, 18.2354, -182.73391],
						"2.9132": [87.03865, 15.58439, -169.94461]
					},
					"position": {
						"0.0": [-6.975, -9.8, 4.725],
						"0.056": [-7.97, -9.425, 5.0325],
						"0.084": [-7.97, -9.1175, 5.7175],
						"0.6162": [-7.97, -9.1175, 5.7175],
						"0.7003": [-7.97, -9.1175, 5.7175],
						"2.437": [-7.97, -9.1175, 5.7175],
						"2.493": [-7.91, -8.83, 4.84],
						"2.549": [-7.7825, -8.245, 3.845],
						"2.7171": [-7.91, -8.3, 4.28],
						"2.7731": [-8.03, -8.365, 4.725],
						"2.8291": [-8.4675, -8.735, 4.415],
						"2.9132": [-6.975, -9.8, 4.725]
					},
					"scale": [1, 1.5, 1]
				},
				"constraint": {
					"rotation": [0.2, 0.2, 0.2],
					"position": [0.2, 0.2, 0.2]
				},
				"root": {
					"rotation": {
						"0.0": {
							"post": [0, 0, 0],
							"lerp_mode": "catmullrom"
						},
						"0.056": {
							"post": [2.75, 0, 0],
							"lerp_mode": "catmullrom"
						},
						"0.112": {
							"post": [4.11892, -0.20957, 2.24021],
							"lerp_mode": "catmullrom"
						},
						"0.2241": {
							"post": [5.75, 0, 0],
							"lerp_mode": "catmullrom"
						},
						"0.3641": {
							"post": [4.75072, 0.99657, 0.08282],
							"lerp_mode": "catmullrom"
						},
						"0.4482": {
							"post": [1.82853, 0.56057, 0.04658],
							"lerp_mode": "catmullrom"
						},
						"0.5322": {
							"post": [-1, 0, 0],
							"lerp_mode": "catmullrom"
						},
						"0.5602": {
							"post": [2.75, 0, 0],
							"lerp_mode": "catmullrom"
						},
						"0.6162": {
							"post": [2.75128, -1.74798, -0.08399],
							"lerp_mode": "catmullrom"
						},
						"0.6443": {
							"post": [7.74833, 0.09594, -1.9977],
							"lerp_mode": "catmullrom"
						},
						"0.7003": {
							"post": [8.25, 0.97, -3.03],
							"lerp_mode": "catmullrom"
						},
						"0.7843": {
							"post": [8.08, 1.59, -3.6],
							"lerp_mode": "catmullrom"
						},
						"0.8403": {
							"post": [7.75043, 1.33452, -1.82914],
							"lerp_mode": "catmullrom"
						},
						"0.9804": {
							"post": [5.83727, -6.13221, 20.44578],
							"lerp_mode": "catmullrom"
						},
						"1.3165": {
							"post": [-2.2464, -7.03839, 23.24761],
							"lerp_mode": "catmullrom"
						},
						"1.4566": {
							"post": [1.10678, -7.89797, 17.71046],
							"lerp_mode": "catmullrom"
						},
						"1.7087": {
							"post": [-0.58559, -7.47164, 16.70348],
							"lerp_mode": "catmullrom"
						},
						"1.7927": {
							"post": [-0.58559, -7.47164, 16.70348],
							"lerp_mode": "catmullrom"
						},
						"1.8207": {
							"post": [14.80155, -7.67683, 5.07183],
							"lerp_mode": "catmullrom"
						},
						"1.8487": {
							"post": [3.59365, -7.30861, 2.08338],
							"lerp_mode": "catmullrom"
						},
						"1.8768": {
							"post": [3.66735, -7.55278, 6.10962],
							"lerp_mode": "catmullrom"
						},
						"1.9328": {
							"post": [16.16735, -7.55278, 6.10962],
							"lerp_mode": "catmullrom"
						},
						"2.0728": {
							"post": [18.16735, -7.55278, 6.10962],
							"lerp_mode": "catmullrom"
						},
						"2.1849": {
							"post": [23.76, -7.55, 6.11],
							"lerp_mode": "catmullrom"
						},
						"2.2689": {
							"post": [12.16735, -7.55278, 6.10962],
							"lerp_mode": "catmullrom"
						},
						"2.3529": {
							"post": [-20.33265, -7.55278, 6.10962],
							"lerp_mode": "catmullrom"
						},
						"2.409": {
							"post": [-5.54263, -5.06653, 5.27474],
							"lerp_mode": "catmullrom"
						},
						"2.493": {
							"post": [-1.0423, -5.43507, 4.18393],
							"lerp_mode": "catmullrom"
						},
						"2.549": {
							"post": [3.63, -7, 4.35],
							"lerp_mode": "catmullrom"
						},
						"2.605": {
							"post": [4.82, -7.43, 4.39],
							"lerp_mode": "catmullrom"
						},
						"2.7171": {
							"post": [6.72328, -7.54309, 4.84184],
							"lerp_mode": "catmullrom"
						},
						"2.7731": {
							"post": [1.31717, -6.63233, 8.33311],
							"lerp_mode": "catmullrom"
						},
						"2.8011": {
							"post": [2.34106, -4.09426, 4.65415],
							"lerp_mode": "catmullrom"
						},
						"2.8291": {
							"post": [3.8145, -2.15659, -0.63739],
							"lerp_mode": "catmullrom"
						},
						"2.9132": {
							"post": [5.48445, -2.34931, 9.67434],
							"lerp_mode": "catmullrom"
						},
						"3.0252": {
							"post": [1.17401, -0.29301, 6.12817],
							"lerp_mode": "catmullrom"
						},
						"3.2213": {
							"post": [-0.00274, -0.34214, 0.80421],
							"lerp_mode": "catmullrom"
						},
						"3.3053": {
							"post": [0, 0.08125, -0.775],
							"lerp_mode": "catmullrom"
						},
						"3.4734": {
							"post": [0, 0, 0.25],
							"lerp_mode": "catmullrom"
						},
						"3.6134": {
							"post": [0, 0, 0],
							"lerp_mode": "catmullrom"
						}
					},
					"position": {
						"0.0": {
							"post": [0, 0, 0],
							"lerp_mode": "catmullrom"
						},
						"0.056": {
							"post": [0, -0.21875, 0],
							"lerp_mode": "catmullrom"
						},
						"0.2241": {
							"post": [0, -0.82937, 0],
							"lerp_mode": "catmullrom"
						},
						"0.3641": {
							"post": [0, -0.98625, 0],
							"lerp_mode": "catmullrom"
						},
						"0.4482": {
							"post": [0, -1.14187, 0.3125],
							"lerp_mode": "catmullrom"
						},
						"0.5322": {
							"post": [0, -0.94312, 0],
							"lerp_mode": "catmullrom"
						},
						"0.5602": {
							"post": [0, -0.94, -0.04687],
							"lerp_mode": "catmullrom"
						},
						"0.6162": {
							"post": [0, -0.94, -0.04687],
							"lerp_mode": "catmullrom"
						},
						"0.6443": {
							"post": [0, -2.2525, -0.05],
							"lerp_mode": "catmullrom"
						},
						"0.7003": {
							"post": [0, -2.87, -0.32],
							"lerp_mode": "catmullrom"
						},
						"0.7843": {
							"post": [0, -3.09125, -0.58125],
							"lerp_mode": "catmullrom"
						},
						"0.9244": {
							"post": [0, -1.2825, -0.58],
							"lerp_mode": "catmullrom"
						},
						"1.2885": {
							"post": [0, -1.93625, -0.58],
							"lerp_mode": "catmullrom"
						},
						"1.4566": {
							"post": [0, -1.94, -0.455],
							"lerp_mode": "catmullrom"
						},
						"1.6527": {
							"post": [0, -1.94, -0.455],
							"lerp_mode": "catmullrom"
						},
						"1.7927": {
							"post": [0, -1.94, -0.45],
							"lerp_mode": "catmullrom"
						},
						"1.8207": {
							"post": [0, -2.26812, -0.45],
							"lerp_mode": "catmullrom"
						},
						"1.8487": {
							"post": [0, -4.065, -1.825],
							"lerp_mode": "catmullrom"
						},
						"1.9328": {
							"post": [0, -3.7925, -0.45],
							"lerp_mode": "catmullrom"
						},
						"2.0728": {
							"post": [0, -2.9125, -0.45],
							"lerp_mode": "catmullrom"
						},
						"2.2129": {
							"post": [0, -3.7375, -0.45],
							"lerp_mode": "catmullrom"
						},
						"2.2689": {
							"post": [0, -3.285, -0.45],
							"lerp_mode": "catmullrom"
						},
						"2.3249": {
							"post": [0, -2.7175, -0.45],
							"lerp_mode": "catmullrom"
						},
						"2.3529": {
							"post": [0, -0.97, -0.45],
							"lerp_mode": "catmullrom"
						},
						"2.409": {
							"post": [0, -0.665, -0.45],
							"lerp_mode": "catmullrom"
						},
						"2.465": {
							"post": [0, -1.345, -0.45],
							"lerp_mode": "catmullrom"
						},
						"2.549": {
							"post": [0, -1.4025, -0.45],
							"lerp_mode": "catmullrom"
						},
						"2.7731": {
							"post": [-0.1275, -1.64, -2.05],
							"lerp_mode": "catmullrom"
						},
						"2.8291": {
							"post": [0.0375, -1.8375, -2.525],
							"lerp_mode": "catmullrom"
						},
						"2.9132": {
							"post": [0.51, -1.59, -0.9025],
							"lerp_mode": "catmullrom"
						},
						"3.0252": {
							"post": [0.5, -0.3625, 0.6],
							"lerp_mode": "catmullrom"
						},
						"3.2493": {
							"post": [0, -0.125, -0.15],
							"lerp_mode": "catmullrom"
						},
						"3.3333": {
							"post": [0, 0, 0.15],
							"lerp_mode": "catmullrom"
						},
						"3.5014": {
							"post": [0, 0, 0],
							"lerp_mode": "catmullrom"
						},
						"3.6134": {
							"post": [0, 0, 0],
							"lerp_mode": "catmullrom"
						}
					}
				},
				"hammer": {
					"rotation": {
						"0.0": [50, 0, 0],
						"2.7171": [50, 0, 0],
						"2.7731": [0, 0, 0]
					}
				},
				"barrel": {
					"rotation": {
						"0.6162": [0, 0, 0],
						"0.6723": [62.5, 0, 0],
						"2.2689": [62.5, 0, 0],
						"2.2969": [61.5, 0, 0],
						"2.3529": [0, 0, 0]
					}
				},
				"bullet": {
					"rotation": {
						"0.6723": [0, 0, 0],
						"0.7563": {
							"pre": [-214.28363, 14.60559, -116.24785],
							"post": [-214.28363, 14.60559, -116.24785],
							"lerp_mode": "catmullrom"
						},
						"0.8403": {
							"post": [-577.95107, -37.33289, -443.70702],
							"lerp_mode": "catmullrom"
						},
						"0.9524": [-66.33765, -8.31087, 18.25612],
						"0.9804": [0, 0, 0],
						"1.2045": {
							"pre": [0, 0, 0],
							"post": [0, 0, 0],
							"lerp_mode": "catmullrom"
						},
						"1.3725": {
							"post": [0, 27.5, 0],
							"lerp_mode": "catmullrom"
						},
						"1.5126": [0, 22.5, 0],
						"1.6246": [0, 5, 0],
						"1.6527": [0, 0, 0]
					},
					"position": {
						"0.6162": [0, 0, 0],
						"0.6443": [0, 0, 0.25],
						"0.6723": [0, 0, 2.75],
						"0.7283": {
							"pre": [-1.5, -0.98, 4.94],
							"post": [-1.5, -0.98, 4.94],
							"lerp_mode": "catmullrom"
						},
						"0.7563": {
							"post": [-3.5, -1, 7.25],
							"lerp_mode": "catmullrom"
						},
						"0.8403": {
							"post": [-6.25, -5.25, 10.75],
							"lerp_mode": "catmullrom"
						},
						"0.9524": [-2.75, -9, 8.5],
						"0.9804": [5.25, -17, -7.5],
						"1.2045": {
							"pre": [5.25, -17, -7.5],
							"post": [5.25, -17, -7.5],
							"lerp_mode": "catmullrom"
						},
						"1.2605": {
							"post": [1.875, -4, -5.5],
							"lerp_mode": "catmullrom"
						},
						"1.4006": {
							"post": [2.665, -1.61, -0.5],
							"lerp_mode": "catmullrom"
						},
						"1.5126": [0.75, 0, 2.6875],
						"1.6246": [0.1875, 0, 2.69],
						"1.7087": [0, 0, 2.565],
						"1.7367": [0, 0, 2.445],
						"1.7927": [0, 0, 2.3775],
						"1.8487": [0, 0, 0]
					},
					"scale": {
						"0.9244": [1, 1, 1],
						"0.9524": {"pre": [1, 1, 1], "post": [0, 0, 0]},
						"0.9804": {"pre": [0, 0, 0], "post": [1, 1, 1]}
					}
				},
				"lever": {
					"rotation": {
						"0.6162": [0, 0, 0],
						"0.6443": [0, -15, 0],
						"0.7563": [0, 0, 0]
					}
				},
				"camera": {
					"rotation": {
						"0.0": {
							"post": [0, 0, 0],
							"lerp_mode": "catmullrom"
						},
						"0.1681": {
							"post": [0.75, 0, -0.75],
							"lerp_mode": "catmullrom"
						},
						"0.3922": {
							"post": [0.74989, -0.01309, 0.24991],
							"lerp_mode": "catmullrom"
						},
						"0.5322": {
							"post": [-1.00011, -0.01309, 0.24991],
							"lerp_mode": "catmullrom"
						},
						"0.6162": {
							"post": [-1.00011, -0.01309, 0.24991],
							"lerp_mode": "catmullrom"
						},
						"0.6443": {
							"post": [0.99912, 0.04799, 0.74984],
							"lerp_mode": "catmullrom"
						},
						"0.7003": {
							"post": [0.24754, 0.05558, -1.00015],
							"lerp_mode": "catmullrom"
						},
						"0.8123": {
							"post": [0.24825, 0.05233, -0.25015],
							"lerp_mode": "catmullrom"
						},
						"1.0364": {
							"post": [0.2487, 0.05016, 0.24984],
							"lerp_mode": "catmullrom"
						},
						"1.3165": {
							"post": [-0.25039, 0.05454, 1.24983],
							"lerp_mode": "catmullrom"
						},
						"1.4006": {
							"post": [-0.2513, 0.05016, 0.24984],
							"lerp_mode": "catmullrom"
						},
						"1.6246": {
							"post": [-0.25108, 0.05126, 0.49984],
							"lerp_mode": "catmullrom"
						},
						"1.7087": {
							"post": [0.24892, 0.05126, 0.49984],
							"lerp_mode": "catmullrom"
						},
						"1.7927": {
							"post": [0.24892, 0.05126, 0.49984],
							"lerp_mode": "catmullrom"
						},
						"1.8207": {
							"post": [0.00034, 0.05999, 1.99982],
							"lerp_mode": "catmullrom"
						},
						"1.8768": {
							"post": [0.74815, 0.08288, 0.24997],
							"lerp_mode": "catmullrom"
						},
						"1.9608": {
							"post": [0.24739, 0.08722, -0.25002],
							"lerp_mode": "catmullrom"
						},
						"2.0728": {
							"post": [1.71, 0.08, 0.49],
							"lerp_mode": "catmullrom"
						},
						"2.2689": {
							"post": [2.24888, 0.08289, 0.74997],
							"lerp_mode": "catmullrom"
						},
						"2.3249": {
							"post": [1.24769, 0.09923, 0.00015],
							"lerp_mode": "catmullrom"
						},
						"2.3529": {
							"post": [-0.00361, 0.09919, -0.74985],
							"lerp_mode": "catmullrom"
						},
						"2.409": {
							"post": [-0.00188, 0.09924, 0.25015],
							"lerp_mode": "catmullrom"
						},
						"2.465": {
							"post": [0.89602, 0.11247, 0.61373],
							"lerp_mode": "catmullrom"
						},
						"2.549": {
							"post": [1.64773, 0.08373, 1.61332],
							"lerp_mode": "catmullrom"
						},
						"2.7171": {
							"post": [1.72291, 0.12128, 0.46847],
							"lerp_mode": "catmullrom"
						},
						"2.8291": {
							"post": [1.64773, 0.08373, 1.61332],
							"lerp_mode": "catmullrom"
						},
						"2.9412": {
							"post": [0.6, 0, 0.15],
							"lerp_mode": "catmullrom"
						},
						"3.1373": {
							"post": [0.25, 0, 0.05],
							"lerp_mode": "catmullrom"
						},
						"3.3894": {
							"post": [0, 0, 0],
							"lerp_mode": "catmullrom"
						}
					}
				}
			},
			"sound_effects": {
				"0.084": {
					"effect": "hamster:berthier/berthier_handing_1"
				},
				"0.2521": {
					"effect": "hamster:one_barrel/one_barrel_safty"
				},
				"0.5322": {
					"effect": "hamster:one_barrel/one_barrel_openbarrel"
				},
				"1.0084": {
					"effect": "hamster:one_barrel/one_barrel_shell"
				},
				"1.6246": {
					"effect": "hamster:one_barrel/one_barrel_load"
				},
				"2.1289": {
					"effect": "hamster:one_barrel/one_barrel_closebarrel"
				},
				"2.6611": {
					"effect": "hamster:one_barrel/one_barrel_hammer"
				},
				"3.2773": {
					"effect": "hamster:berthier/berthier_handing_3"
				}
			}
		},
		"inspect": {
			"loop": true,
			"animation_length": 5.7917,
			"bones": {
				"leftHand": {
					"rotation": [73.72315, -17.60758, -109.90113],
					"position": [6.9, -9.27, -6.57],
					"scale": [1, 1.5, 1]
				},
				"rightHand": {
					"rotation": [87.03865, 15.58439, -169.94461],
					"position": [-6.975, -9.8, 4.725],
					"scale": [1, 1.5, 1]
				},
				"constraint": {
					"rotation": [0.2, 0.2, 0.2],
					"position": [0.2, 0.2, 0.2]
				},
				"root": {
					"rotation": {
						"0.0": {
							"post": [0, 0, 0],
							"lerp_mode": "catmullrom"
						},
						"0.2083": {
							"post": [8.8118, -26.73708, -5.14006],
							"lerp_mode": "catmullrom"
						},
						"0.4167": {
							"post": [5.38963, -45.96577, 5.58927],
							"lerp_mode": "catmullrom"
						},
						"0.875": {
							"post": [7.08024, -46.89398, 3.78478],
							"lerp_mode": "catmullrom"
						},
						"1.2917": {
							"post": [5.38963, -45.96577, 5.58927],
							"lerp_mode": "catmullrom"
						},
						"1.7083": [5.38963, -45.96577, 5.58927],
						"2.0833": {
							"pre": [5.18342, -43.72534, 15.30352],
							"post": [5.18342, -43.72534, 15.30352],
							"lerp_mode": "catmullrom"
						},
						"2.3333": {
							"post": [-33.21497, -8.23974, 75.97038],
							"lerp_mode": "catmullrom"
						},
						"2.5": {
							"post": [-44.09812, 7.24618, 82.50716],
							"lerp_mode": "catmullrom"
						},
						"2.8333": {
							"post": [-44.03693, 6.56178, 83.2206],
							"lerp_mode": "catmullrom"
						},
						"3.0833": {
							"post": [-43.94913, 5.70581, 84.05484],
							"lerp_mode": "catmullrom"
						},
						"3.375": {
							"post": [-44.01755, 6.38443, 83.39293],
							"lerp_mode": "catmullrom"
						},
						"3.5833": {
							"post": [-44.03765, 6.56753, 83.21455],
							"lerp_mode": "catmullrom"
						},
						"3.7917": {
							"post": [-35.03765, 6.56753, 83.21455],
							"lerp_mode": "catmullrom"
						},
						"3.9583": {
							"post": [-8.32557, -15.04265, 34.38389],
							"lerp_mode": "catmullrom"
						},
						"4.125": {
							"post": [8.8118, -26.73708, -5.14006],
							"lerp_mode": "catmullrom"
						},
						"4.2917": {
							"post": [11.29293, -30.47195, -12.38172],
							"lerp_mode": "catmullrom"
						},
						"4.5": {
							"post": [13.02704, -28.22205, -16.93728],
							"lerp_mode": "catmullrom"
						},
						"4.75": {
							"post": [10.85795, -25.8885, -13.12078],
							"lerp_mode": "catmullrom"
						},
						"4.9167": {
							"post": [7.94407, -22.96065, -6.00936],
							"lerp_mode": "catmullrom"
						},
						"5.125": {
							"post": [2.51996, -7.02572, -0.01833],
							"lerp_mode": "catmullrom"
						},
						"5.3333": {
							"post": [0.25183, -0.82226, -1.85471],
							"lerp_mode": "catmullrom"
						},
						"5.4167": [-0.00274, -0.34214, 0.80421],
						"5.5417": [0, 0.08125, -0.775],
						"5.6667": [0, 0, 0.25],
						"5.7917": [0, 0, 0]
					},
					"position": {
						"0.0": {
							"post": [0, 0, 0],
							"lerp_mode": "catmullrom"
						},
						"0.2083": {
							"post": [1.2025, -0.55812, 0],
							"lerp_mode": "catmullrom"
						},
						"0.4583": {
							"post": [1.92188, -0.15, 0],
							"lerp_mode": "catmullrom"
						},
						"0.6667": {
							"post": [2.075, -0.05812, 0],
							"lerp_mode": "catmullrom"
						},
						"1.0833": {
							"post": [2.14, -0.07687, 0.01],
							"lerp_mode": "catmullrom"
						},
						"1.5833": [2.13, -0.17687, 0.02],
						"1.9583": {
							"pre": [2.12, -0.15937, 0.02],
							"post": [2.12, -0.15937, 0.02],
							"lerp_mode": "catmullrom"
						},
						"2.25": {
							"post": [2.08, -1.38812, 0.02],
							"lerp_mode": "catmullrom"
						},
						"2.375": {
							"post": [2.08, -1.09562, 0.02],
							"lerp_mode": "catmullrom"
						},
						"2.5": {
							"post": [2.59563, -1.19, 0.02],
							"lerp_mode": "catmullrom"
						},
						"2.8333": {
							"post": [2.52188, -1.5025, 0.02],
							"lerp_mode": "catmullrom"
						},
						"3.0833": {
							"post": [2.52, -1.21125, 0.02],
							"lerp_mode": "catmullrom"
						},
						"3.375": {
							"post": [2.52, -1.17437, 0.02],
							"lerp_mode": "catmullrom"
						},
						"3.625": {
							"post": [2.53563, -1.17, 0.02],
							"lerp_mode": "catmullrom"
						},
						"3.7917": {
							"post": [2.54, -1.3575, 0.02],
							"lerp_mode": "catmullrom"
						},
						"3.9583": [2.53563, -1.17, 0.02],
						"4.0833": [1.83438, -1.19, 0.02],
						"4.2917": {
							"pre": [1.93688, -0.90187, 0],
							"post": [1.93688, -0.90187, 0],
							"lerp_mode": "catmullrom"
						},
						"4.5": {
							"post": [1.73, -0.76687, 0],
							"lerp_mode": "catmullrom"
						},
						"4.6667": {
							"post": [1.48125, -0.55812, 0],
							"lerp_mode": "catmullrom"
						},
						"4.9167": {
							"post": [1.2, -0.40062, 0],
							"lerp_mode": "catmullrom"
						},
						"5.125": {
							"post": [0.51, -1.5275, -0.84],
							"lerp_mode": "catmullrom"
						},
						"5.25": {
							"post": [0.31, -0.86, -0.41],
							"lerp_mode": "catmullrom"
						},
						"5.3333": {
							"post": [0, -0.05, 0.6],
							"lerp_mode": "catmullrom"
						},
						"5.4583": [0, -0.125, -0.15],
						"5.5833": [0, 0, 0.15],
						"5.7083": [0, 0, 0]
					}
				},
				"camera": {
					"rotation": {
						"0.0": {
							"post": [0, 0, 0],
							"lerp_mode": "catmullrom"
						},
						"0.25": {
							"post": [1.97259, 0, 0.67913],
							"lerp_mode": "catmullrom"
						},
						"0.5417": {
							"post": [1.85291, -3.56475, 2.56119],
							"lerp_mode": "catmullrom"
						},
						"1.0": {
							"post": [1.85399, -4.06449, 2.54499],
							"lerp_mode": "catmullrom"
						},
						"1.2917": {
							"post": [1.92866, -2.50755, 0.84279],
							"lerp_mode": "catmullrom"
						},
						"1.7083": {
							"post": [1.69209, 5.07522, -1.66381],
							"lerp_mode": "catmullrom"
						},
						"2.0": {
							"post": [1.69662, 6.57457, -1.61923],
							"lerp_mode": "catmullrom"
						},
						"2.25": {
							"post": [4.58633, 6.14643, 4.15036],
							"lerp_mode": "catmullrom"
						},
						"2.4583": {
							"post": [6.13983, 6.10622, 4.65161],
							"lerp_mode": "catmullrom"
						},
						"2.625": {
							"post": [7.61312, 6.12638, 4.401],
							"lerp_mode": "catmullrom"
						},
						"2.7917": {
							"post": [7.0596, 6.18807, 3.90194],
							"lerp_mode": "catmullrom"
						},
						"3.125": {
							"post": [6.47215, 3.56924, 2.5919],
							"lerp_mode": "catmullrom"
						},
						"3.4583": {
							"post": [4.30552, -0.58973, 3.78437],
							"lerp_mode": "catmullrom"
						},
						"3.7083": {
							"post": [3.30607, -1.08832, 3.74683],
							"lerp_mode": "catmullrom"
						},
						"3.9583": {
							"post": [3.71302, 0.28657, 1.6876],
							"lerp_mode": "catmullrom"
						},
						"4.2917": {
							"post": [4.42738, 0.65088, -2.54644],
							"lerp_mode": "catmullrom"
						},
						"4.8333": {
							"post": [4.42738, 0.65088, -2.54644],
							"lerp_mode": "catmullrom"
						},
						"5.0833": {
							"post": [1.97259, 0, 0.67913],
							"lerp_mode": "catmullrom"
						},
						"5.25": {
							"post": [0.98979, -0.01228, -0.23678],
							"lerp_mode": "catmullrom"
						},
						"5.375": {
							"post": [-0.75, 0, 0],
							"lerp_mode": "catmullrom"
						},
						"5.5": {
							"post": [0, 0, 0],
							"lerp_mode": "catmullrom"
						}
					}
				}
			},
			"sound_effects": {
				"0.1667": {
					"effect": "hamster:lebel1886/lebel1886_handing_3"
				},
				"2.5": {
					"effect": "hamster:lebel1886/lebel1886_handing_2"
				},
				"5.0833": {
					"effect": "hamster:lebel1886/lebel1886_handing_1"
				}
			}
		},
		"inspect_empty": {
			"loop": true,
			"animation_length": 5.7917,
			"bones": {
				"leftHand": {
					"rotation": [73.72315, -17.60758, -109.90113],
					"position": [6.9, -9.27, -6.57],
					"scale": [1, 1.5, 1]
				},
				"rightHand": {
					"rotation": [87.03865, 15.58439, -169.94461],
					"position": [-6.975, -9.8, 4.725],
					"scale": [1, 1.5, 1]
				},
				"constraint": {
					"rotation": [0.2, 0.2, 0.2],
					"position": [0.2, 0.2, 0.2]
				},
				"root": {
					"rotation": {
						"0.0": {
							"post": [0, 0, 0],
							"lerp_mode": "catmullrom"
						},
						"0.2083": {
							"post": [8.8118, -26.73708, -5.14006],
							"lerp_mode": "catmullrom"
						},
						"0.4167": {
							"post": [5.38963, -45.96577, 5.58927],
							"lerp_mode": "catmullrom"
						},
						"0.875": {
							"post": [7.08024, -46.89398, 3.78478],
							"lerp_mode": "catmullrom"
						},
						"1.2917": {
							"post": [5.38963, -45.96577, 5.58927],
							"lerp_mode": "catmullrom"
						},
						"1.7083": [5.38963, -45.96577, 5.58927],
						"2.0833": {
							"pre": [5.18342, -43.72534, 15.30352],
							"post": [5.18342, -43.72534, 15.30352],
							"lerp_mode": "catmullrom"
						},
						"2.3333": {
							"post": [-33.21497, -8.23974, 75.97038],
							"lerp_mode": "catmullrom"
						},
						"2.5": {
							"post": [-44.09812, 7.24618, 82.50716],
							"lerp_mode": "catmullrom"
						},
						"2.8333": {
							"post": [-44.03693, 6.56178, 83.2206],
							"lerp_mode": "catmullrom"
						},
						"3.0833": {
							"post": [-43.94913, 5.70581, 84.05484],
							"lerp_mode": "catmullrom"
						},
						"3.375": {
							"post": [-44.01755, 6.38443, 83.39293],
							"lerp_mode": "catmullrom"
						},
						"3.5833": {
							"post": [-44.03765, 6.56753, 83.21455],
							"lerp_mode": "catmullrom"
						},
						"3.7917": {
							"post": [-35.03765, 6.56753, 83.21455],
							"lerp_mode": "catmullrom"
						},
						"3.9583": {
							"post": [-8.32557, -15.04265, 34.38389],
							"lerp_mode": "catmullrom"
						},
						"4.125": {
							"post": [8.8118, -26.73708, -5.14006],
							"lerp_mode": "catmullrom"
						},
						"4.2917": {
							"post": [11.29293, -30.47195, -12.38172],
							"lerp_mode": "catmullrom"
						},
						"4.5": {
							"post": [13.02704, -28.22205, -16.93728],
							"lerp_mode": "catmullrom"
						},
						"4.75": {
							"post": [10.85795, -25.8885, -13.12078],
							"lerp_mode": "catmullrom"
						},
						"4.9167": {
							"post": [7.94407, -22.96065, -6.00936],
							"lerp_mode": "catmullrom"
						},
						"5.125": {
							"post": [2.51996, -7.02572, -0.01833],
							"lerp_mode": "catmullrom"
						},
						"5.3333": {
							"post": [0.25183, -0.82226, -1.85471],
							"lerp_mode": "catmullrom"
						},
						"5.4167": [-0.00274, -0.34214, 0.80421],
						"5.5417": [0, 0.08125, -0.775],
						"5.6667": [0, 0, 0.25],
						"5.7917": [0, 0, 0]
					},
					"position": {
						"0.0": {
							"post": [0, 0, 0],
							"lerp_mode": "catmullrom"
						},
						"0.2083": {
							"post": [1.2025, -0.55812, 0],
							"lerp_mode": "catmullrom"
						},
						"0.4583": {
							"post": [1.92188, -0.15, 0],
							"lerp_mode": "catmullrom"
						},
						"0.6667": {
							"post": [2.075, -0.05812, 0],
							"lerp_mode": "catmullrom"
						},
						"1.0833": {
							"post": [2.14, -0.07687, 0.01],
							"lerp_mode": "catmullrom"
						},
						"1.5833": [2.13, -0.17687, 0.02],
						"1.9583": {
							"pre": [2.12, -0.15937, 0.02],
							"post": [2.12, -0.15937, 0.02],
							"lerp_mode": "catmullrom"
						},
						"2.25": {
							"post": [2.08, -1.38812, 0.02],
							"lerp_mode": "catmullrom"
						},
						"2.375": {
							"post": [2.08, -1.09562, 0.02],
							"lerp_mode": "catmullrom"
						},
						"2.5": {
							"post": [2.59563, -1.19, 0.02],
							"lerp_mode": "catmullrom"
						},
						"2.8333": {
							"post": [2.52188, -1.5025, 0.02],
							"lerp_mode": "catmullrom"
						},
						"3.0833": {
							"post": [2.52, -1.21125, 0.02],
							"lerp_mode": "catmullrom"
						},
						"3.375": {
							"post": [2.52, -1.17437, 0.02],
							"lerp_mode": "catmullrom"
						},
						"3.625": {
							"post": [2.53563, -1.17, 0.02],
							"lerp_mode": "catmullrom"
						},
						"3.7917": {
							"post": [2.54, -1.3575, 0.02],
							"lerp_mode": "catmullrom"
						},
						"3.9583": [2.53563, -1.17, 0.02],
						"4.0833": [1.83438, -1.19, 0.02],
						"4.2917": {
							"pre": [1.93688, -0.90187, 0],
							"post": [1.93688, -0.90187, 0],
							"lerp_mode": "catmullrom"
						},
						"4.5": {
							"post": [1.73, -0.76687, 0],
							"lerp_mode": "catmullrom"
						},
						"4.6667": {
							"post": [1.48125, -0.55812, 0],
							"lerp_mode": "catmullrom"
						},
						"4.9167": {
							"post": [1.2, -0.40062, 0],
							"lerp_mode": "catmullrom"
						},
						"5.125": {
							"post": [0.51, -1.5275, -0.84],
							"lerp_mode": "catmullrom"
						},
						"5.25": {
							"post": [0.31, -0.86, -0.41],
							"lerp_mode": "catmullrom"
						},
						"5.3333": {
							"post": [0, -0.05, 0.6],
							"lerp_mode": "catmullrom"
						},
						"5.4583": [0, -0.125, -0.15],
						"5.5833": [0, 0, 0.15],
						"5.7083": [0, 0, 0]
					}
				},
				"hammer": {
					"rotation": [50, 0, 0]
				},
				"camera": {
					"rotation": {
						"0.0": {
							"post": [0, 0, 0],
							"lerp_mode": "catmullrom"
						},
						"0.25": {
							"post": [1.97259, 0, 0.67913],
							"lerp_mode": "catmullrom"
						},
						"0.5417": {
							"post": [1.85291, -3.56475, 2.56119],
							"lerp_mode": "catmullrom"
						},
						"1.0": {
							"post": [1.85399, -4.06449, 2.54499],
							"lerp_mode": "catmullrom"
						},
						"1.2917": {
							"post": [1.92866, -2.50755, 0.84279],
							"lerp_mode": "catmullrom"
						},
						"1.7083": {
							"post": [1.69209, 5.07522, -1.66381],
							"lerp_mode": "catmullrom"
						},
						"2.0": {
							"post": [1.69662, 6.57457, -1.61923],
							"lerp_mode": "catmullrom"
						},
						"2.25": {
							"post": [4.58633, 6.14643, 4.15036],
							"lerp_mode": "catmullrom"
						},
						"2.4583": {
							"post": [6.13983, 6.10622, 4.65161],
							"lerp_mode": "catmullrom"
						},
						"2.625": {
							"post": [7.61312, 6.12638, 4.401],
							"lerp_mode": "catmullrom"
						},
						"2.7917": {
							"post": [7.0596, 6.18807, 3.90194],
							"lerp_mode": "catmullrom"
						},
						"3.125": {
							"post": [6.47215, 3.56924, 2.5919],
							"lerp_mode": "catmullrom"
						},
						"3.4583": {
							"post": [4.30552, -0.58973, 3.78437],
							"lerp_mode": "catmullrom"
						},
						"3.7083": {
							"post": [3.30607, -1.08832, 3.74683],
							"lerp_mode": "catmullrom"
						},
						"3.9583": {
							"post": [3.71302, 0.28657, 1.6876],
							"lerp_mode": "catmullrom"
						},
						"4.2917": {
							"post": [4.42738, 0.65088, -2.54644],
							"lerp_mode": "catmullrom"
						},
						"4.8333": {
							"post": [4.42738, 0.65088, -2.54644],
							"lerp_mode": "catmullrom"
						},
						"5.0833": {
							"post": [1.97259, 0, 0.67913],
							"lerp_mode": "catmullrom"
						},
						"5.25": {
							"post": [0.98979, -0.01228, -0.23678],
							"lerp_mode": "catmullrom"
						},
						"5.375": {
							"post": [-0.75, 0, 0],
							"lerp_mode": "catmullrom"
						},
						"5.5": {
							"post": [0, 0, 0],
							"lerp_mode": "catmullrom"
						}
					}
				}
			},
			"sound_effects": {
				"0.1667": {
					"effect": "hamster:lebel1886/lebel1886_handing_3"
				},
				"2.5": {
					"effect": "hamster:lebel1886/lebel1886_handing_2"
				},
				"5.0833": {
					"effect": "hamster:lebel1886/lebel1886_handing_1"
				}
			}
		},
		"static_bolt_caught": {
			"loop": true,
			"animation_length": 0.1,
			"bones": {
				"leftHand": {
					"rotation": [73.72315, -17.60758, -109.90113],
					"position": [6.9, -9.27, -6.57],
					"scale": [1, 1.5, 1]
				},
				"rightHand": {
					"rotation": [81.7983, 13.61729, -190.52018],
					"position": [-7.225, -10.3, 2.725],
					"scale": [1, 1.5, 1]
				},
				"constraint": {
					"rotation": [0.2, 0.2, 0.2],
					"position": [0.2, 0.2, 0.2]
				},
				"hammer": {
					"rotation": [50, 0, 0]
				}
			}
		},
		"run": {
			"loop": true,
			"animation_length": 0.6667,
			"bones": {
				"root": {
					"rotation": {
						"0.0": {
							"post": [-1.25, -52.87, 21.85],
							"lerp_mode": "catmullrom"
						},
						"0.1667": {
							"post": [-3.56551, -56.20338, 20.7151],
							"lerp_mode": "catmullrom"
						},
						"0.3333": {
							"post": [-1.25, -52.87, 21.85],
							"lerp_mode": "catmullrom"
						},
						"0.5": {
							"post": [1.36745, -49.52803, 22.75138],
							"lerp_mode": "catmullrom"
						},
						"0.6667": {
							"post": [-1.25, -52.87, 21.85],
							"lerp_mode": "catmullrom"
						}
					},
					"position": {
						"0.0": {
							"post": [1.09, -1.62, -1],
							"lerp_mode": "catmullrom"
						},
						"0.1333": {
							"post": [2.17216, -2.49, -1.56],
							"lerp_mode": "catmullrom"
						},
						"0.2": {
							"post": [2.46076, -2.5275, -1.72],
							"lerp_mode": "catmullrom"
						},
						"0.2667": {
							"post": [2.08636, -2.02, -1.62],
							"lerp_mode": "catmullrom"
						},
						"0.3333": {
							"post": [1.29, -1.7548, -1.13],
							"lerp_mode": "catmullrom"
						},
						"0.4": {
							"post": [0.478, -1.8746, -0.64],
							"lerp_mode": "catmullrom"
						},
						"0.4667": {
							"post": [0.0296, -2.3075, -0.5],
							"lerp_mode": "catmullrom"
						},
						"0.5333": {
							"post": [0.1664, -2.3775, -0.57],
							"lerp_mode": "catmullrom"
						},
						"0.6": {
							"post": [0.63, -1.78, -0.91],
							"lerp_mode": "catmullrom"
						},
						"0.6667": {
							"post": [1.09, -1.62, -1],
							"lerp_mode": "catmullrom"
						}
					}
				}
			}
		},
		"run_start": {
			"animation_length": 0.3958,
			"bones": {
				"root": {
					"rotation": {
						"0.0": {
							"post": [0, 0, 0],
							"lerp_mode": "catmullrom"
						},
						"0.0833": {
							"post": [0.26, -1.88, 0.78],
							"lerp_mode": "catmullrom"
						},
						"0.1875": {
							"post": [1.12, -10.43, 3.38],
							"lerp_mode": "catmullrom"
						},
						"0.3125": {
							"post": [2.335, -43.77, 20.98],
							"lerp_mode": "catmullrom"
						},
						"0.3958": {
							"post": [-1.25, -52.87, 21.85],
							"lerp_mode": "catmullrom"
						}
					},
					"position": {
						"0.0": {
							"post": [0, 0, 0],
							"lerp_mode": "catmullrom"
						},
						"0.3958": {
							"post": [1.09, -1.62, -1],
							"lerp_mode": "catmullrom"
						}
					}
				}
			}
		},
		"run_end": {
			"animation_length": 0.3958,
			"bones": {
				"root": {
					"rotation": {
						"0.0": {
							"post": [-1.25, -52.87, 21.85],
							"lerp_mode": "catmullrom"
						},
						"0.1458": {
							"post": [6.77, -45.74, 20.39],
							"lerp_mode": "catmullrom"
						},
						"0.3125": {
							"post": [0.26, -6.63, 0.78],
							"lerp_mode": "catmullrom"
						},
						"0.3958": {
							"post": [0, 0, 0],
							"lerp_mode": "catmullrom"
						}
					},
					"position": {
						"0.0": {
							"post": [1.09, -1.62, -1],
							"lerp_mode": "catmullrom"
						},
						"0.3958": {
							"post": [0, 0, 0],
							"lerp_mode": "catmullrom"
						}
					}
				}
			}
		},
		"run_hold": {
			"animation_length": 0.5,
			"bones": {
				"root": {
					"rotation": {
						"0.0": {
							"post": [-1.25, -52.87, 21.85],
							"lerp_mode": "catmullrom"
						}
					},
					"position": {
						"0.0": {
							"post": [1.09, -1.87, -1],
							"lerp_mode": "catmullrom"
						}
					}
				}
			}
		},
		"shoot": {
			"animation_length": 1,
			"bones": {
				"constraint": {
					"rotation": {
						"0.0": [1, 1, 1],
						"0.3958": [1, 1, 1],
						"0.6458": [0.2, 0.2, 0.2]
					},
					"position": {
						"0.0": [1, 1, 1],
						"0.3958": [1, 1, 1],
						"0.6458": [0.2, 0.2, 0.2]
					}
				},
				"root": {
					"rotation": {
						"0.0": {
							"post": [0, 0, 0],
							"lerp_mode": "catmullrom"
						},
						"0.0208": {
							"post": [1, 5.375, -7.625],
							"lerp_mode": "catmullrom"
						},
						"0.0417": {
							"post": [-19, -4.3125, 2.1875],
							"lerp_mode": "catmullrom"
						},
						"0.0833": {
							"post": [-17.15, -0.245, -1.4775],
							"lerp_mode": "catmullrom"
						},
						"0.1458": {
							"post": [-10.445, 1.75, 3.375],
							"lerp_mode": "catmullrom"
						},
						"0.2292": {
							"post": [-0.5675, -0.2575, 4.24],
							"lerp_mode": "catmullrom"
						},
						"0.3125": {
							"post": [2.2625, -0.3875, 2.24],
							"lerp_mode": "catmullrom"
						},
						"0.4167": {
							"post": [-0.75, 0, 0],
							"lerp_mode": "catmullrom"
						},
						"0.5": {
							"post": [0, 0, 0],
							"lerp_mode": "catmullrom"
						},
						"0.6042": {
							"post": [-0.03, 0, 0],
							"lerp_mode": "catmullrom"
						},
						"0.75": {
							"post": [0, 0, 0],
							"lerp_mode": "catmullrom"
						}
					},
					"position": {
						"0.0": {
							"post": [0, 0, 0],
							"lerp_mode": "catmullrom"
						},
						"0.0208": {
							"post": [0, 0, 1.5625],
							"lerp_mode": "catmullrom"
						},
						"0.125": {
							"post": [0, 0, 1.43],
							"lerp_mode": "catmullrom"
						},
						"0.25": {
							"post": [0, 0, 0.4075],
							"lerp_mode": "catmullrom"
						},
						"0.3333": {
							"post": [0, 0, -0.325],
							"lerp_mode": "catmullrom"
						},
						"0.4792": {
							"post": [0, 0, 0.125],
							"lerp_mode": "catmullrom"
						},
						"0.625": {
							"post": [0, 0, 0],
							"lerp_mode": "catmullrom"
						}
					}
				},
				"camera": {
					"rotation": {
						"0.0": {
							"post": [-2, 0, -3],
							"lerp_mode": "catmullrom"
						},
						"0.0208": {
							"post": [2.8125, 0, 2],
							"lerp_mode": "catmullrom"
						},
						"0.0625": {
							"post": [-0.9375, 0, -1],
							"lerp_mode": "catmullrom"
						},
						"0.1667": {
							"post": [0.3125, 0, 1],
							"lerp_mode": "catmullrom"
						},
						"0.3333": {
							"post": [-0.3125, 0, -0.75],
							"lerp_mode": "catmullrom"
						},
						"0.5": {
							"post": [0.23, 0, 0.17],
							"lerp_mode": "catmullrom"
						},
						"0.75": {
							"post": [0, 0, -0.27],
							"lerp_mode": "catmullrom"
						},
						"0.8333": {
							"post": [-0.01, 0, 0.23],
							"lerp_mode": "catmullrom"
						},
						"0.9167": {
							"post": [0, 0, 0],
							"lerp_mode": "catmullrom"
						},
						"1.0": {
							"post": [0, 0, 0],
							"lerp_mode": "catmullrom"
						}
					}
				}
			}
		}
	}
}