{
	"format_version": "1.12.0",
	"minecraft:geometry": [
		{
			"description": {
				"identifier": "geometry.unknown",
				"texture_width": 32,
				"texture_height": 32,
				"visible_bounds_width": 2,
				"visible_bounds_height": 1.5,
				"visible_bounds_offset": [0, 0.25, 0]
			},
			"bones": [
				{
					"name": "aperture",
					"pivot": [0, -1.86696, 5.78483],
					"cubes": [
						{
							"origin": [-0.28125, -1.20312, 5.23438],
							"size": [0.5625, 0.125, 0.375],
							"inflate": 0.001,
							"uv": {
								"north": {"uv": [0, 0], "uv_size": [1, 1]},
								"east": {"uv": [0, 1], "uv_size": [1, 1]},
								"south": {"uv": [1, 0], "uv_size": [1, 1]},
								"west": {"uv": [1, 1], "uv_size": [1, 1]},
								"down": {"uv": [2, 1], "uv_size": [1, -1]}
							}
						},
						{
							"origin": [-0.15625, -1.07812, 5.23438],
							"size": [0.3125, 0.09375, 0.375],
							"inflate": 0.001,
							"uv": {
								"north": {"uv": [1, 2], "uv_size": [1, 1]},
								"south": {"uv": [2, 2], "uv_size": [1, 1]},
								"up": {"uv": [3, 0], "uv_size": [1, 1]}
							}
						},
						{
							"origin": [-0.3125, -1.84375, 4.70313],
							"size": [0.625, 0.25, 0.6875],
							"inflate": 0.001,
							"pivot": [1, -1.59375, 5.39063],
							"rotation": [-22.5, 0, 0],
							"uv": {
								"east": {"uv": [2, 3], "uv_size": [1, 1]},
								"south": {"uv": [3, 2], "uv_size": [1, 1]},
								"west": {"uv": [3, 3], "uv_size": [1, 1]},
								"down": {"uv": [4, 1], "uv_size": [1, -1]}
							}
						},
						{
							"origin": [-0.0625, 0.28125, 5.35938],
							"size": [0.125, 0.07813, 0.125],
							"uv": {
								"north": {"uv": [1, 4], "uv_size": [1, 1]},
								"east": {"uv": [4, 1], "uv_size": [1, 1]},
								"south": {"uv": [2, 4], "uv_size": [1, 1]},
								"west": {"uv": [4, 2], "uv_size": [1, 1]},
								"up": {"uv": [3, 4], "uv_size": [1, 1]}
							}
						},
						{
							"origin": [-0.0712, -0.79687, 5.24997],
							"size": [0.14241, 0.65625, 0.3438],
							"pivot": [0, -0.64062, 5.42188],
							"rotation": [0, -45, 0],
							"uv": {
								"north": {"uv": [4, 4], "uv_size": [1, 1]},
								"south": {"uv": [5, 0], "uv_size": [1, 1]},
								"up": {"uv": [5, 1], "uv_size": [1, 1]},
								"down": {"uv": [2, 6], "uv_size": [1, -1]}
							}
						},
						{
							"origin": [-0.0712, -0.79687, 5.24997],
							"size": [0.14241, 0.65625, 0.3438],
							"uv": {
								"north": {"uv": [5, 2], "uv_size": [1, 1]},
								"south": {"uv": [5, 3], "uv_size": [1, 1]},
								"up": {"uv": [5, 4], "uv_size": [1, 1]},
								"down": {"uv": [5, 6], "uv_size": [1, -1]}
							}
						},
						{
							"origin": [-0.1719, -0.79687, 5.35067],
							"size": [0.3438, 0.65625, 0.14241],
							"pivot": [0, -0.64062, 5.42188],
							"rotation": [0, -45, 0],
							"uv": {
								"east": {"uv": [6, 0], "uv_size": [1, 1]},
								"west": {"uv": [6, 1], "uv_size": [1, 1]},
								"up": {"uv": [2, 6], "uv_size": [1, 1]},
								"down": {"uv": [6, 3], "uv_size": [1, -1]}
							}
						},
						{
							"origin": [-0.1719, -0.79687, 5.35067],
							"size": [0.3438, 0.65625, 0.14241],
							"uv": {
								"east": {"uv": [6, 3], "uv_size": [1, 1]},
								"west": {"uv": [6, 4], "uv_size": [1, 1]},
								"up": {"uv": [5, 6], "uv_size": [1, 1]},
								"down": {"uv": [6, 6], "uv_size": [1, -1]}
							}
						},
						{
							"origin": [0.03217, -0.92187, 5.34421],
							"size": [0.15533, 0.1875, 0.125],
							"pivot": [0.1875, -0.92187, 5.34421],
							"rotation": [-14, -45, 0],
							"uv": {
								"north": {"uv": [6, 6], "uv_size": [1, 1]},
								"east": {"uv": [0, 7], "uv_size": [1, 1]},
								"south": {"uv": [7, 0], "uv_size": [1, 1]},
								"west": {"uv": [1, 7], "uv_size": [1, 1]},
								"up": {"uv": [7, 1], "uv_size": [1, 1]}
							}
						},
						{
							"origin": [-0.07767, -0.92187, 5.23438],
							"size": [0.15533, 0.1875, 0.125],
							"pivot": [0.07767, -0.92187, 5.23438],
							"rotation": [-10, 0, 0],
							"uv": {
								"north": {"uv": [7, 2], "uv_size": [1, 1]}
							}
						},
						{
							"origin": [-0.233, -0.92187, 5.48438],
							"size": [0.15533, 0.1875, 0.125],
							"pivot": [-0.07767, -0.92187, 5.60938],
							"rotation": [14, -45, 0],
							"uv": {
								"north": {"uv": [7, 4], "uv_size": [1, 1]},
								"east": {"uv": [5, 7], "uv_size": [1, 1]},
								"south": {"uv": [7, 5], "uv_size": [1, 1]},
								"west": {"uv": [6, 7], "uv_size": [1, 1]},
								"up": {"uv": [7, 6], "uv_size": [1, 1]},
								"down": {"uv": [7, 8], "uv_size": [1, -1]}
							}
						},
						{
							"origin": [-0.07767, -0.92187, 5.48438],
							"size": [0.15533, 0.1875, 0.125],
							"pivot": [0.07767, -0.92187, 5.60938],
							"rotation": [10, 0, 0],
							"uv": {
								"north": {"uv": [0, 8], "uv_size": [1, 1]},
								"south": {"uv": [8, 0], "uv_size": [1, 1]}
							}
						},
						{
							"origin": [0.0625, -0.92187, 5.49954],
							"size": [0.125, 0.1875, 0.15533],
							"pivot": [0.1875, -0.92187, 5.49954],
							"rotation": [13.59981, -43.32239, -19.42281],
							"uv": {
								"north": {"uv": [2, 8], "uv_size": [1, 1]},
								"east": {"uv": [8, 2], "uv_size": [1, 1]},
								"south": {"uv": [3, 8], "uv_size": [1, 1]},
								"west": {"uv": [8, 3], "uv_size": [1, 1]},
								"up": {"uv": [4, 8], "uv_size": [1, 1]},
								"down": {"uv": [8, 5], "uv_size": [1, -1]}
							}
						},
						{
							"origin": [0.0625, -0.92187, 5.34421],
							"size": [0.125, 0.1875, 0.15533],
							"pivot": [0.1875, -0.92187, 5.49954],
							"rotation": [0, 0, -10],
							"uv": {
								"east": {"uv": [5, 8], "uv_size": [1, 1]},
								"west": {"uv": [8, 5], "uv_size": [1, 1]}
							}
						},
						{
							"origin": [-0.07767, -0.92187, 5.23438],
							"size": [0.125, 0.1875, 0.15533],
							"pivot": [-0.07767, -0.92187, 5.23437],
							"rotation": [-13.59981, -43.32239, 19.42281],
							"uv": {
								"east": {"uv": [8, 7], "uv_size": [1, 1]},
								"south": {"uv": [8, 8], "uv_size": [1, 1]},
								"west": {"uv": [0, 9], "uv_size": [1, 1]}
							}
						},
						{
							"origin": [-0.1875, -0.92187, 5.34421],
							"size": [0.125, 0.1875, 0.15533],
							"pivot": [-0.1875, -0.92187, 5.34421],
							"rotation": [0, 0, 10],
							"uv": {
								"east": {"uv": [9, 1], "uv_size": [1, 1]},
								"west": {"uv": [2, 9], "uv_size": [1, 1]}
							}
						},
						{
							"origin": [-0.1875, -0.98437, 5.34421],
							"size": [0.375, 0.0625, 0.15533],
							"uv": {
								"east": {"uv": [4, 9], "uv_size": [1, 1]},
								"west": {"uv": [5, 9], "uv_size": [1, 1]},
								"down": {"uv": [6, 10], "uv_size": [1, -1]}
							}
						},
						{
							"origin": [-0.1875, -0.98437, 5.34421],
							"size": [0.375, 0.0625, 0.15533],
							"pivot": [0, -0.42187, 5.42188],
							"rotation": [0, -45, 0],
							"uv": {
								"east": {"uv": [7, 9], "uv_size": [1, 1]},
								"west": {"uv": [8, 9], "uv_size": [1, 1]},
								"up": {"uv": [9, 8], "uv_size": [1, 1]},
								"down": {"uv": [9, 10], "uv_size": [1, -1]}
							}
						},
						{
							"origin": [-0.07767, -0.98437, 5.23438],
							"size": [0.15533, 0.0625, 0.375],
							"uv": {
								"north": {"uv": [0, 10], "uv_size": [1, 1]},
								"south": {"uv": [1, 10], "uv_size": [1, 1]}
							}
						},
						{
							"origin": [-0.07767, -0.98437, 5.23438],
							"size": [0.15533, 0.0625, 0.375],
							"pivot": [0, -0.42187, 5.42188],
							"rotation": [0, -45, 0],
							"uv": {
								"north": {"uv": [3, 10], "uv_size": [1, 1]},
								"south": {"uv": [4, 10], "uv_size": [1, 1]},
								"up": {"uv": [5, 10], "uv_size": [1, 1]},
								"down": {"uv": [10, 6], "uv_size": [1, -1]}
							}
						},
						{
							"origin": [0.0087, -0.14062, 5.45137],
							"size": [0.0625, 0.20313, 0.14241],
							"pivot": [0.0712, -0.14062, 5.59378],
							"rotation": [27.25019, -37.30867, -40.35606],
							"uv": {
								"north": {"uv": [6, 10], "uv_size": [1, 1]},
								"east": {"uv": [10, 6], "uv_size": [1, 1]},
								"west": {"uv": [10, 7], "uv_size": [1, 1]},
								"up": {"uv": [8, 10], "uv_size": [1, 1]}
							}
						},
						{
							"origin": [-0.0712, -0.14062, 5.53128],
							"size": [0.14241, 0.20313, 0.0625],
							"pivot": [0.0712, -0.14062, 5.59378],
							"rotation": [22.5, 0, 0],
							"uv": {
								"north": {"uv": [9, 10], "uv_size": [1, 1]},
								"south": {"uv": [10, 9], "uv_size": [1, 1]}
							}
						},
						{
							"origin": [0.1094, -0.14062, 5.35067],
							"size": [0.0625, 0.20313, 0.14241],
							"pivot": [0.1719, -0.14062, 5.49308],
							"rotation": [0, 0, -22.5],
							"uv": {
								"east": {"uv": [0, 11], "uv_size": [1, 1]},
								"west": {"uv": [11, 0], "uv_size": [1, 1]}
							}
						},
						{
							"origin": [0.02949, -0.14062, 5.35067],
							"size": [0.14241, 0.20313, 0.0625],
							"pivot": [0.1719, -0.14062, 5.35067],
							"rotation": [-31, -45, 0],
							"uv": {
								"north": {"uv": [11, 1], "uv_size": [1, 1]},
								"east": {"uv": [2, 11], "uv_size": [1, 1]},
								"south": {"uv": [11, 2], "uv_size": [1, 1]},
								"west": {"uv": [3, 11], "uv_size": [1, 1]},
								"up": {"uv": [11, 3], "uv_size": [1, 1]}
							}
						},
						{
							"origin": [-0.05178, 0.03125, 5.29688],
							"size": [0.10355, 0.25, 0.25],
							"pivot": [0, -0.20312, 5.42188],
							"rotation": [0, -45, 0],
							"uv": {
								"north": {"uv": [11, 4], "uv_size": [1, 1]},
								"south": {"uv": [11, 5], "uv_size": [1, 1]},
								"up": {"uv": [11, 6], "uv_size": [1, 1]},
								"down": {"uv": [7, 12], "uv_size": [1, -1]}
							}
						},
						{
							"origin": [-0.05178, 0.03125, 5.29688],
							"size": [0.10355, 0.25, 0.25],
							"uv": {
								"north": {"uv": [11, 7], "uv_size": [1, 1]},
								"south": {"uv": [11, 8], "uv_size": [1, 1]},
								"up": {"uv": [11, 9], "uv_size": [1, 1]},
								"down": {"uv": [10, 12], "uv_size": [1, -1]}
							}
						},
						{
							"origin": [-0.125, 0.03125, 5.3701],
							"size": [0.25, 0.25, 0.10355],
							"pivot": [0, -0.20312, 5.42188],
							"rotation": [0, -45, 0],
							"uv": {
								"east": {"uv": [11, 11], "uv_size": [1, 1]},
								"west": {"uv": [12, 0], "uv_size": [1, 1]},
								"up": {"uv": [1, 12], "uv_size": [1, 1]},
								"down": {"uv": [12, 2], "uv_size": [1, -1]}
							}
						},
						{
							"origin": [-0.125, 0.03125, 5.3701],
							"size": [0.25, 0.25, 0.10355],
							"uv": {
								"east": {"uv": [12, 2], "uv_size": [1, 1]},
								"west": {"uv": [12, 3], "uv_size": [1, 1]},
								"up": {"uv": [4, 12], "uv_size": [1, 1]},
								"down": {"uv": [12, 5], "uv_size": [1, -1]}
							}
						},
						{
							"origin": [-0.1719, -0.14062, 5.35067],
							"size": [0.14241, 0.20313, 0.0625],
							"pivot": [-0.1719, -0.14062, 5.35067],
							"rotation": [-31, 45, 0],
							"uv": {
								"north": {"uv": [5, 12], "uv_size": [1, 1]},
								"east": {"uv": [12, 5], "uv_size": [1, 1]},
								"south": {"uv": [6, 12], "uv_size": [1, 1]},
								"west": {"uv": [12, 6], "uv_size": [1, 1]},
								"up": {"uv": [7, 12], "uv_size": [1, 1]}
							}
						},
						{
							"origin": [-0.1719, -0.14062, 5.35067],
							"size": [0.0625, 0.20313, 0.14241],
							"pivot": [-0.1719, -0.14062, 5.49308],
							"rotation": [0, 0, 22.5],
							"uv": {
								"east": {"uv": [8, 12], "uv_size": [1, 1]},
								"west": {"uv": [12, 8], "uv_size": [1, 1]}
							}
						},
						{
							"origin": [-0.0712, -0.14062, 5.45137],
							"size": [0.0625, 0.20313, 0.14241],
							"pivot": [-0.0712, -0.14062, 5.59378],
							"rotation": [27.25019, 37.30867, 40.35606],
							"uv": {
								"north": {"uv": [12, 9], "uv_size": [1, 1]},
								"east": {"uv": [10, 12], "uv_size": [1, 1]},
								"west": {"uv": [11, 12], "uv_size": [1, 1]},
								"up": {"uv": [12, 11], "uv_size": [1, 1]}
							}
						},
						{
							"origin": [-0.0712, -0.14062, 5.24997],
							"size": [0.14241, 0.20313, 0.0625],
							"pivot": [0.0712, -0.14062, 5.24997],
							"rotation": [-22.5, 0, 0],
							"uv": {
								"north": {"uv": [0, 13], "uv_size": [1, 1]},
								"south": {"uv": [13, 0], "uv_size": [1, 1]}
							}
						},
						{
							"origin": [-0.05178, 0.35938, 5.35938],
							"size": [0.10355, 0.01563, 0.23438],
							"pivot": [0, 0.48438, 5.1875],
							"rotation": [0, 0, 45],
							"uv": {
								"north": {"uv": [13, 1], "uv_size": [1, 1]},
								"south": {"uv": [13, 2], "uv_size": [1, 1]},
								"up": {"uv": [13, 3], "uv_size": [1, 1]},
								"down": {"uv": [4, 14], "uv_size": [1, -1]}
							}
						},
						{
							"origin": [-0.05178, 0.35938, 5.35938],
							"size": [0.10355, 0.01563, 0.23438],
							"uv": {
								"north": {"uv": [13, 4], "uv_size": [1, 1]},
								"south": {"uv": [13, 5], "uv_size": [1, 1]},
								"up": {"uv": [13, 6], "uv_size": [1, 1]},
								"down": {"uv": [7, 14], "uv_size": [1, -1]}
							}
						},
						{
							"origin": [-0.05178, 0.59375, 5.35938],
							"size": [0.10355, 0.01563, 0.23438],
							"pivot": [0, 0.48438, 5.1875],
							"rotation": [0, 0, 45],
							"uv": {
								"north": {"uv": [13, 7], "uv_size": [1, 1]},
								"south": {"uv": [13, 8], "uv_size": [1, 1]},
								"up": {"uv": [13, 9], "uv_size": [1, 1]},
								"down": {"uv": [10, 14], "uv_size": [1, -1]}
							}
						},
						{
							"origin": [-0.05178, 0.59375, 5.35938],
							"size": [0.10355, 0.01563, 0.23438],
							"uv": {
								"north": {"uv": [13, 10], "uv_size": [1, 1]},
								"south": {"uv": [13, 11], "uv_size": [1, 1]},
								"up": {"uv": [13, 12], "uv_size": [1, 1]},
								"down": {"uv": [13, 14], "uv_size": [1, -1]}
							}
						},
						{
							"origin": [0.10938, 0.4326, 5.35938],
							"size": [0.01563, 0.10355, 0.23438],
							"pivot": [0, 0.48438, 5.1875],
							"rotation": [0, 0, 45],
							"uv": {
								"north": {"uv": [0, 14], "uv_size": [1, 1]},
								"east": {"uv": [14, 0], "uv_size": [1, 1]},
								"south": {"uv": [1, 14], "uv_size": [1, 1]},
								"west": {"uv": [14, 1], "uv_size": [1, 1]}
							}
						},
						{
							"origin": [0.10938, 0.4326, 5.35938],
							"size": [0.01563, 0.10355, 0.23438],
							"uv": {
								"north": {"uv": [3, 14], "uv_size": [1, 1]},
								"east": {"uv": [14, 3], "uv_size": [1, 1]},
								"south": {"uv": [4, 14], "uv_size": [1, 1]},
								"west": {"uv": [14, 4], "uv_size": [1, 1]}
							}
						},
						{
							"origin": [-0.125, 0.4326, 5.35938],
							"size": [0.01563, 0.10355, 0.23438],
							"pivot": [0, 0.48438, 5.1875],
							"rotation": [0, 0, 45],
							"uv": {
								"north": {"uv": [6, 14], "uv_size": [1, 1]},
								"east": {"uv": [14, 6], "uv_size": [1, 1]},
								"south": {"uv": [7, 14], "uv_size": [1, 1]},
								"west": {"uv": [14, 7], "uv_size": [1, 1]}
							}
						},
						{
							"origin": [-0.125, 0.4326, 5.35938],
							"size": [0.01563, 0.10355, 0.23438],
							"uv": {
								"north": {"uv": [9, 14], "uv_size": [1, 1]},
								"east": {"uv": [14, 9], "uv_size": [1, 1]},
								"south": {"uv": [10, 14], "uv_size": [1, 1]},
								"west": {"uv": [14, 10], "uv_size": [1, 1]}
							}
						},
						{
							"origin": [-0.05826, 0.34372, 5.48438],
							"size": [0.11652, 0.01563, 0.125],
							"pivot": [0, 0.48438, 5.98438],
							"rotation": [0, 0, 45],
							"uv": {
								"north": {"uv": [12, 14], "uv_size": [1, 1]},
								"south": {"uv": [13, 14], "uv_size": [1, 1]},
								"up": {"uv": [14, 14], "uv_size": [1, 1]},
								"down": {"uv": [0, 16], "uv_size": [1, -1]}
							}
						},
						{
							"origin": [-0.05826, 0.34372, 5.48438],
							"size": [0.11652, 0.01563, 0.125],
							"uv": {
								"south": {"uv": [15, 1], "uv_size": [1, 1]},
								"up": {"uv": [15, 2], "uv_size": [1, 1]},
								"down": {"uv": [3, 16], "uv_size": [1, -1]}
							}
						},
						{
							"origin": [-0.05826, 0.6094, 5.48438],
							"size": [0.11652, 0.01563, 0.125],
							"pivot": [0, 0.48438, 5.98438],
							"rotation": [0, 0, 45],
							"uv": {
								"north": {"uv": [15, 3], "uv_size": [1, 1]},
								"south": {"uv": [15, 4], "uv_size": [1, 1]},
								"up": {"uv": [15, 5], "uv_size": [1, 1]},
								"down": {"uv": [6, 16], "uv_size": [1, -1]}
							}
						},
						{
							"origin": [-0.05826, 0.6094, 5.48438],
							"size": [0.11652, 0.01563, 0.125],
							"uv": {
								"north": {"uv": [15, 6], "uv_size": [1, 1]},
								"south": {"uv": [15, 7], "uv_size": [1, 1]},
								"up": {"uv": [15, 8], "uv_size": [1, 1]},
								"down": {"uv": [9, 16], "uv_size": [1, -1]}
							}
						},
						{
							"origin": [0.12503, 0.42612, 5.48438],
							"size": [0.01563, 0.11652, 0.125],
							"pivot": [0, 0.48438, 5.98438],
							"rotation": [0, 0, 45],
							"uv": {
								"north": {"uv": [15, 9], "uv_size": [1, 1]},
								"east": {"uv": [10, 15], "uv_size": [1, 1]},
								"south": {"uv": [15, 10], "uv_size": [1, 1]},
								"west": {"uv": [11, 15], "uv_size": [1, 1]}
							}
						},
						{
							"origin": [0.12503, 0.42612, 5.48438],
							"size": [0.01563, 0.11652, 0.125],
							"uv": {
								"north": {"uv": [15, 12], "uv_size": [1, 1]},
								"east": {"uv": [13, 15], "uv_size": [1, 1]},
								"south": {"uv": [15, 13], "uv_size": [1, 1]},
								"west": {"uv": [14, 15], "uv_size": [1, 1]}
							}
						},
						{
							"origin": [-0.14065, 0.42612, 5.48438],
							"size": [0.01563, 0.11652, 0.125],
							"pivot": [0, 0.48438, 5.98438],
							"rotation": [0, 0, 45],
							"uv": {
								"north": {"uv": [0, 16], "uv_size": [1, 1]},
								"east": {"uv": [16, 0], "uv_size": [1, 1]},
								"south": {"uv": [1, 16], "uv_size": [1, 1]},
								"west": {"uv": [16, 1], "uv_size": [1, 1]}
							}
						},
						{
							"origin": [-0.14065, 0.42612, 5.48438],
							"size": [0.01563, 0.11652, 0.125],
							"uv": {
								"north": {"uv": [3, 16], "uv_size": [1, 1]},
								"east": {"uv": [16, 3], "uv_size": [1, 1]},
								"south": {"uv": [4, 16], "uv_size": [1, 1]},
								"west": {"uv": [16, 4], "uv_size": [1, 1]}
							}
						},
						{
							"origin": [-0.09061, 0.26563, 5.57813],
							"size": [0.18122, 0.07813, 0.0625],
							"pivot": [0, 0.48438, 5.1875],
							"rotation": [0, 0, 45],
							"uv": {
								"north": {"uv": [6, 16], "uv_size": [1, 1]},
								"south": {"uv": [7, 16], "uv_size": [1, 1]},
								"up": {"uv": [8, 16], "uv_size": [1, 1]},
								"down": {"uv": [16, 9], "uv_size": [1, -1]}
							}
						},
						{
							"origin": [-0.09061, 0.26563, 5.57813],
							"size": [0.18122, 0.07813, 0.0625],
							"uv": {
								"north": {"uv": [9, 16], "uv_size": [1, 1]},
								"south": {"uv": [10, 16], "uv_size": [1, 1]},
								"up": {"uv": [11, 16], "uv_size": [1, 1]},
								"down": {"uv": [16, 12], "uv_size": [1, -1]}
							}
						},
						{
							"origin": [-0.09061, 0.625, 5.57813],
							"size": [0.18122, 0.07813, 0.0625],
							"pivot": [0, 0.48438, 5.1875],
							"rotation": [0, 0, 45],
							"uv": {
								"north": {"uv": [12, 16], "uv_size": [1, 1]},
								"south": {"uv": [13, 16], "uv_size": [1, 1]},
								"up": {"uv": [14, 16], "uv_size": [1, 1]},
								"down": {"uv": [16, 15], "uv_size": [1, -1]}
							}
						},
						{
							"origin": [-0.09061, 0.625, 5.57813],
							"size": [0.18122, 0.07813, 0.0625],
							"uv": {
								"north": {"uv": [15, 16], "uv_size": [1, 1]},
								"south": {"uv": [16, 16], "uv_size": [1, 1]},
								"up": {"uv": [17, 0], "uv_size": [1, 1]},
								"down": {"uv": [1, 18], "uv_size": [1, -1]}
							}
						},
						{
							"origin": [0.14063, 0.39377, 5.57813],
							"size": [0.07813, 0.18122, 0.0625],
							"pivot": [0, 0.48438, 5.1875],
							"rotation": [0, 0, 45],
							"uv": {
								"north": {"uv": [17, 1], "uv_size": [1, 1]},
								"east": {"uv": [2, 17], "uv_size": [1, 1]},
								"south": {"uv": [17, 2], "uv_size": [1, 1]},
								"west": {"uv": [3, 17], "uv_size": [1, 1]}
							}
						},
						{
							"origin": [0.14063, 0.39377, 5.57813],
							"size": [0.07813, 0.18122, 0.0625],
							"uv": {
								"north": {"uv": [17, 4], "uv_size": [1, 1]},
								"east": {"uv": [5, 17], "uv_size": [1, 1]},
								"south": {"uv": [17, 5], "uv_size": [1, 1]},
								"west": {"uv": [6, 17], "uv_size": [1, 1]}
							}
						},
						{
							"origin": [-0.21875, 0.39377, 5.57813],
							"size": [0.07813, 0.18122, 0.0625],
							"pivot": [0, 0.48438, 5.1875],
							"rotation": [0, 0, 45],
							"uv": {
								"north": {"uv": [17, 7], "uv_size": [1, 1]},
								"east": {"uv": [8, 17], "uv_size": [1, 1]},
								"south": {"uv": [17, 8], "uv_size": [1, 1]},
								"west": {"uv": [9, 17], "uv_size": [1, 1]}
							}
						},
						{
							"origin": [-0.21875, 0.39377, 5.57813],
							"size": [0.07813, 0.18122, 0.0625],
							"uv": {
								"north": {"uv": [17, 10], "uv_size": [1, 1]},
								"east": {"uv": [11, 17], "uv_size": [1, 1]},
								"south": {"uv": [17, 11], "uv_size": [1, 1]},
								"west": {"uv": [12, 17], "uv_size": [1, 1]}
							}
						},
						{
							"origin": [-0.3125, -1.45647, 5.18747],
							"size": [0.625, 0.19418, 0.4688],
							"pivot": [0, -1.35937, 5.42188],
							"rotation": [-45, 0, 0],
							"uv": {
								"north": {"uv": [17, 13], "uv_size": [1, 1]},
								"east": {"uv": [14, 17], "uv_size": [1, 1]},
								"south": {"uv": [17, 14], "uv_size": [1, 1]},
								"west": {"uv": [15, 17], "uv_size": [1, 1]}
							}
						},
						{
							"origin": [-0.3125, -1.45647, 5.18747],
							"size": [0.625, 0.19418, 0.4688],
							"inflate": 0.0005,
							"uv": {
								"east": {"uv": [17, 17], "uv_size": [1, 1]},
								"south": {"uv": [0, 18], "uv_size": [1, 1]},
								"west": {"uv": [18, 0], "uv_size": [1, 1]}
							}
						},
						{
							"origin": [-0.3125, -1.59378, 5.32478],
							"size": [0.625, 0.4688, 0.19418],
							"pivot": [0, -1.35937, 5.42188],
							"rotation": [-45, 0, 0],
							"uv": {
								"east": {"uv": [18, 2], "uv_size": [1, 1]},
								"west": {"uv": [18, 3], "uv_size": [1, 1]},
								"up": {"uv": [4, 18], "uv_size": [1, 1]}
							}
						},
						{
							"origin": [-0.3125, -1.59378, 5.32478],
							"size": [0.625, 0.4688, 0.19418],
							"inflate": 0.0005,
							"uv": {
								"east": {"uv": [18, 5], "uv_size": [1, 1]},
								"west": {"uv": [18, 6], "uv_size": [1, 1]},
								"up": {"uv": [7, 18], "uv_size": [1, 1]},
								"down": {"uv": [18, 8], "uv_size": [1, -1]}
							}
						},
						{
							"origin": [-0.3125, -1.59375, 4.85938],
							"size": [0.625, 0.32813, 0.53125],
							"inflate": 0.001,
							"pivot": [1, -1.59375, 5.39063],
							"rotation": [-22.5, 0, 0],
							"uv": {
								"north": {"uv": [8, 18], "uv_size": [1, 1]},
								"east": {"uv": [18, 8], "uv_size": [1, 1]},
								"west": {"uv": [18, 9], "uv_size": [1, 1]},
								"up": {"uv": [10, 18], "uv_size": [1, 1]}
							}
						},
						{
							"origin": [-0.3125, -1.48691, 4.73983],
							"size": [0.625, 0.3125, 0.20313],
							"pivot": [1, -1.33066, 4.75546],
							"rotation": [-37.5, 0, 0],
							"uv": {
								"north": {"uv": [11, 18], "uv_size": [1, 1]},
								"east": {"uv": [18, 11], "uv_size": [1, 1]},
								"west": {"uv": [18, 12], "uv_size": [1, 1]},
								"up": {"uv": [13, 18], "uv_size": [1, 1]}
							}
						},
						{
							"origin": [-0.3125, -1.875, 4.51563],
							"size": [0.625, 0.09375, 0.1875],
							"inflate": 0.001,
							"pivot": [1, -1.59375, 5.39063],
							"rotation": [-22.5, 0, 0],
							"uv": {
								"north": {"uv": [14, 18], "uv_size": [1, 1]},
								"east": {"uv": [18, 14], "uv_size": [1, 1]},
								"south": {"uv": [15, 18], "uv_size": [1, 1]},
								"west": {"uv": [18, 15], "uv_size": [1, 1]},
								"down": {"uv": [18, 17], "uv_size": [1, -1]}
							}
						},
						{
							"origin": [-0.3125, -1.53967, 4.51048],
							"size": [0.625, 0.10755, 0.18484],
							"inflate": 0.0005,
							"pivot": [1, -1.43213, 4.51048],
							"rotation": [12.5, 0, 0],
							"uv": {
								"east": {"uv": [18, 17], "uv_size": [1, 1]},
								"west": {"uv": [0, 19], "uv_size": [1, 1]},
								"up": {"uv": [19, 0], "uv_size": [1, 1]}
							}
						},
						{
							"origin": [-0.3125, -1.84375, 5.39063],
							"size": [0.625, 0.125, 0.625],
							"inflate": 0.001,
							"pivot": [1, -1.59375, 5.39063],
							"rotation": [-22.5, 0, 0],
							"uv": {
								"east": {"uv": [2, 19], "uv_size": [1, 1]},
								"south": {"uv": [19, 2], "uv_size": [1, 1]},
								"west": {"uv": [3, 19], "uv_size": [1, 1]},
								"up": {"uv": [19, 3], "uv_size": [1, 1]},
								"down": {"uv": [4, 20], "uv_size": [1, -1]}
							}
						},
						{
							"origin": [-0.125, -1.84375, 6.01563],
							"size": [0.25, 0.125, 0.1875],
							"inflate": 0.001,
							"pivot": [1, -1.59375, 5.39063],
							"rotation": [-22.5, 0, 0],
							"uv": {
								"east": {"uv": [5, 19], "uv_size": [1, 1]},
								"south": {"uv": [19, 5], "uv_size": [1, 1]},
								"west": {"uv": [6, 19], "uv_size": [1, 1]},
								"up": {"uv": [19, 6], "uv_size": [1, 1]},
								"down": {"uv": [7, 20], "uv_size": [1, -1]}
							}
						},
						{
							"origin": [-0.3125, -1.77173, 5.28029],
							"size": [0.625, 0.125, 0.125],
							"pivot": [0, -1.70923, 5.34279],
							"rotation": [22.5, 0, 0],
							"uv": {
								"east": {"uv": [8, 19], "uv_size": [1, 1]},
								"south": {"uv": [19, 8], "uv_size": [1, 1]},
								"west": {"uv": [9, 19], "uv_size": [1, 1]}
							}
						},
						{
							"origin": [-0.3125, -1.17441, 4.73983],
							"size": [0.5, 0.09375, 0.20313],
							"inflate": 0.001,
							"pivot": [1, -1.33066, 4.75546],
							"rotation": [-37.5, 0, 0],
							"uv": {
								"north": {"uv": [19, 10], "uv_size": [1, 1]},
								"east": {"uv": [11, 19], "uv_size": [1, 1]},
								"west": {"uv": [12, 19], "uv_size": [1, 1]}
							}
						},
						{
							"origin": [-0.3125, -1.1228, 4.89525],
							"size": [0.5, 0.13489, 0.125],
							"pivot": [1, -1.1228, 4.89525],
							"rotation": [-74.73936, 0, 0],
							"uv": {
								"north": {"uv": [19, 13], "uv_size": [1, 1]},
								"east": {"uv": [14, 19], "uv_size": [1, 1]},
								"west": {"uv": [15, 19], "uv_size": [1, 1]}
							}
						},
						{
							"origin": [0.15625, -1.07812, 5.23438],
							"size": [0.15625, 0.09375, 0.375],
							"pivot": [0.15625, -0.98437, 5.60938],
							"rotation": [0, 0, 36.8699],
							"uv": {
								"north": {"uv": [19, 16], "uv_size": [1, 1]},
								"south": {"uv": [19, 17], "uv_size": [1, 1]},
								"up": {"uv": [19, 18], "uv_size": [1, 1]}
							}
						},
						{
							"origin": [-0.3125, -1.07812, 5.23438],
							"size": [0.15625, 0.09375, 0.375],
							"pivot": [-0.15625, -0.98437, 5.60938],
							"rotation": [0, 0, -36.8699],
							"uv": {
								"north": {"uv": [0, 20], "uv_size": [1, 1]},
								"south": {"uv": [1, 20], "uv_size": [1, 1]},
								"up": {"uv": [2, 20], "uv_size": [1, 1]}
							}
						},
						{
							"origin": [0.125, -2.14517, 5.90594],
							"size": [0.26517, 0.125, 0.1875],
							"pivot": [0.125, -2.02017, 6.09344],
							"rotation": [-30.36119, 40.78947, -20.94102],
							"uv": {
								"north": {"uv": [3, 20], "uv_size": [1, 1]},
								"east": {"uv": [20, 3], "uv_size": [1, 1]},
								"south": {"uv": [4, 20], "uv_size": [1, 1]},
								"west": {"uv": [20, 4], "uv_size": [1, 1]},
								"up": {"uv": [5, 20], "uv_size": [1, 1]},
								"down": {"uv": [20, 6], "uv_size": [1, -1]}
							}
						},
						{
							"origin": [-0.39017, -2.14517, 5.90594],
							"size": [0.26517, 0.125, 0.1875],
							"pivot": [-0.125, -2.02017, 6.09344],
							"rotation": [-30.36119, -40.78947, 20.94102],
							"uv": {
								"north": {"uv": [6, 20], "uv_size": [1, 1]},
								"east": {"uv": [20, 6], "uv_size": [1, 1]},
								"south": {"uv": [7, 20], "uv_size": [1, 1]},
								"west": {"uv": [20, 7], "uv_size": [1, 1]},
								"up": {"uv": [8, 20], "uv_size": [1, 1]},
								"down": {"uv": [20, 9], "uv_size": [1, -1]}
							}
						},
						{
							"origin": [-0.09844, -1.46132, 5.17575],
							"size": [0.19688, 0.20389, 0.49224],
							"pivot": [0, -1.35937, 5.42188],
							"rotation": [-45, 0, 0],
							"uv": {
								"east": {"uv": [20, 9], "uv_size": [1, 1]},
								"south": {"uv": [10, 20], "uv_size": [1, 1]},
								"west": {"uv": [20, 10], "uv_size": [1, 1]}
							}
						},
						{
							"origin": [-0.09844, -1.46132, 5.17575],
							"size": [0.19688, 0.20389, 0.49224],
							"uv": {
								"east": {"uv": [20, 12], "uv_size": [1, 1]},
								"south": {"uv": [13, 20], "uv_size": [1, 1]},
								"west": {"uv": [20, 13], "uv_size": [1, 1]}
							}
						},
						{
							"origin": [-0.09844, -1.6055, 5.31993],
							"size": [0.19688, 0.49224, 0.20389],
							"pivot": [0, -1.35937, 5.42188],
							"rotation": [-45, 0, 0],
							"uv": {
								"east": {"uv": [20, 15], "uv_size": [1, 1]},
								"west": {"uv": [20, 16], "uv_size": [1, 1]},
								"up": {"uv": [17, 20], "uv_size": [1, 1]}
							}
						},
						{
							"origin": [-0.09844, -1.6055, 5.31993],
							"size": [0.19688, 0.49224, 0.20389],
							"uv": {
								"east": {"uv": [20, 18], "uv_size": [1, 1]},
								"west": {"uv": [20, 19], "uv_size": [1, 1]},
								"down": {"uv": [0, 22], "uv_size": [1, -1]}
							}
						},
						{
							"origin": [-0.375, -1.48437, 5.29688],
							"size": [0.75, 0.25, 0.25],
							"pivot": [0, -1.35937, 5.42188],
							"rotation": [-45, 0, 0],
							"uv": {
								"north": {"uv": [21, 0], "uv_size": [1, 1]},
								"east": {"uv": [1, 21], "uv_size": [1, 1]},
								"south": {"uv": [21, 1], "uv_size": [1, 1]},
								"west": {"uv": [2, 21], "uv_size": [1, 1]},
								"up": {"uv": [21, 2], "uv_size": [1, 1]},
								"down": {"uv": [3, 22], "uv_size": [1, -1]}
							}
						},
						{
							"origin": [0.4375, -1.45312, 4.89063],
							"size": [0.125, 0.25, 0.25],
							"pivot": [0.8125, -1.32812, 5.01563],
							"rotation": [-45, 0, 0],
							"uv": {
								"north": {"uv": [21, 3], "uv_size": [1, 1]},
								"east": {"uv": [4, 21], "uv_size": [1, 1]},
								"south": {"uv": [21, 4], "uv_size": [1, 1]},
								"west": {"uv": [5, 21], "uv_size": [1, 1]},
								"up": {"uv": [21, 5], "uv_size": [1, 1]},
								"down": {"uv": [6, 22], "uv_size": [1, -1]}
							}
						},
						{
							"origin": [-0.375, -1.4375, 4.90625],
							"size": [0.8125, 0.21875, 0.21875],
							"pivot": [0.6875, -1.32812, 5.01563],
							"rotation": [-45, 0, 0],
							"uv": {
								"north": {"uv": [21, 6], "uv_size": [1, 1]},
								"east": {"uv": [7, 21], "uv_size": [1, 1]},
								"south": {"uv": [21, 7], "uv_size": [1, 1]},
								"up": {"uv": [21, 8], "uv_size": [1, 1]},
								"down": {"uv": [9, 22], "uv_size": [1, -1]}
							}
						},
						{
							"origin": [-0.15625, -1.8904, 5.69108],
							"size": [0.25, 0.04688, 0.25],
							"pivot": [0, -1.86696, 5.78483],
							"rotation": [-30.36119, 40.78947, -20.94102],
							"uv": {
								"north": {"uv": [21, 9], "uv_size": [1, 1]},
								"east": {"uv": [10, 21], "uv_size": [1, 1]},
								"south": {"uv": [21, 10], "uv_size": [1, 1]},
								"west": {"uv": [11, 21], "uv_size": [1, 1]},
								"up": {"uv": [21, 11], "uv_size": [1, 1]},
								"down": {"uv": [12, 22], "uv_size": [1, -1]}
							}
						}
					]
				},
				{
					"name": "scope_view",
					"pivot": [0, 0.5, 9.25],
					"rotation": [0.3, 0, 0]
				}
			]
		}
	]
}