{
	"format_version": "1.12.0",
	"minecraft:geometry": [
		{
			"description": {
				"identifier": "geometry.unknown",
				"texture_width": 32,
				"texture_height": 32,
				"visible_bounds_width": 2,
				"visible_bounds_height": 1.5,
				"visible_bounds_offset": [0, 0.25, 0]
			},
			"bones": [
				{
					"name": "bb_main",
					"pivot": [0, 0, 0]
				},
				{
					"name": "bayonet",
					"pivot": [-0.3125, -2.69358, 3.14278],
					"cubes": [
						{
							"origin": [-0.22005, -1.46875, -0.4375],
							"size": [0.4401, 0.125, 0.4375],
							"pivot": [0, -0.9375, 0.0625],
							"rotation": [0, 0, 45],
							"uv": {
								"north": {"uv": [6, 17], "uv_size": [0.5, 0.25]},
								"south": {"uv": [17, 6], "uv_size": [0.5, 0.25]},
								"up": {"uv": [0, 15], "uv_size": [0.5, 0.5]},
								"down": {"uv": [15, 0.5], "uv_size": [0.5, -0.5]}
							}
						},
						{
							"origin": [-0.22005, -0.53125, -0.4375],
							"size": [0.4401, 0.125, 0.4375],
							"pivot": [0, -0.9375, 0.0625],
							"rotation": [0, 0, 45],
							"uv": {
								"north": {"uv": [7, 17], "uv_size": [0.5, 0.25]},
								"south": {"uv": [17, 7], "uv_size": [0.5, 0.25]},
								"up": {"uv": [1, 15], "uv_size": [0.5, 0.5]},
								"down": {"uv": [2, 15.5], "uv_size": [0.5, -0.5]}
							}
						},
						{
							"origin": [-0.22005, -0.53125, -0.4375],
							"size": [0.4401, 0.125, 0.4375],
							"uv": {
								"north": {"uv": [8, 17], "uv_size": [0.5, 0.25]},
								"south": {"uv": [17, 8], "uv_size": [0.5, 0.25]},
								"up": {"uv": [3, 15], "uv_size": [0.5, 0.5]},
								"down": {"uv": [15, 3.5], "uv_size": [0.5, -0.5]}
							}
						},
						{
							"origin": [0.40625, -1.15755, -0.4375],
							"size": [0.125, 0.4401, 0.4375],
							"pivot": [0, -0.9375, 0.0625],
							"rotation": [0, 0, 45],
							"uv": {
								"north": {"uv": [9, 17], "uv_size": [0.25, 0.5]},
								"east": {"uv": [4, 15], "uv_size": [0.5, 0.5]},
								"south": {"uv": [17, 9], "uv_size": [0.25, 0.5]},
								"west": {"uv": [15, 4], "uv_size": [0.5, 0.5]}
							}
						},
						{
							"origin": [0.40625, -1.15755, -0.4375],
							"size": [0.125, 0.4401, 0.4375],
							"uv": {
								"north": {"uv": [10, 17], "uv_size": [0.25, 0.5]},
								"east": {"uv": [5, 15], "uv_size": [0.5, 0.5]},
								"south": {"uv": [17, 10], "uv_size": [0.25, 0.5]},
								"west": {"uv": [15, 5], "uv_size": [0.5, 0.5]}
							}
						},
						{
							"origin": [-0.53125, -1.15755, -0.4375],
							"size": [0.125, 0.4401, 0.4375],
							"pivot": [0, -0.9375, 0.0625],
							"rotation": [0, 0, 45],
							"uv": {
								"north": {"uv": [11, 17], "uv_size": [0.25, 0.5]},
								"east": {"uv": [6, 15], "uv_size": [0.5, 0.5]},
								"south": {"uv": [17, 11], "uv_size": [0.25, 0.5]},
								"west": {"uv": [15, 6], "uv_size": [0.5, 0.5]}
							}
						},
						{
							"origin": [-0.53125, -1.15755, -0.4375],
							"size": [0.125, 0.4401, 0.4375],
							"uv": {
								"north": {"uv": [12, 17], "uv_size": [0.25, 0.5]},
								"east": {"uv": [7, 15], "uv_size": [0.5, 0.5]},
								"south": {"uv": [17, 12], "uv_size": [0.25, 0.5]},
								"west": {"uv": [15, 7], "uv_size": [0.5, 0.5]}
							}
						},
						{
							"origin": [-0.5625, -2.53125, -0.125],
							"size": [1.125, 0.8125, 2.5],
							"uv": {
								"north": {"uv": [2, 10], "uv_size": [1.25, 0.75]},
								"east": {"uv": [9, 6], "uv_size": [2.5, 0.75]},
								"west": {"uv": [9, 7], "uv_size": [2.5, 0.75]}
							}
						},
						{
							"origin": [-0.5625, -2.40625, -0.4375],
							"size": [1.125, 0.5625, 0.3125],
							"inflate": 0.001,
							"uv": {
								"north": {"uv": [11, 1], "uv_size": [1.25, 0.5]},
								"east": {"uv": [13, 17], "uv_size": [0.25, 0.5]},
								"west": {"uv": [17, 13], "uv_size": [0.25, 0.5]}
							}
						},
						{
							"origin": [0.3125, -1.84375, -0.4375],
							"size": [0.25, 0.32569, 0.3125],
							"pivot": [0.5625, -1.84375, -0.4375],
							"rotation": [0, 0, -25],
							"uv": {
								"north": {"uv": [15, 18], "uv_size": [0.25, 0.25]},
								"south": {"uv": [18, 15], "uv_size": [0.25, 0.25]},
								"west": {"uv": [16, 18], "uv_size": [0.25, 0.25]}
							}
						},
						{
							"origin": [0.40625, -1.47265, -0.4375],
							"size": [0.125, 0.3151, 0.3125],
							"pivot": [0.53125, -1.15755, -0.4375],
							"rotation": [0, 0, 20],
							"uv": {
								"north": {"uv": [18, 16], "uv_size": [0.25, 0.25]},
								"south": {"uv": [17, 18], "uv_size": [0.25, 0.25]},
								"west": {"uv": [18, 17], "uv_size": [0.25, 0.25]}
							}
						},
						{
							"origin": [-0.4375, -1.84375, -0.4375],
							"size": [0.875, 0.5, 0.3125],
							"inflate": 0.001,
							"uv": {
								"north": {"uv": [3, 12], "uv_size": [1, 0.5]},
								"east": {"uv": [14, 17], "uv_size": [0.25, 0.5]},
								"south": {"uv": [0, 14], "uv_size": [1, 0.5]},
								"west": {"uv": [17, 14], "uv_size": [0.25, 0.5]}
							}
						},
						{
							"origin": [-0.53125, -1.47265, -0.4375],
							"size": [0.125, 0.3151, 0.3125],
							"pivot": [-0.53125, -1.15755, -0.4375],
							"rotation": [0, 0, -20],
							"uv": {
								"north": {"uv": [18, 18], "uv_size": [0.25, 0.25]},
								"east": {"uv": [0, 19], "uv_size": [0.25, 0.25]},
								"south": {"uv": [19, 0], "uv_size": [0.25, 0.25]}
							}
						},
						{
							"origin": [-0.5625, -1.84375, -0.4375],
							"size": [0.25, 0.32569, 0.3125],
							"pivot": [-0.5625, -1.84375, -0.4375],
							"rotation": [0, 0, 25],
							"uv": {
								"north": {"uv": [1, 19], "uv_size": [0.25, 0.25]},
								"east": {"uv": [19, 1], "uv_size": [0.25, 0.25]},
								"south": {"uv": [2, 19], "uv_size": [0.25, 0.25]}
							}
						},
						{
							"origin": [0.25, -3.08189, -0.4375],
							"size": [0.3125, 0.67564, 0.3125],
							"pivot": [0.5625, -2.40625, -0.4375],
							"rotation": [0, 0, 27.5],
							"uv": {
								"north": {"uv": [9, 16], "uv_size": [0.25, 0.75]},
								"south": {"uv": [16, 9], "uv_size": [0.25, 0.75]},
								"west": {"uv": [10, 16], "uv_size": [0.25, 0.75]}
							}
						},
						{
							"origin": [-0.125, -3.4473, -0.6875],
							"size": [0.25, 0.20711, 0.125],
							"pivot": [0.125, -3.34375, -0.4375],
							"rotation": [-45, 0, 0],
							"uv": {
								"north": {"uv": [19, 2], "uv_size": [0.25, 0.25]},
								"east": {"uv": [3, 19], "uv_size": [0.25, 0.25]},
								"west": {"uv": [19, 3], "uv_size": [0.25, 0.25]}
							}
						},
						{
							"origin": [-0.125, -3.4473, -0.6875],
							"size": [0.25, 0.20711, 0.5],
							"inflate": 0.001,
							"uv": {
								"north": {"uv": [4, 19], "uv_size": [0.25, 0.25]},
								"east": {"uv": [15, 17], "uv_size": [0.5, 0.25]},
								"west": {"uv": [17, 15], "uv_size": [0.5, 0.25]}
							}
						},
						{
							"origin": [-0.125, -3.59375, -0.54105],
							"size": [0.25, 0.5, 0.20711],
							"pivot": [0.125, -3.34375, -0.4375],
							"rotation": [-45, 0, 0],
							"uv": {
								"east": {"uv": [16, 17], "uv_size": [0.25, 0.5]},
								"west": {"uv": [17, 16], "uv_size": [0.25, 0.5]},
								"up": {"uv": [19, 4], "uv_size": [0.25, 0.25]},
								"down": {"uv": [5, 19.25], "uv_size": [0.25, -0.25]}
							}
						},
						{
							"origin": [-0.125, -3.59375, -0.54105],
							"size": [0.25, 0.5, 0.20711],
							"inflate": 0.002,
							"uv": {
								"east": {"uv": [17, 17], "uv_size": [0.25, 0.5]},
								"west": {"uv": [0, 18], "uv_size": [0.25, 0.5]},
								"up": {"uv": [19, 5], "uv_size": [0.25, 0.25]},
								"down": {"uv": [6, 19.25], "uv_size": [0.25, -0.25]}
							}
						},
						{
							"origin": [-0.125, -3.4473, -0.3125],
							"size": [0.25, 0.29138, 0.125],
							"pivot": [0.125, -3.34375, -0.4375],
							"rotation": [-45, 0, 0],
							"uv": {
								"east": {"uv": [19, 6], "uv_size": [0.25, 0.25]},
								"south": {"uv": [7, 19], "uv_size": [0.25, 0.25]},
								"west": {"uv": [19, 7], "uv_size": [0.25, 0.25]},
								"up": {"uv": [8, 19], "uv_size": [0.25, 0.25]}
							}
						},
						{
							"origin": [0.00052, -3.4078, -0.4375],
							"size": [0.25, 0.40225, 0.30959],
							"pivot": [0.25052, -3.00555, -0.125],
							"rotation": [0, 0, 18.18307],
							"uv": {
								"north": {"uv": [18, 0], "uv_size": [0.25, 0.5]},
								"south": {"uv": [1, 18], "uv_size": [0.25, 0.5]},
								"west": {"uv": [18, 1], "uv_size": [0.25, 0.5]},
								"down": {"uv": [19, 8.25], "uv_size": [0.25, -0.25]}
							}
						},
						{
							"origin": [-0.5625, -3.08189, -0.4375],
							"size": [0.3125, 0.67564, 0.3125],
							"pivot": [-0.5625, -2.40625, -0.4375],
							"rotation": [0, 0, -27.5],
							"uv": {
								"north": {"uv": [16, 10], "uv_size": [0.25, 0.75]},
								"east": {"uv": [11, 16], "uv_size": [0.25, 0.75]},
								"south": {"uv": [16, 11], "uv_size": [0.25, 0.75]}
							}
						},
						{
							"origin": [-0.25052, -3.4078, -0.4375],
							"size": [0.25, 0.40225, 0.30959],
							"pivot": [-0.25052, -3.00555, -0.125],
							"rotation": [0, 0, -18.18307],
							"uv": {
								"north": {"uv": [2, 18], "uv_size": [0.25, 0.5]},
								"east": {"uv": [18, 2], "uv_size": [0.25, 0.5]},
								"south": {"uv": [3, 18], "uv_size": [0.25, 0.5]},
								"down": {"uv": [9, 19.25], "uv_size": [0.25, -0.25]}
							}
						},
						{
							"origin": [-0.25052, -3.00555, -0.4375],
							"size": [0.50105, 0.5993, 0.3125],
							"inflate": 0.001,
							"uv": {
								"north": {"uv": [15, 8], "uv_size": [0.5, 0.5]},
								"south": {"uv": [15, 9], "uv_size": [0.5, 0.5]}
							}
						},
						{
							"origin": [-0.25, -2.53125, 3.8125],
							"size": [0.5, 0.25, 0.4375],
							"uv": {
								"down": {"uv": [10, 15.5], "uv_size": [0.5, -0.5]}
							}
						},
						{
							"origin": [-0.5, -2.28422, 3.1509],
							"size": [1, 0.25297, 0.7866],
							"inflate": 0.001,
							"pivot": [0.5625, -2.53125, 3.875],
							"rotation": [12.5, 0, 0],
							"uv": {
								"east": {"uv": [12, 16], "uv_size": [0.75, 0.25]},
								"west": {"uv": [16, 12], "uv_size": [0.75, 0.25]}
							}
						},
						{
							"origin": [-0.5625, -2.53286, 2.40336],
							"size": [1.125, 0.25161, 0.90065],
							"inflate": 0.001,
							"pivot": [0.5625, -2.78125, 2.375],
							"rotation": [6.51422, 0, 0],
							"uv": {
								"east": {"uv": [15, 10], "uv_size": [1, 0.25]},
								"south": {"uv": [14, 11], "uv_size": [1.25, 0.25]},
								"west": {"uv": [11, 15], "uv_size": [1, 0.25]}
							}
						},
						{
							"origin": [-0.5, -2.28125, 4.25],
							"size": [1, 0.5, 1.125],
							"inflate": 0.002,
							"uv": {
								"east": {"uv": [2, 11], "uv_size": [1.25, 0.5]},
								"south": {"uv": [1, 14], "uv_size": [1, 0.5]},
								"west": {"uv": [11, 2], "uv_size": [1.25, 0.5]}
							}
						},
						{
							"origin": [-0.5, -1.78125, 4.25],
							"size": [1, 0.3125, 0.8125],
							"inflate": 0.001,
							"uv": {
								"east": {"uv": [13, 16], "uv_size": [0.75, 0.25]},
								"west": {"uv": [16, 13], "uv_size": [0.75, 0.25]},
								"up": {"uv": [8, 10], "uv_size": [1, 0.75]}
							}
						},
						{
							"origin": [-0.5, -1.68972, 5.0625],
							"size": [1, 0.22097, 0.44194],
							"pivot": [0.5625, -1.46875, 5.0625],
							"rotation": [-45, 0, 0],
							"uv": {
								"east": {"uv": [4, 18], "uv_size": [0.5, 0.25]},
								"west": {"uv": [18, 4], "uv_size": [0.5, 0.25]},
								"up": {"uv": [2, 14], "uv_size": [1, 0.5]}
							}
						},
						{
							"origin": [-0.25, -2.53125, 4],
							"size": [0.5, 0.25, 0.875],
							"pivot": [0.5625, -2.53125, 4.25],
							"rotation": [-35, 0, 0],
							"uv": {
								"east": {"uv": [12, 15], "uv_size": [1, 0.25]},
								"west": {"uv": [15, 12], "uv_size": [1, 0.25]},
								"down": {"uv": [3, 15], "uv_size": [0.5, -1]}
							}
						},
						{
							"origin": [-0.5, -2.78125, 5.125],
							"size": [1, 0.5, 0.25],
							"inflate": 0.001,
							"pivot": [0.5625, -2.28125, 5.375],
							"rotation": [-25, 0, 0],
							"uv": {
								"east": {"uv": [5, 18], "uv_size": [0.25, 0.5]},
								"south": {"uv": [4, 14], "uv_size": [1, 0.5]},
								"west": {"uv": [18, 5], "uv_size": [0.25, 0.5]}
							}
						},
						{
							"origin": [-0.5, -2.97761, 4.91369],
							"size": [1, 0.24321, 0.25],
							"inflate": 0.002,
							"pivot": [0.5625, -2.7344, 5.16369],
							"rotation": [-68.86026, 0, 0],
							"uv": {
								"east": {"uv": [19, 9], "uv_size": [0.25, 0.25]},
								"south": {"uv": [13, 15], "uv_size": [1, 0.25]},
								"west": {"uv": [10, 19], "uv_size": [0.25, 0.25]}
							}
						},
						{
							"origin": [-0.125, -2.71875, -1],
							"size": [0.25, 1.25, 0.5625],
							"inflate": 0.002,
							"uv": {
								"east": {"uv": [4, 11], "uv_size": [0.5, 1.25]},
								"west": {"uv": [5, 11], "uv_size": [0.5, 1.25]},
								"up": {"uv": [6, 18], "uv_size": [0.25, 0.5]},
								"down": {"uv": [18, 6.5], "uv_size": [0.25, -0.5]}
							}
						},
						{
							"origin": [-0.125, -2.15625, -12.25],
							"size": [0.25, 0.1875, 9.625],
							"uv": {
								"east": {"uv": [0, 8], "uv_size": [9.75, 0.25]},
								"west": {"uv": [0, 9], "uv_size": [9.75, 0.25]}
							}
						},
						{
							"origin": [-0.125, -4.54954, -2.12619],
							"size": [0.25, 0.95756, 0.80348],
							"inflate": 0.001,
							"pivot": [0, -2.08705, -4.07812],
							"rotation": [40, 0, 0],
							"uv": {
								"north": {"uv": [15, 14], "uv_size": [0.25, 1]},
								"east": {"uv": [10, 8], "uv_size": [0.75, 1]},
								"west": {"uv": [9, 10], "uv_size": [0.75, 1]},
								"up": {"uv": [14, 16], "uv_size": [0.25, 0.75]}
							}
						},
						{
							"origin": [-0.125, -2.34598, -2.68431],
							"size": [0.25, 0.1875, 1.31665],
							"inflate": 0.002,
							"pivot": [0, -2.08705, -4.07812],
							"rotation": [7.79633, 0, 0],
							"uv": {
								"east": {"uv": [12, 14], "uv_size": [1.25, 0.25]},
								"west": {"uv": [14, 13], "uv_size": [1.25, 0.25]},
								"up": {"uv": [14, 14], "uv_size": [0.25, 1.25]}
							}
						},
						{
							"origin": [-0.125, -4.93851, -3.88616],
							"size": [0.25, 1.47241, 0.1875],
							"inflate": 0.0015,
							"pivot": [0, -2.08705, -4.07812],
							"rotation": [79.22648, 0, 0],
							"uv": {
								"north": {"uv": [14, 7], "uv_size": [0.25, 1.5]},
								"east": {"uv": [8, 14], "uv_size": [0.25, 1.5]},
								"west": {"uv": [9, 14], "uv_size": [0.25, 1.5]}
							}
						},
						{
							"origin": [-0.125, -4.75101, -3.69866],
							"size": [0.25, 0.72241, 0.1875],
							"pivot": [0, -2.08705, -4.07812],
							"rotation": [79.22648, 0, 0],
							"uv": {
								"east": {"uv": [16, 14], "uv_size": [0.25, 0.75]},
								"west": {"uv": [15, 16], "uv_size": [0.25, 0.75]}
							}
						},
						{
							"origin": [0, -2.15625, -14.62829],
							"size": [0.125, 0.1875, 2.37829],
							"pivot": [0.125, -1.96875, -12.25],
							"rotation": [0, 3.01279, 0],
							"uv": {
								"west": {"uv": [8, 11], "uv_size": [2.5, 0.25]}
							}
						},
						{
							"origin": [-0.125, -2.15625, -14.62829],
							"size": [0.125, 0.1875, 2.37829],
							"pivot": [-0.125, -1.96875, -12.25],
							"rotation": [0, -3.01279, 0],
							"uv": {
								"east": {"uv": [11, 8], "uv_size": [2.5, 0.25]}
							}
						},
						{
							"origin": [0, -2.03918, -12.24548],
							"size": [0.125, 0.51539, 1.5176],
							"pivot": [0.125, -2.03918, -10.72788],
							"rotation": [2.42545, 0.60616, -14.02341],
							"uv": {
								"west": {"uv": [10, 9], "uv_size": [1.5, 0.5]}
							}
						},
						{
							"origin": [0, -1.96873, -10.74564],
							"size": [0.125, 0.51539, 8.125],
							"pivot": [0.125, -1.96873, -2.62064],
							"rotation": [0.48507, 0.12127, -14.03573],
							"uv": {
								"west": {"uv": [0, 6], "uv_size": [8.25, 0.5]}
							}
						},
						{
							"origin": [-0.125, -2.03918, -12.24548],
							"size": [0.125, 0.51539, 1.5176],
							"pivot": [-0.125, -2.03918, -10.72788],
							"rotation": [2.42545, -0.60616, 14.02341],
							"uv": {
								"east": {"uv": [10, 10], "uv_size": [1.5, 0.5]}
							}
						},
						{
							"origin": [-0.125, -1.96873, -10.74564],
							"size": [0.125, 0.51539, 8.125],
							"pivot": [-0.125, -1.96873, -2.62064],
							"rotation": [0.48507, -0.12127, 14.03573],
							"uv": {
								"east": {"uv": [0, 7], "uv_size": [8.25, 0.5]}
							}
						},
						{
							"origin": [0, -2.73256, -12.24853],
							"size": [0.125, 0.57622, 9.63335],
							"pivot": [0.125, -2.15634, -2.61518],
							"rotation": [-0.97619, 0.21692, 12.52696],
							"uv": {
								"west": {"uv": [0, 0], "uv_size": [9.75, 0.5]}
							}
						},
						{
							"origin": [0, -2.73247, -2.625],
							"size": [0.125, 0.57622, 1.625],
							"pivot": [0.125, -2.15625, -1],
							"rotation": [0, 0, 12.52881],
							"uv": {
								"west": {"uv": [10, 3], "uv_size": [1.75, 0.5]}
							}
						},
						{
							"origin": [-0.15251, -1.89441, -14.65275],
							"size": [0.125, 0.125, 2.3869],
							"inflate": 0.001,
							"pivot": [-0.5, -1.60585, -12.26584],
							"rotation": [8.27075, 2.85083, -18.88835],
							"uv": {
								"west": {"uv": [11, 11], "uv_size": [2.5, 0.25]}
							}
						},
						{
							"origin": [-0.12538, -2.09927, -14.75895],
							"size": [0.12503, 0.13093, 0.13375],
							"inflate": 0.001,
							"pivot": [0.00062, -1.96734, -14.62421],
							"rotation": [45, 0, 0],
							"uv": {
								"west": {"uv": [11, 11], "uv_size": [0.25, 0.25]}
							}
						},
						{
							"origin": [0.02751, -1.89441, -14.65275],
							"size": [0.125, 0.125, 2.3869],
							"inflate": 0.001,
							"pivot": [0.5, -1.60585, -12.26584],
							"rotation": [8.27075, -2.85083, 18.88835],
							"uv": {
								"east": {"uv": [12, 0], "uv_size": [2.5, 0.25]}
							}
						},
						{
							"origin": [-0.125, -2.73247, -2.625],
							"size": [0.125, 0.57622, 1.625],
							"pivot": [-0.125, -2.15625, -1],
							"rotation": [0, 0, -12.52881],
							"uv": {
								"east": {"uv": [4, 10], "uv_size": [1.75, 0.5]}
							}
						},
						{
							"origin": [-0.125, -2.73256, -12.24853],
							"size": [0.125, 0.57622, 9.63335],
							"pivot": [-0.125, -2.15634, -2.61518],
							"rotation": [-0.97619, -0.21692, -12.52696],
							"uv": {
								"east": {"uv": [0, 1], "uv_size": [9.75, 0.5]}
							}
						},
						{
							"origin": [-0.3125, -2.78125, -0.125],
							"size": [0.625, 1.3125, 2.5],
							"uv": {
								"up": {"uv": [0, 10], "uv_size": [0.75, 2.5]},
								"down": {"uv": [10, 2.5], "uv_size": [0.75, -2.5]}
							}
						},
						{
							"origin": [-0.3125, -2.78125, 2.375],
							"size": [0.625, 0.25, 0.92902],
							"pivot": [0.5625, -2.78125, 2.375],
							"rotation": [6.51422, 0, 0],
							"uv": {
								"east": {"uv": [15, 15], "uv_size": [1, 0.25]},
								"south": {"uv": [16, 15], "uv_size": [0.75, 0.25]},
								"west": {"uv": [0, 16], "uv_size": [1, 0.25]},
								"down": {"uv": [11, 1], "uv_size": [0.75, -1]}
							}
						},
						{
							"origin": [-0.25, -2.53125, 3.125],
							"size": [0.5, 0.25, 0.8125],
							"pivot": [0.5625, -2.53125, 3.875],
							"rotation": [12.5, 0, 0],
							"uv": {
								"east": {"uv": [16, 16], "uv_size": [0.75, 0.25]},
								"west": {"uv": [0, 17], "uv_size": [0.75, 0.25]},
								"down": {"uv": [14, 9.75], "uv_size": [0.5, -0.75]}
							}
						},
						{
							"origin": [-0.5, -2.28125, 3.8125],
							"size": [1, 0.8125, 0.4375],
							"uv": {
								"east": {"uv": [10, 14], "uv_size": [0.5, 0.75]},
								"west": {"uv": [14, 10], "uv_size": [0.5, 0.75]},
								"up": {"uv": [14, 4], "uv_size": [1, 0.5]}
							}
						},
						{
							"origin": [-0.5, -2.28125, 3.25],
							"size": [1, 0.5625, 0.5625],
							"uv": {
								"east": {"uv": [16, 0], "uv_size": [0.5, 0.5]},
								"west": {"uv": [1, 16], "uv_size": [0.5, 0.5]}
							}
						},
						{
							"origin": [-0.25, -3.16511, 4.91369],
							"size": [0.5, 0.1875, 0.25],
							"pivot": [0.5625, -2.7344, 5.16369],
							"rotation": [-68.86026, 0, 0],
							"uv": {
								"east": {"uv": [19, 10], "uv_size": [0.25, 0.25]},
								"south": {"uv": [7, 18], "uv_size": [0.5, 0.25]},
								"west": {"uv": [11, 19], "uv_size": [0.25, 0.25]}
							}
						},
						{
							"origin": [-0.5, -2.28125, 4.125],
							"size": [1, 0.5, 0.75],
							"pivot": [0.5625, -2.53125, 4.25],
							"rotation": [-35, 0, 0],
							"uv": {
								"east": {"uv": [5, 14], "uv_size": [1, 0.5]},
								"west": {"uv": [14, 5], "uv_size": [1, 0.5]},
								"down": {"uv": [1, 11], "uv_size": [1, -1]}
							}
						},
						{
							"origin": [-0.5625, -2.28125, 2.375],
							"size": [1.125, 0.5625, 0.875],
							"uv": {
								"east": {"uv": [6, 14], "uv_size": [1, 0.5]},
								"south": {"uv": [1, 12], "uv_size": [1.25, 0.5]},
								"west": {"uv": [14, 6], "uv_size": [1, 0.5]}
							}
						},
						{
							"origin": [0.3125, -1.71875, -0.125],
							"size": [0.35355, 0.25, 3.375],
							"pivot": [0.3125, -1.46875, 2.375],
							"rotation": [0, 0, 45],
							"uv": {
								"north": {"uv": [19, 11], "uv_size": [0.25, 0.25]},
								"south": {"uv": [12, 19], "uv_size": [0.25, 0.25]},
								"up": {"uv": [6, 10], "uv_size": [0.25, 3.5]}
							}
						},
						{
							"origin": [0.3125, -2.8848, -0.125],
							"size": [0.25, 0.35355, 2.5],
							"pivot": [0.5625, -2.53125, 2.375],
							"rotation": [0, 0, 45],
							"uv": {
								"north": {"uv": [19, 12], "uv_size": [0.25, 0.25]},
								"south": {"uv": [13, 19], "uv_size": [0.25, 0.25]},
								"west": {"uv": [12, 3], "uv_size": [2.5, 0.25]}
							}
						},
						{
							"origin": [0.25, -2.53125, 3.8125],
							"size": [0.35355, 0.25, 0.5625],
							"pivot": [0.25, -2.53125, 4.25],
							"rotation": [0, 0, -45],
							"uv": {
								"north": {"uv": [19, 13], "uv_size": [0.25, 0.25]},
								"south": {"uv": [14, 19], "uv_size": [0.25, 0.25]},
								"up": {"uv": [18, 7], "uv_size": [0.25, 0.5]},
								"down": {"uv": [8, 18.5], "uv_size": [0.25, -0.5]}
							}
						},
						{
							"origin": [0.25, -2.51772, 3.12352],
							"size": [0.35146, 0.25, 0.8125],
							"pivot": [0.25, -2.51772, 3.93602],
							"rotation": [8.96147, 8.75034, -43.9708],
							"uv": {
								"north": {"uv": [19, 14], "uv_size": [0.25, 0.25]},
								"east": {"uv": [17, 0], "uv_size": [0.75, 0.25]},
								"south": {"uv": [15, 19], "uv_size": [0.25, 0.25]},
								"west": {"uv": [1, 17], "uv_size": [0.75, 0.25]},
								"up": {"uv": [17, 1], "uv_size": [0.25, 0.75]},
								"down": {"uv": [2, 17.75], "uv_size": [0.25, -0.75]}
							}
						},
						{
							"origin": [0.3125, -2.69358, 2.37001],
							"size": [0.35241, 0.25, 0.92902],
							"pivot": [0.3125, -2.69358, 3.14278],
							"rotation": [4.63105, 4.58632, -44.62889],
							"uv": {
								"south": {"uv": [19, 15], "uv_size": [0.25, 0.25]},
								"up": {"uv": [16, 1], "uv_size": [0.25, 1]},
								"down": {"uv": [2, 17], "uv_size": [0.25, -1]}
							}
						},
						{
							"origin": [-0.5, -1.9472, 3.25],
							"size": [1, 0.22845, 0.61555],
							"inflate": 0.001,
							"pivot": [0.5625, -1.71875, 3.25],
							"rotation": [23.96249, 0, 0],
							"uv": {
								"east": {"uv": [18, 8], "uv_size": [0.5, 0.25]},
								"west": {"uv": [9, 18], "uv_size": [0.5, 0.25]},
								"up": {"uv": [7, 14], "uv_size": [1, 0.5]}
							}
						},
						{
							"origin": [0.25, -2.88974, 4.51197],
							"size": [0.3125, 0.1875, 0.25],
							"pivot": [0.25, -2.88974, 4.76197],
							"rotation": [-64.20407, -34.02967, -15.13536],
							"uv": {
								"north": {"uv": [16, 19], "uv_size": [0.25, 0.25]},
								"east": {"uv": [19, 16], "uv_size": [0.25, 0.25]},
								"south": {"uv": [17, 19], "uv_size": [0.25, 0.25]},
								"west": {"uv": [19, 17], "uv_size": [0.25, 0.25]},
								"up": {"uv": [18, 19], "uv_size": [0.25, 0.25]},
								"down": {"uv": [19, 18.25], "uv_size": [0.25, -0.25]}
							}
						},
						{
							"origin": [0.25, -2.88974, 3.88697],
							"size": [0.35355, 0, 0.875],
							"pivot": [0.25, -2.88974, 4.76197],
							"rotation": [-26.341, -23.92746, -39.32269],
							"uv": {
								"up": {"uv": [16, 2], "uv_size": [0.25, 1]},
								"down": {"uv": [3, 17], "uv_size": [0.25, -1]}
							}
						},
						{
							"origin": [-0.3125, -1.71875, 2.375],
							"size": [0.625, 0.25, 0.875],
							"uv": {
								"up": {"uv": [1, 11], "uv_size": [0.75, 1]}
							}
						},
						{
							"origin": [-0.3125, -1.71875, 3.25],
							"size": [0.625, 0.25, 0.5625],
							"uv": {
								"up": {"uv": [11, 14], "uv_size": [0.75, 0.5]}
							}
						},
						{
							"origin": [-0.3125, -1.78125, 3.25],
							"size": [0.625, 0.3125, 0.5625],
							"pivot": [0.3125, -1.46875, 3.25],
							"rotation": [0, 0, -36.8699],
							"uv": {
								"north": {"uv": [18, 9], "uv_size": [0.5, 0.25]},
								"west": {"uv": [10, 18], "uv_size": [0.5, 0.25]}
							}
						},
						{
							"origin": [-0.3125, -1.78125, 3.25],
							"size": [0.625, 0.3125, 0.5625],
							"pivot": [-0.3125, -1.46875, 3.25],
							"rotation": [0, 0, 36.8699],
							"uv": {
								"north": {"uv": [18, 10], "uv_size": [0.5, 0.25]},
								"east": {"uv": [11, 18], "uv_size": [0.5, 0.25]}
							}
						},
						{
							"origin": [-0.22005, -1.53125, -0.4375],
							"size": [0.4401, 0.1875, 0.4375],
							"uv": {
								"south": {"uv": [18, 11], "uv_size": [0.5, 0.25]},
								"up": {"uv": [16, 3], "uv_size": [0.5, 0.5]}
							}
						},
						{
							"origin": [-0.5625, -2.34375, 4.8125],
							"size": [0.0625, 0.625, 0.3125],
							"inflate": 0.001,
							"uv": {
								"north": {"uv": [17, 2], "uv_size": [0.25, 0.75]},
								"east": {"uv": [3, 17], "uv_size": [0.25, 0.75]},
								"south": {"uv": [17, 3], "uv_size": [0.25, 0.75]},
								"up": {"uv": [19, 19], "uv_size": [0.25, 0.25]}
							}
						},
						{
							"origin": [-0.5625, -2.56472, 4.90403],
							"size": [0.0625, 0.22097, 0.22097],
							"pivot": [0.4375, -2.34375, 5.125],
							"rotation": [-45, 0, 0],
							"uv": {
								"east": {"uv": [0, 20], "uv_size": [0.25, 0.25]},
								"south": {"uv": [20, 0], "uv_size": [0.25, 0.25]},
								"down": {"uv": [1, 20.25], "uv_size": [0.25, -0.25]}
							}
						},
						{
							"origin": [0.5, -2.62722, 4.6875],
							"size": [0.25, 0.375, 0.375],
							"pivot": [1.5, -2.46875, 5.125],
							"rotation": [-45, 0, 0],
							"uv": {
								"north": {"uv": [12, 18], "uv_size": [0.25, 0.5]},
								"east": {"uv": [4, 16], "uv_size": [0.5, 0.5]},
								"south": {"uv": [18, 12], "uv_size": [0.25, 0.5]},
								"west": {"uv": [16, 4], "uv_size": [0.5, 0.5]},
								"up": {"uv": [13, 18], "uv_size": [0.25, 0.5]},
								"down": {"uv": [18, 13.5], "uv_size": [0.25, -0.5]}
							}
						},
						{
							"origin": [-0.59375, -2.50222, 2.1875],
							"size": [1.1875, 0.375, 0.375],
							"pivot": [1.34375, -2.34375, 2.625],
							"rotation": [-45, 0, 0],
							"uv": {
								"north": {"uv": [12, 4], "uv_size": [1.25, 0.5]},
								"east": {"uv": [5, 16], "uv_size": [0.5, 0.5]},
								"south": {"uv": [12, 5], "uv_size": [1.25, 0.5]},
								"west": {"uv": [16, 5], "uv_size": [0.5, 0.5]},
								"up": {"uv": [12, 6], "uv_size": [1.25, 0.5]},
								"down": {"uv": [12, 7.5], "uv_size": [1.25, -0.5]}
							}
						},
						{
							"origin": [-0.59375, -2.50222, 0.375],
							"size": [1.1875, 0.375, 0.375],
							"pivot": [1.34375, -2.34375, 0.8125],
							"rotation": [-45, 0, 0],
							"uv": {
								"north": {"uv": [8, 12], "uv_size": [1.25, 0.5]},
								"east": {"uv": [6, 16], "uv_size": [0.5, 0.5]},
								"south": {"uv": [12, 9], "uv_size": [1.25, 0.5]},
								"west": {"uv": [16, 6], "uv_size": [0.5, 0.5]},
								"up": {"uv": [10, 12], "uv_size": [1.25, 0.5]},
								"down": {"uv": [12, 10.5], "uv_size": [1.25, -0.5]}
							}
						},
						{
							"origin": [-0.66605, -1.71875, -0.125],
							"size": [0.35355, 0.25, 3.375],
							"pivot": [-0.3125, -1.46875, 2.375],
							"rotation": [0, 0, -45],
							"uv": {
								"north": {"uv": [20, 1], "uv_size": [0.25, 0.25]},
								"south": {"uv": [2, 20], "uv_size": [0.25, 0.25]},
								"up": {"uv": [7, 10], "uv_size": [0.25, 3.5]}
							}
						},
						{
							"origin": [-0.5625, -2.88974, 4.51197],
							"size": [0.3125, 0.1875, 0.25],
							"pivot": [-0.25, -2.88974, 4.76197],
							"rotation": [-64.20407, 34.02967, 15.13536],
							"uv": {
								"north": {"uv": [20, 2], "uv_size": [0.25, 0.25]},
								"east": {"uv": [3, 20], "uv_size": [0.25, 0.25]},
								"south": {"uv": [20, 3], "uv_size": [0.25, 0.25]},
								"west": {"uv": [4, 20], "uv_size": [0.25, 0.25]},
								"up": {"uv": [20, 4], "uv_size": [0.25, 0.25]},
								"down": {"uv": [5, 20.25], "uv_size": [0.25, -0.25]}
							}
						},
						{
							"origin": [-0.60355, -2.88974, 3.88697],
							"size": [0.35355, 0, 0.875],
							"pivot": [-0.25, -2.88974, 4.76197],
							"rotation": [-26.341, 23.92746, 39.32269],
							"uv": {
								"up": {"uv": [7, 16], "uv_size": [0.25, 1]},
								"down": {"uv": [16, 8], "uv_size": [0.25, -1]}
							}
						},
						{
							"origin": [-0.60355, -2.53125, 3.8125],
							"size": [0.35355, 0.25, 0.5625],
							"pivot": [-0.25, -2.53125, 4.25],
							"rotation": [0, 0, 45],
							"uv": {
								"north": {"uv": [20, 5], "uv_size": [0.25, 0.25]},
								"south": {"uv": [6, 20], "uv_size": [0.25, 0.25]},
								"up": {"uv": [14, 18], "uv_size": [0.25, 0.5]},
								"down": {"uv": [18, 14.5], "uv_size": [0.25, -0.5]}
							}
						},
						{
							"origin": [-0.60146, -2.51772, 3.12352],
							"size": [0.35146, 0.25, 0.8125],
							"pivot": [-0.25, -2.51772, 3.93602],
							"rotation": [8.96147, -8.75034, 43.9708],
							"uv": {
								"north": {"uv": [20, 6], "uv_size": [0.25, 0.25]},
								"east": {"uv": [4, 17], "uv_size": [0.75, 0.25]},
								"south": {"uv": [7, 20], "uv_size": [0.25, 0.25]},
								"west": {"uv": [17, 4], "uv_size": [0.75, 0.25]},
								"up": {"uv": [5, 17], "uv_size": [0.25, 0.75]},
								"down": {"uv": [17, 5.75], "uv_size": [0.25, -0.75]}
							}
						},
						{
							"origin": [-0.5625, -2.8848, -0.125],
							"size": [0.25, 0.35355, 2.5],
							"pivot": [-0.5625, -2.53125, 2.375],
							"rotation": [0, 0, -45],
							"uv": {
								"north": {"uv": [20, 7], "uv_size": [0.25, 0.25]},
								"east": {"uv": [12, 12], "uv_size": [2.5, 0.25]},
								"south": {"uv": [8, 20], "uv_size": [0.25, 0.25]}
							}
						},
						{
							"origin": [-0.66491, -2.69358, 2.37001],
							"size": [0.35241, 0.25, 0.92902],
							"pivot": [-0.3125, -2.69358, 3.14278],
							"rotation": [4.63105, -4.58632, 44.62889],
							"uv": {
								"south": {"uv": [20, 8], "uv_size": [0.25, 0.25]},
								"up": {"uv": [8, 16], "uv_size": [0.25, 1]},
								"down": {"uv": [16, 9], "uv_size": [0.25, -1]}
							}
						},
						{
							"origin": [0, -1.96875, -2.625],
							"size": [0.125, 0.51539, 1.625],
							"pivot": [0.125, -1.96875, -2.625],
							"rotation": [0, 0, -14.03624],
							"uv": {
								"west": {"uv": [10, 4], "uv_size": [1.75, 0.5]}
							}
						},
						{
							"origin": [-0.125, -1.96875, -2.625],
							"size": [0.125, 0.51539, 1.625],
							"pivot": [-0.125, -1.96875, -2.625],
							"rotation": [0, 0, 14.03624],
							"uv": {
								"east": {"uv": [10, 5], "uv_size": [1.75, 0.5]}
							}
						},
						{
							"origin": [0, -1.96875, -2.6875],
							"size": [0.125, 0.5, 1.6875],
							"pivot": [0.125, -1.46875, -1],
							"rotation": [0, 4.23639, 0],
							"uv": {}
						},
						{
							"origin": [-0.125, -1.96875, -2.6875],
							"size": [0.125, 0.5, 1.6875],
							"pivot": [-0.125, -1.46875, -1],
							"rotation": [0, -4.23639, 0],
							"uv": {}
						},
						{
							"origin": [-0.08411, -2.0855, -14.60704],
							"size": [0.125, 0.26562, 2.36143],
							"pivot": [0.04089, -2.0855, -14.60704],
							"rotation": [2.01995, 2.85083, -18.88835],
							"uv": {
								"west": {"uv": [9, 20.5], "uv_size": [1.25, 1.25]}
							}
						},
						{
							"origin": [-0.125, -2.55062, -14.65761],
							"size": [0.125, 0.09375, 2.40073],
							"inflate": 0.001,
							"pivot": [0, -2.55062, -12.25688],
							"rotation": [-9.01172, 2.87298, 17.53862],
							"uv": {
								"west": {"uv": [0, 13], "uv_size": [2.5, 0.25]}
							}
						},
						{
							"origin": [-0.0964, -2.41193, -14.61033],
							"size": [0.125, 0.34375, 2.36394],
							"pivot": [0.0286, -2.06818, -14.61033],
							"rotation": [-1.33134, 2.87298, 17.53862],
							"uv": {
								"west": {"uv": [10.25, 20.5], "uv_size": [1.25, 1.25]}
							}
						},
						{
							"origin": [-0.125, -1.96875, -12.26584],
							"size": [0.25, 0.38382, 9.51584],
							"pivot": [0.125, -1.96875, -12.25],
							"rotation": [0, 0, -19.00613],
							"uv": {
								"west": {"uv": [0, 4], "uv_size": [9.5, 0.5]}
							}
						},
						{
							"origin": [-0.125, -2.56996, -12.25688],
							"size": [0.25, 0.41371, 9.63188],
							"pivot": [0.125, -2.15625, -12.25],
							"rotation": [0, 0, 17.58647],
							"uv": {
								"west": {"uv": [0, 2], "uv_size": [9.75, 0.5]}
							}
						},
						{
							"origin": [-0.125, -2.56996, -12.25688],
							"size": [0.25, 0.41371, 9.63188],
							"pivot": [-0.125, -2.15625, -12.25],
							"rotation": [0, 0, -17.58647],
							"uv": {
								"east": {"uv": [0, 3], "uv_size": [9.75, 0.5]}
							}
						},
						{
							"origin": [-0.125, -1.96875, -12.26584],
							"size": [0.25, 0.38382, 9.51584],
							"pivot": [-0.125, -1.96875, -12.25],
							"rotation": [0, 0, 19.00613],
							"uv": {
								"east": {"uv": [0, 5], "uv_size": [9.5, 0.5]}
							}
						},
						{
							"origin": [0, -2.55062, -14.65761],
							"size": [0.125, 0.09375, 2.40073],
							"inflate": 0.001,
							"pivot": [0, -2.55062, -12.25688],
							"rotation": [-9.01172, -2.87298, -17.53862],
							"uv": {
								"east": {"uv": [13, 1], "uv_size": [2.5, 0.25]}
							}
						},
						{
							"origin": [-0.0286, -2.41193, -14.61033],
							"size": [0.125, 0.34375, 2.36394],
							"pivot": [-0.0286, -2.06818, -14.61033],
							"rotation": [-1.33134, -2.87298, -17.53862],
							"uv": {
								"east": {"uv": [11.5, 20.5], "uv_size": [1.25, 1.25]}
							}
						},
						{
							"origin": [-0.04089, -2.0855, -14.60704],
							"size": [0.125, 0.26562, 2.36143],
							"pivot": [-0.04089, -2.0855, -14.60704],
							"rotation": [2.01995, -2.85083, 18.88835],
							"uv": {
								"east": {"uv": [12.75, 20.5], "uv_size": [1.25, 1.25]}
							}
						}
					]
				}
			]
		}
	]
}