{
	"format_version": "1.12.0",
	"minecraft:geometry": [
		{
			"description": {
				"identifier": "geometry.unknown",
				"texture_width": 32,
				"texture_height": 32,
				"visible_bounds_width": 3,
				"visible_bounds_height": 1.5,
				"visible_bounds_offset": [0, 0.25, 0]
			},
			"bones": [
				{
					"name": "bayonet",
					"pivot": [0, -1.625, 0.28125],
					"cubes": [
						{
							"origin": [-0.3125, -1.4375, 0.125],
							"size": [0.625, 0.15625, 0.5],
							"uv": {
								"north": {"uv": [0, 24], "uv_size": [0.75, 0.25]},
								"east": {"uv": [25, 13], "uv_size": [0.5, 0.25]},
								"south": {"uv": [24, 0], "uv_size": [0.75, 0.25]},
								"west": {"uv": [14, 25], "uv_size": [0.5, 0.25]},
								"up": {"uv": [20, 20], "uv_size": [0.75, 0.5]},
								"down": {"uv": [0, 21.5], "uv_size": [0.75, -0.5]}
							}
						},
						{
							"origin": [-0.3125, -1.9375, 0.375],
							"size": [0.625, 0.5, 0.5625],
							"inflate": 0.001,
							"uv": {
								"north": {"uv": [21, 0], "uv_size": [0.75, 0.5]},
								"east": {"uv": [8, 22], "uv_size": [0.5, 0.5]},
								"south": {"uv": [1, 21], "uv_size": [0.75, 0.5]},
								"west": {"uv": [9, 22], "uv_size": [0.5, 0.5]},
								"up": {"uv": [21, 1], "uv_size": [0.75, 0.5]},
								"down": {"uv": [21, 2.5], "uv_size": [0.75, -0.5]}
							}
						},
						{
							"origin": [-0.15625, -2.875, 0.1875],
							"size": [0.3125, 0.4375, 0.3125],
							"pivot": [0.28125, -2.4375, 0.5],
							"rotation": [-30, 0, 0],
							"uv": {
								"north": {"uv": [25, 14], "uv_size": [0.25, 0.5]},
								"east": {"uv": [15, 25], "uv_size": [0.25, 0.5]},
								"south": {"uv": [25, 15], "uv_size": [0.25, 0.5]},
								"west": {"uv": [16, 25], "uv_size": [0.25, 0.5]},
								"up": {"uv": [23, 28], "uv_size": [0.25, 0.25]},
								"down": {"uv": [28, 23.25], "uv_size": [0.25, -0.25]}
							}
						},
						{
							"origin": [-0.15625, -3.37889, -0.00197],
							"size": [0.3125, 0.5625, 0.28322],
							"inflate": 0.001,
							"pivot": [0.28125, -2.81639, 0.28125],
							"rotation": [-55, 0, 0],
							"uv": {
								"north": {"uv": [25, 16], "uv_size": [0.25, 0.5]},
								"east": {"uv": [17, 25], "uv_size": [0.25, 0.5]},
								"south": {"uv": [25, 17], "uv_size": [0.25, 0.5]},
								"west": {"uv": [18, 25], "uv_size": [0.25, 0.5]},
								"up": {"uv": [24, 28], "uv_size": [0.25, 0.25]},
								"down": {"uv": [28, 24.25], "uv_size": [0.25, -0.25]}
							}
						},
						{
							"origin": [-0.15625, -3.63902, -0.41152],
							"size": [0.3125, 0.5, 0.232],
							"pivot": [0.28125, -3.13902, -0.17952],
							"rotation": [-90, 0, 0],
							"uv": {
								"north": {"uv": [25, 18], "uv_size": [0.25, 0.5]},
								"east": {"uv": [19, 25], "uv_size": [0.25, 0.5]},
								"south": {"uv": [25, 19], "uv_size": [0.25, 0.5]},
								"west": {"uv": [20, 25], "uv_size": [0.25, 0.5]},
								"up": {"uv": [25, 28], "uv_size": [0.25, 0.25]},
								"down": {"uv": [28, 25.25], "uv_size": [0.25, -0.25]}
							}
						},
						{
							"origin": [-0.15625, -3.13902, -1.09902],
							"size": [0.3125, 0.25, 0.4195],
							"inflate": 0.001,
							"pivot": [0.28125, -3.13902, -0.67952],
							"rotation": [-25, 0, 0],
							"uv": {
								"north": {"uv": [26, 28], "uv_size": [0.25, 0.25]},
								"east": {"uv": [25, 20], "uv_size": [0.5, 0.25]},
								"south": {"uv": [28, 26], "uv_size": [0.25, 0.25]},
								"west": {"uv": [21, 25], "uv_size": [0.5, 0.25]},
								"up": {"uv": [25, 21], "uv_size": [0.25, 0.5]},
								"down": {"uv": [22, 25.5], "uv_size": [0.25, -0.5]}
							}
						},
						{
							"origin": [-0.15625, -2.96173, -1.62222],
							"size": [0.3125, 0.23097, 0.5625],
							"pivot": [0.28125, -2.96173, -1.05972],
							"rotation": [-47.5, 0, 0],
							"uv": {
								"north": {"uv": [27, 28], "uv_size": [0.25, 0.25]},
								"east": {"uv": [25, 22], "uv_size": [0.5, 0.25]},
								"south": {"uv": [28, 27], "uv_size": [0.25, 0.25]},
								"west": {"uv": [23, 25], "uv_size": [0.5, 0.25]},
								"up": {"uv": [25, 23], "uv_size": [0.25, 0.5]},
								"down": {"uv": [24, 25.5], "uv_size": [0.25, -0.5]}
							}
						},
						{
							"origin": [-0.15625, -2.54702, -1.75224],
							"size": [0.3125, 0.3125, 0.3125],
							"inflate": 0.001,
							"pivot": [0.28125, -2.54702, -1.43974],
							"rotation": [-90, 0, 0],
							"uv": {
								"north": {"uv": [28, 28], "uv_size": [0.25, 0.25]},
								"east": {"uv": [0, 29], "uv_size": [0.25, 0.25]},
								"south": {"uv": [29, 0], "uv_size": [0.25, 0.25]},
								"west": {"uv": [1, 29], "uv_size": [0.25, 0.25]},
								"up": {"uv": [29, 1], "uv_size": [0.25, 0.25]},
								"down": {"uv": [2, 29.25], "uv_size": [0.25, -0.25]}
							}
						},
						{
							"origin": [-0.15625, -2.4375, 0.1875],
							"size": [0.3125, 0.9375, 0.3125],
							"inflate": 0.001,
							"uv": {
								"north": {"uv": [22, 10], "uv_size": [0.25, 1]},
								"east": {"uv": [11, 22], "uv_size": [0.25, 1]},
								"south": {"uv": [22, 11], "uv_size": [0.25, 1]},
								"west": {"uv": [12, 22], "uv_size": [0.25, 1]},
								"up": {"uv": [29, 2], "uv_size": [0.25, 0.25]},
								"down": {"uv": [3, 29.25], "uv_size": [0.25, -0.25]}
							}
						},
						{
							"origin": [-0.3125, -1.6875, 0.9375],
							"size": [0.625, 0.25, 0.25],
							"inflate": 0.001,
							"uv": {
								"north": {"uv": [1, 24], "uv_size": [0.75, 0.25]},
								"east": {"uv": [29, 3], "uv_size": [0.25, 0.25]},
								"south": {"uv": [24, 1], "uv_size": [0.75, 0.25]},
								"west": {"uv": [4, 29], "uv_size": [0.25, 0.25]},
								"up": {"uv": [2, 24], "uv_size": [0.75, 0.25]},
								"down": {"uv": [24, 2.25], "uv_size": [0.75, -0.25]}
							}
						},
						{
							"origin": [-0.3125, -2.04105, 1.01072],
							"size": [0.625, 0.35355, 0.17678],
							"pivot": [0.3125, -1.6875, 1.1875],
							"rotation": [-45, 0, 0],
							"uv": {
								"north": {"uv": [3, 24], "uv_size": [0.75, 0.25]},
								"east": {"uv": [29, 4], "uv_size": [0.25, 0.25]},
								"south": {"uv": [24, 3], "uv_size": [0.75, 0.25]},
								"west": {"uv": [5, 29], "uv_size": [0.25, 0.25]},
								"up": {"uv": [24, 4], "uv_size": [0.75, 0.25]},
								"down": {"uv": [24, 5.25], "uv_size": [0.75, -0.25]}
							}
						},
						{
							"origin": [-0.3125, -1.75, 0.375],
							"size": [0.625, 0.40019, 0.19454],
							"pivot": [0.3125, -1.75, 0.375],
							"rotation": [38.5, 0, 0],
							"uv": {
								"north": {"uv": [21, 3], "uv_size": [0.75, 0.5]},
								"east": {"uv": [25, 24], "uv_size": [0.25, 0.5]},
								"south": {"uv": [8, 21], "uv_size": [0.75, 0.5]},
								"west": {"uv": [25, 25], "uv_size": [0.25, 0.5]},
								"up": {"uv": [24, 6], "uv_size": [0.75, 0.25]},
								"down": {"uv": [24, 7.25], "uv_size": [0.75, -0.25]}
							}
						},
						{
							"origin": [-0.19416, -0.625, 0],
							"size": [0.38833, 0.3125, 0.875],
							"inflate": 0.001,
							"uv": {
								"north": {"uv": [0, 26], "uv_size": [0.5, 0.25]},
								"east": {"uv": [22, 12], "uv_size": [1, 0.25]},
								"south": {"uv": [26, 0], "uv_size": [0.5, 0.25]},
								"west": {"uv": [13, 22], "uv_size": [1, 0.25]},
								"up": {"uv": [19, 12], "uv_size": [0.5, 1]},
								"down": {"uv": [13, 20], "uv_size": [0.5, -1]}
							}
						},
						{
							"origin": [0.1875, -1.43687, 1.3125],
							"size": [0.40019, 0.19497, 0.3125],
							"pivot": [0.1875, -1.4375, 1.3125],
							"rotation": [0, 0, -51.25],
							"uv": {
								"north": {"uv": [1, 26], "uv_size": [0.5, 0.25]},
								"east": {"uv": [29, 5], "uv_size": [0.25, 0.25]},
								"south": {"uv": [26, 1], "uv_size": [0.5, 0.25]},
								"west": {"uv": [6, 29], "uv_size": [0.25, 0.25]},
								"up": {"uv": [2, 26], "uv_size": [0.5, 0.25]},
								"down": {"uv": [26, 2.25], "uv_size": [0.5, -0.25]}
							}
						},
						{
							"origin": [-0.58769, -1.43687, 1.3125],
							"size": [0.40019, 0.19497, 0.3125],
							"pivot": [-0.1875, -1.4375, 1.3125],
							"rotation": [0, 0, 51.25],
							"uv": {
								"north": {"uv": [3, 26], "uv_size": [0.5, 0.25]},
								"east": {"uv": [29, 6], "uv_size": [0.25, 0.25]},
								"south": {"uv": [26, 3], "uv_size": [0.5, 0.25]},
								"west": {"uv": [7, 29], "uv_size": [0.25, 0.25]},
								"up": {"uv": [4, 26], "uv_size": [0.5, 0.25]},
								"down": {"uv": [26, 4.25], "uv_size": [0.5, -0.25]}
							}
						},
						{
							"origin": [0.1875, -0.5706, 1.3125],
							"size": [0.40019, 0.19497, 4.25],
							"pivot": [0.1875, -0.375, 1.3125],
							"rotation": [0, 0, 51.25],
							"uv": {
								"north": {"uv": [5, 26], "uv_size": [0.5, 0.25]},
								"east": {"uv": [16, 10], "uv_size": [4.25, 0.25]},
								"south": {"uv": [26, 5], "uv_size": [0.5, 0.25]},
								"west": {"uv": [16, 11], "uv_size": [4.25, 0.25]},
								"up": {"uv": [10, 12], "uv_size": [0.5, 4.25]},
								"down": {"uv": [11, 16.25], "uv_size": [0.5, -4.25]}
							}
						},
						{
							"origin": [-0.58769, -0.5706, 1.3125],
							"size": [0.40019, 0.19497, 4.25],
							"pivot": [-0.1875, -0.375, 1.3125],
							"rotation": [0, 0, -51.25],
							"uv": {
								"north": {"uv": [26, 6], "uv_size": [0.5, 0.25]},
								"east": {"uv": [17, 4], "uv_size": [4.25, 0.25]},
								"south": {"uv": [26, 7], "uv_size": [0.5, 0.25]},
								"west": {"uv": [17, 5], "uv_size": [4.25, 0.25]},
								"up": {"uv": [12, 12], "uv_size": [0.5, 4.25]},
								"down": {"uv": [13, 16.25], "uv_size": [0.5, -4.25]}
							}
						},
						{
							"origin": [0.1875, -1.43687, 0.625],
							"size": [0.40019, 0.19497, 0.6875],
							"pivot": [0.1875, -1.4375, 0.6875],
							"rotation": [0, 0, -51.25],
							"uv": {
								"north": {"uv": [8, 26], "uv_size": [0.5, 0.25]},
								"east": {"uv": [8, 24], "uv_size": [0.75, 0.25]},
								"south": {"uv": [26, 8], "uv_size": [0.5, 0.25]},
								"west": {"uv": [24, 8], "uv_size": [0.75, 0.25]},
								"up": {"uv": [9, 21], "uv_size": [0.5, 0.75]},
								"down": {"uv": [21, 10.75], "uv_size": [0.5, -0.75]}
							}
						},
						{
							"origin": [0.25, -1.375, 0.625],
							"size": [0.1875, 0.25747, 0.5],
							"inflate": 0.0005,
							"uv": {
								"north": {"uv": [29, 7], "uv_size": [0.25, 0.25]},
								"east": {"uv": [9, 26], "uv_size": [0.5, 0.25]},
								"south": {"uv": [8, 29], "uv_size": [0.25, 0.25]},
								"west": {"uv": [26, 9], "uv_size": [0.5, 0.25]},
								"up": {"uv": [10, 26], "uv_size": [0.25, 0.5]},
								"down": {"uv": [26, 10.5], "uv_size": [0.25, -0.5]}
							}
						},
						{
							"origin": [0.25, -1.75, 0.625],
							"size": [0.1875, 0.375, 0.5],
							"pivot": [0.25, -1.375, 1.125],
							"rotation": [0, 0, -25],
							"uv": {
								"north": {"uv": [11, 26], "uv_size": [0.25, 0.5]},
								"east": {"uv": [22, 13], "uv_size": [0.5, 0.5]},
								"south": {"uv": [26, 11], "uv_size": [0.25, 0.5]},
								"west": {"uv": [14, 22], "uv_size": [0.5, 0.5]},
								"up": {"uv": [12, 26], "uv_size": [0.25, 0.5]},
								"down": {"uv": [26, 12.5], "uv_size": [0.25, -0.5]}
							}
						},
						{
							"origin": [0.39091, -1.63562, 0.625],
							"size": [0.25, 0.35355, 0.35355],
							"pivot": [0.57841, -1.63562, 0.625],
							"rotation": [-45, 0, -25],
							"uv": {
								"north": {"uv": [29, 8], "uv_size": [0.25, 0.25]},
								"east": {"uv": [9, 29], "uv_size": [0.25, 0.25]},
								"south": {"uv": [29, 9], "uv_size": [0.25, 0.25]},
								"west": {"uv": [10, 29], "uv_size": [0.25, 0.25]},
								"up": {"uv": [29, 10], "uv_size": [0.25, 0.25]},
								"down": {"uv": [11, 29.25], "uv_size": [0.25, -0.25]}
							}
						},
						{
							"origin": [0.10093, -1.1247, 0.125],
							"size": [0.33657, 0.19467, 0.5],
							"inflate": 0.001,
							"pivot": [0.4375, -1.125, 0],
							"rotation": [0, 0, -68.25],
							"uv": {
								"north": {"uv": [29, 11], "uv_size": [0.25, 0.25]},
								"east": {"uv": [13, 26], "uv_size": [0.5, 0.25]},
								"south": {"uv": [12, 29], "uv_size": [0.25, 0.25]},
								"west": {"uv": [26, 13], "uv_size": [0.5, 0.25]},
								"up": {"uv": [14, 26], "uv_size": [0.25, 0.5]},
								"down": {"uv": [26, 14.5], "uv_size": [0.25, -0.5]}
							}
						},
						{
							"origin": [0.28843, -1.1247, 0],
							"size": [0.14907, 0.38217, 0.125],
							"inflate": 0.001,
							"pivot": [0.4375, -1.125, 0],
							"rotation": [0, 0, -68.25],
							"uv": {
								"north": {"uv": [15, 26], "uv_size": [0.25, 0.5]},
								"east": {"uv": [26, 15], "uv_size": [0.25, 0.5]},
								"south": {"uv": [16, 26], "uv_size": [0.25, 0.5]},
								"west": {"uv": [26, 16], "uv_size": [0.25, 0.5]},
								"up": {"uv": [29, 12], "uv_size": [0.25, 0.25]},
								"down": {"uv": [13, 29.25], "uv_size": [0.25, -0.25]}
							}
						},
						{
							"origin": [-0.4375, -1.1247, 0],
							"size": [0.14907, 0.38217, 0.125],
							"inflate": 0.001,
							"pivot": [-0.4375, -1.125, 0],
							"rotation": [0, 0, 68.25],
							"uv": {
								"north": {"uv": [17, 26], "uv_size": [0.25, 0.5]},
								"east": {"uv": [26, 17], "uv_size": [0.25, 0.5]},
								"south": {"uv": [18, 26], "uv_size": [0.25, 0.5]},
								"west": {"uv": [26, 18], "uv_size": [0.25, 0.5]},
								"up": {"uv": [29, 13], "uv_size": [0.25, 0.25]},
								"down": {"uv": [14, 29.25], "uv_size": [0.25, -0.25]}
							}
						},
						{
							"origin": [-0.4375, -1.1247, 0.125],
							"size": [0.33657, 0.19467, 0.5],
							"inflate": 0.001,
							"pivot": [-0.4375, -1.125, 0],
							"rotation": [0, 0, 68.25],
							"uv": {
								"north": {"uv": [29, 14], "uv_size": [0.25, 0.25]},
								"east": {"uv": [19, 26], "uv_size": [0.5, 0.25]},
								"south": {"uv": [15, 29], "uv_size": [0.25, 0.25]},
								"west": {"uv": [26, 19], "uv_size": [0.5, 0.25]},
								"up": {"uv": [20, 26], "uv_size": [0.25, 0.5]},
								"down": {"uv": [26, 20.5], "uv_size": [0.25, -0.5]}
							}
						},
						{
							"origin": [-0.0399, -1.26335, 0],
							"size": [0.42188, 0.28842, 0.125],
							"inflate": 0.0005,
							"pivot": [0.38198, -1.26335, 0],
							"rotation": [0, 0, -25],
							"uv": {
								"north": {"uv": [21, 26], "uv_size": [0.5, 0.25]},
								"east": {"uv": [29, 15], "uv_size": [0.25, 0.25]},
								"south": {"uv": [26, 21], "uv_size": [0.5, 0.25]},
								"west": {"uv": [16, 29], "uv_size": [0.25, 0.25]},
								"up": {"uv": [22, 26], "uv_size": [0.5, 0.25]},
								"down": {"uv": [26, 22.25], "uv_size": [0.5, -0.25]}
							}
						},
						{
							"origin": [-0.38198, -1.26335, 0],
							"size": [0.42188, 0.28842, 0.125],
							"pivot": [-0.38198, -1.26335, 0],
							"rotation": [0, 0, 25],
							"uv": {
								"north": {"uv": [25, 11], "uv_size": [0.5, 0.25]},
								"east": {"uv": [22, 28], "uv_size": [0.25, 0.25]},
								"south": {"uv": [12, 25], "uv_size": [0.5, 0.25]},
								"west": {"uv": [28, 22], "uv_size": [0.25, 0.25]},
								"up": {"uv": [25, 12], "uv_size": [0.5, 0.25]},
								"down": {"uv": [13, 25.25], "uv_size": [0.5, -0.25]}
							}
						},
						{
							"origin": [0.15664, -1.26335, -0.00122],
							"size": [0.22534, 0.38217, 0.12622],
							"pivot": [0.38198, -1.26335, 0],
							"rotation": [0, 34, -68.25],
							"uv": {
								"north": {"uv": [23, 26], "uv_size": [0.25, 0.5]},
								"east": {"uv": [26, 23], "uv_size": [0.25, 0.5]},
								"south": {"uv": [24, 26], "uv_size": [0.25, 0.5]},
								"west": {"uv": [26, 24], "uv_size": [0.25, 0.5]},
								"up": {"uv": [29, 16], "uv_size": [0.25, 0.25]},
								"down": {"uv": [17, 29.25], "uv_size": [0.25, -0.25]}
							}
						},
						{
							"origin": [-0.38198, -1.26335, -0.00122],
							"size": [0.22534, 0.38217, 0.12622],
							"pivot": [-0.38198, -1.26335, 0],
							"rotation": [0, -34, 68.25],
							"uv": {
								"north": {"uv": [25, 26], "uv_size": [0.25, 0.5]},
								"east": {"uv": [26, 25], "uv_size": [0.25, 0.5]},
								"south": {"uv": [26, 26], "uv_size": [0.25, 0.5]},
								"west": {"uv": [0, 27], "uv_size": [0.25, 0.5]},
								"up": {"uv": [29, 17], "uv_size": [0.25, 0.25]},
								"down": {"uv": [18, 29.25], "uv_size": [0.25, -0.25]}
							}
						},
						{
							"origin": [-0.1875, -1.4375, 0.625],
							"size": [0.375, 1, 0.6875],
							"uv": {
								"north": {"uv": [19, 13], "uv_size": [0.5, 1]},
								"east": {"uv": [17, 15], "uv_size": [0.75, 1]},
								"south": {"uv": [14, 19], "uv_size": [0.5, 1]},
								"west": {"uv": [17, 16], "uv_size": [0.75, 1]},
								"up": {"uv": [11, 21], "uv_size": [0.5, 0.75]},
								"down": {"uv": [21, 11.75], "uv_size": [0.5, -0.75]}
							}
						},
						{
							"origin": [-0.58769, -1.43687, 0.625],
							"size": [0.40019, 0.19497, 0.6875],
							"pivot": [-0.1875, -1.4375, 0.6875],
							"rotation": [0, 0, 51.25],
							"uv": {
								"north": {"uv": [27, 0], "uv_size": [0.5, 0.25]},
								"east": {"uv": [9, 24], "uv_size": [0.75, 0.25]},
								"south": {"uv": [1, 27], "uv_size": [0.5, 0.25]},
								"west": {"uv": [24, 9], "uv_size": [0.75, 0.25]},
								"up": {"uv": [12, 21], "uv_size": [0.5, 0.75]},
								"down": {"uv": [21, 12.75], "uv_size": [0.5, -0.75]}
							}
						},
						{
							"origin": [-0.58769, -0.6331, 0.625],
							"size": [0.40019, 0.19497, 0.6875],
							"pivot": [-0.1875, -0.4375, 0.6875],
							"rotation": [0, 0, -51.25],
							"uv": {
								"north": {"uv": [27, 1], "uv_size": [0.5, 0.25]},
								"east": {"uv": [10, 24], "uv_size": [0.75, 0.25]},
								"south": {"uv": [2, 27], "uv_size": [0.5, 0.25]},
								"west": {"uv": [24, 10], "uv_size": [0.75, 0.25]},
								"up": {"uv": [13, 21], "uv_size": [0.5, 0.75]},
								"down": {"uv": [21, 13.75], "uv_size": [0.5, -0.75]}
							}
						},
						{
							"origin": [0.1875, -0.6331, 0.625],
							"size": [0.40019, 0.19497, 0.6875],
							"pivot": [0.1875, -0.4375, 0.6875],
							"rotation": [0, 0, 51.25],
							"uv": {
								"north": {"uv": [27, 2], "uv_size": [0.5, 0.25]},
								"east": {"uv": [11, 24], "uv_size": [0.75, 0.25]},
								"south": {"uv": [3, 27], "uv_size": [0.5, 0.25]},
								"west": {"uv": [24, 11], "uv_size": [0.75, 0.25]},
								"up": {"uv": [14, 21], "uv_size": [0.5, 0.75]},
								"down": {"uv": [21, 14.75], "uv_size": [0.5, -0.75]}
							}
						},
						{
							"origin": [0.03719, -0.78499, 0.875],
							"size": [0.32207, 0.13247, 0.4375],
							"pivot": [0.35926, -0.65251, 0.875],
							"rotation": [0, 0, 61.25],
							"uv": {
								"north": {"uv": [29, 18], "uv_size": [0.25, 0.25]},
								"east": {"uv": [27, 3], "uv_size": [0.5, 0.25]},
								"south": {"uv": [19, 29], "uv_size": [0.25, 0.25]},
								"west": {"uv": [4, 27], "uv_size": [0.5, 0.25]},
								"up": {"uv": [27, 4], "uv_size": [0.25, 0.5]},
								"down": {"uv": [5, 27.5], "uv_size": [0.25, -0.5]}
							}
						},
						{
							"origin": [0.19356, -0.75, 0],
							"size": [0.24394, 0.3125, 0.625],
							"inflate": 0.0007,
							"pivot": [0.4375, -0.75, 0],
							"rotation": [0, 0, -20],
							"uv": {
								"north": {"uv": [29, 19], "uv_size": [0.25, 0.25]},
								"east": {"uv": [12, 24], "uv_size": [0.75, 0.25]},
								"south": {"uv": [20, 29], "uv_size": [0.25, 0.25]},
								"west": {"uv": [24, 12], "uv_size": [0.75, 0.25]},
								"up": {"uv": [13, 24], "uv_size": [0.25, 0.75]},
								"down": {"uv": [24, 13.75], "uv_size": [0.25, -0.75]}
							}
						},
						{
							"origin": [-0.4375, -0.75, 0],
							"size": [0.24394, 0.3125, 0.625],
							"inflate": 0.0007,
							"pivot": [-0.4375, -0.75, 0],
							"rotation": [0, 0, 20],
							"uv": {
								"north": {"uv": [29, 20], "uv_size": [0.25, 0.25]},
								"east": {"uv": [14, 24], "uv_size": [0.75, 0.25]},
								"south": {"uv": [21, 29], "uv_size": [0.25, 0.25]},
								"west": {"uv": [24, 14], "uv_size": [0.75, 0.25]},
								"up": {"uv": [15, 24], "uv_size": [0.25, 0.75]},
								"down": {"uv": [24, 15.75], "uv_size": [0.25, -0.75]}
							}
						},
						{
							"origin": [-0.4375, -1.125, 0],
							"size": [0.875, 0.375, 0.625],
							"inflate": 0.0012,
							"uv": {
								"north": {"uv": [19, 14], "uv_size": [1, 0.5]},
								"east": {"uv": [15, 21], "uv_size": [0.75, 0.5]},
								"south": {"uv": [19, 15], "uv_size": [1, 0.5]},
								"west": {"uv": [21, 15], "uv_size": [0.75, 0.5]},
								"up": {"uv": [17, 17], "uv_size": [1, 0.75]},
								"down": {"uv": [18, 0.75], "uv_size": [1, -0.75]}
							}
						},
						{
							"origin": [-0.0625, -0.9612, -24.72814],
							"size": [0.125, 0.17907, 0.53481],
							"inflate": 0.0005,
							"pivot": [0.625, -0.78213, -24.19333],
							"rotation": [11, 0, 0],
							"uv": {
								"north": {"uv": [29, 21], "uv_size": [0.25, 0.25]},
								"east": {"uv": [27, 5], "uv_size": [0.5, 0.25]},
								"south": {"uv": [22, 29], "uv_size": [0.25, 0.25]},
								"west": {"uv": [27, 6], "uv_size": [0.5, 0.25]},
								"up": {"uv": [27, 7], "uv_size": [0.25, 0.5]},
								"down": {"uv": [8, 27.5], "uv_size": [0.25, -0.5]}
							}
						},
						{
							"origin": [-0.0625, -1.15537, -24.69333],
							"size": [0.125, 0.18577, 0.5],
							"pivot": [0.625, -1.15537, -24.19333],
							"rotation": [-11, 0, 0],
							"uv": {
								"north": {"uv": [29, 22], "uv_size": [0.25, 0.25]},
								"east": {"uv": [27, 8], "uv_size": [0.5, 0.25]},
								"south": {"uv": [23, 29], "uv_size": [0.25, 0.25]},
								"west": {"uv": [9, 27], "uv_size": [0.5, 0.25]},
								"up": {"uv": [27, 9], "uv_size": [0.25, 0.5]},
								"down": {"uv": [10, 27.5], "uv_size": [0.25, -0.5]}
							}
						},
						{
							"origin": [-0.0625, -1.3125, -24.19076],
							"size": [0.125, 0.37333, 18.00326],
							"pivot": [0.625, -1.3125, -6.1875],
							"rotation": [-0.5, 0, 0],
							"uv": {
								"north": {"uv": [29, 23], "uv_size": [0.25, 0.25]},
								"east": {"uv": [0, 0], "uv_size": [18, 0.25]},
								"south": {"uv": [24, 29], "uv_size": [0.25, 0.25]},
								"west": {"uv": [0, 1], "uv_size": [18, 0.25]},
								"up": {"uv": [0, 2], "uv_size": [0.25, 18]},
								"down": {"uv": [1, 20], "uv_size": [0.25, -18]}
							}
						},
						{
							"origin": [-0.0625, -0.99827, -24.19402],
							"size": [0.125, 0.37327, 18.00652],
							"inflate": 0.0005,
							"pivot": [0.625, -0.625, -6.1875],
							"rotation": [0.5, 0, 0],
							"uv": {
								"north": {"uv": [29, 24], "uv_size": [0.25, 0.25]},
								"east": {"uv": [2, 2], "uv_size": [18, 0.25]},
								"south": {"uv": [25, 29], "uv_size": [0.25, 0.25]},
								"west": {"uv": [2, 3], "uv_size": [18, 0.25]},
								"up": {"uv": [2, 4], "uv_size": [0.25, 18]},
								"down": {"uv": [3, 22], "uv_size": [0.25, -18]}
							}
						},
						{
							"origin": [-0.0625, -1.3125, -6.1875],
							"size": [0.125, 0.6875, 6],
							"uv": {
								"north": {"uv": [16, 24], "uv_size": [0.25, 0.75]},
								"east": {"uv": [4, 4], "uv_size": [6, 0.75]},
								"south": {"uv": [24, 16], "uv_size": [0.25, 0.75]},
								"west": {"uv": [4, 5], "uv_size": [6, 0.75]},
								"up": {"uv": [9, 15], "uv_size": [0.25, 6]},
								"down": {"uv": [15, 20], "uv_size": [0.25, -6]}
							}
						},
						{
							"origin": [-0.50033, -1.77338, -24.72814],
							"size": [0.125, 0.17907, 0.53481],
							"inflate": 0.0005,
							"pivot": [0.18717, -1.59431, -24.19333],
							"rotation": [11, 0, 90],
							"uv": {
								"north": {"uv": [29, 25], "uv_size": [0.25, 0.25]},
								"east": {"uv": [27, 10], "uv_size": [0.5, 0.25]},
								"south": {"uv": [26, 29], "uv_size": [0.25, 0.25]},
								"west": {"uv": [11, 27], "uv_size": [0.5, 0.25]},
								"up": {"uv": [27, 11], "uv_size": [0.25, 0.5]},
								"down": {"uv": [12, 27.5], "uv_size": [0.25, -0.5]}
							}
						},
						{
							"origin": [-0.87356, -1.59431, -24.69333],
							"size": [0.125, 0.18577, 0.5],
							"pivot": [-0.18606, -1.59431, -24.19333],
							"rotation": [-11, 0, 90],
							"uv": {
								"north": {"uv": [29, 26], "uv_size": [0.25, 0.25]},
								"east": {"uv": [27, 12], "uv_size": [0.5, 0.25]},
								"south": {"uv": [27, 29], "uv_size": [0.25, 0.25]},
								"west": {"uv": [13, 27], "uv_size": [0.5, 0.25]},
								"up": {"uv": [27, 13], "uv_size": [0.25, 0.5]},
								"down": {"uv": [14, 27.5], "uv_size": [0.25, -0.5]}
							}
						},
						{
							"origin": [-1.03069, -1.59431, -24.19076],
							"size": [0.125, 0.37333, 18.00326],
							"pivot": [-0.34319, -1.59431, -6.1875],
							"rotation": [-0.5, 0, 90],
							"uv": {
								"north": {"uv": [29, 27], "uv_size": [0.25, 0.25]},
								"east": {"uv": [4, 6], "uv_size": [18, 0.25]},
								"south": {"uv": [28, 29], "uv_size": [0.25, 0.25]},
								"west": {"uv": [4, 7], "uv_size": [18, 0.25]},
								"up": {"uv": [4, 8], "uv_size": [0.25, 18]},
								"down": {"uv": [5, 26], "uv_size": [0.25, -18]}
							}
						},
						{
							"origin": [-0.34319, -1.96758, -24.19402],
							"size": [0.125, 0.37327, 18.00652],
							"inflate": 0.0005,
							"pivot": [0.34431, -1.59431, -6.1875],
							"rotation": [0.5, 0, 90],
							"uv": {
								"north": {"uv": [29, 28], "uv_size": [0.25, 0.25]},
								"east": {"uv": [6, 8], "uv_size": [18, 0.25]},
								"south": {"uv": [29, 29], "uv_size": [0.25, 0.25]},
								"west": {"uv": [6, 9], "uv_size": [18, 0.25]},
								"up": {"uv": [6, 10], "uv_size": [0.25, 18]},
								"down": {"uv": [7, 28], "uv_size": [0.25, -18]}
							}
						},
						{
							"origin": [-0.34319, -1.59431, -6.1875],
							"size": [0.125, 0.6875, 6],
							"pivot": [0.00056, -1.25056, -0.3125],
							"rotation": [0, 0, 90],
							"uv": {
								"north": {"uv": [17, 24], "uv_size": [0.25, 0.75]},
								"east": {"uv": [10, 4], "uv_size": [6, 0.75]},
								"south": {"uv": [24, 17], "uv_size": [0.25, 0.75]},
								"west": {"uv": [10, 5], "uv_size": [6, 0.75]},
								"up": {"uv": [16, 14], "uv_size": [0.25, 6]},
								"down": {"uv": [10, 23], "uv_size": [0.25, -6]}
							}
						},
						{
							"origin": [-0.46875, -1.0625, 0.25],
							"size": [0.9375, 0.25, 0.25],
							"pivot": [-0.03125, -0.9375, 0.375],
							"rotation": [45, 0, 0],
							"uv": {
								"north": {"uv": [22, 14], "uv_size": [1, 0.25]},
								"east": {"uv": [0, 30], "uv_size": [0.25, 0.25]},
								"south": {"uv": [15, 22], "uv_size": [1, 0.25]},
								"west": {"uv": [30, 0], "uv_size": [0.25, 0.25]},
								"up": {"uv": [22, 15], "uv_size": [1, 0.25]},
								"down": {"uv": [16, 22.25], "uv_size": [1, -0.25]}
							}
						},
						{
							"origin": [-0.4375, -1.125, 0.625],
							"size": [0.875, 0.375, 0.6875],
							"uv": {
								"north": {"uv": [19, 16], "uv_size": [1, 0.5]},
								"east": {"uv": [16, 21], "uv_size": [0.75, 0.5]},
								"south": {"uv": [19, 17], "uv_size": [1, 0.5]},
								"west": {"uv": [21, 16], "uv_size": [0.75, 0.5]},
								"up": {"uv": [18, 1], "uv_size": [1, 0.75]},
								"down": {"uv": [11, 18.75], "uv_size": [1, -0.75]}
							}
						},
						{
							"origin": [-0.4375, -1.125, 1.3125],
							"size": [0.875, 0.4375, 4.25],
							"inflate": 0.001,
							"uv": {
								"north": {"uv": [19, 18], "uv_size": [1, 0.5]},
								"east": {"uv": [14, 12], "uv_size": [4.25, 0.5]},
								"south": {"uv": [19, 19], "uv_size": [1, 0.5]},
								"west": {"uv": [14, 13], "uv_size": [4.25, 0.5]},
								"up": {"uv": [8, 10], "uv_size": [1, 4.25]},
								"down": {"uv": [9, 14.25], "uv_size": [1, -4.25]}
							}
						},
						{
							"origin": [-0.25, -1.25, 5.5625],
							"size": [0.5, 0.5, 0.25],
							"inflate": 0.0005,
							"uv": {
								"north": {"uv": [22, 16], "uv_size": [0.5, 0.5]},
								"east": {"uv": [27, 14], "uv_size": [0.25, 0.5]},
								"south": {"uv": [17, 22], "uv_size": [0.5, 0.5]},
								"west": {"uv": [15, 27], "uv_size": [0.25, 0.5]},
								"up": {"uv": [27, 15], "uv_size": [0.5, 0.25]},
								"down": {"uv": [16, 27.25], "uv_size": [0.5, -0.25]}
							}
						},
						{
							"origin": [-0.10355, -1.60355, 5.5625],
							"size": [0.35355, 0.35355, 0.25],
							"pivot": [0.25, -1.25, 5.75],
							"rotation": [0, 0, 45],
							"uv": {
								"north": {"uv": [1, 30], "uv_size": [0.25, 0.25]},
								"east": {"uv": [30, 1], "uv_size": [0.25, 0.25]},
								"south": {"uv": [2, 30], "uv_size": [0.25, 0.25]},
								"west": {"uv": [30, 2], "uv_size": [0.25, 0.25]},
								"up": {"uv": [3, 30], "uv_size": [0.25, 0.25]},
								"down": {"uv": [30, 3.25], "uv_size": [0.25, -0.25]}
							}
						},
						{
							"origin": [-0.10355, -1.10355, 5.5625],
							"size": [0.35355, 0.35355, 0.25],
							"pivot": [0.25, -0.75, 5.75],
							"rotation": [0, 0, 45],
							"uv": {
								"north": {"uv": [4, 30], "uv_size": [0.25, 0.25]},
								"east": {"uv": [30, 4], "uv_size": [0.25, 0.25]},
								"south": {"uv": [5, 30], "uv_size": [0.25, 0.25]},
								"west": {"uv": [30, 5], "uv_size": [0.25, 0.25]},
								"up": {"uv": [6, 30], "uv_size": [0.25, 0.25]},
								"down": {"uv": [30, 6.25], "uv_size": [0.25, -0.25]}
							}
						},
						{
							"origin": [-0.1875, -1.875, 5.25],
							"size": [0.375, 0.3125, 0.3125],
							"inflate": 0.0005,
							"uv": {
								"north": {"uv": [27, 16], "uv_size": [0.5, 0.25]},
								"east": {"uv": [7, 30], "uv_size": [0.25, 0.25]},
								"south": {"uv": [17, 27], "uv_size": [0.5, 0.25]},
								"west": {"uv": [30, 7], "uv_size": [0.25, 0.25]},
								"up": {"uv": [27, 17], "uv_size": [0.5, 0.25]},
								"down": {"uv": [18, 27.25], "uv_size": [0.5, -0.25]}
							}
						},
						{
							"origin": [-0.4375, -1.5625, 5.25],
							"size": [0.875, 0.4375, 0.3125],
							"inflate": 0.0005,
							"uv": {
								"north": {"uv": [0, 20], "uv_size": [1, 0.5]},
								"east": {"uv": [27, 18], "uv_size": [0.25, 0.5]},
								"south": {"uv": [20, 0], "uv_size": [1, 0.5]},
								"west": {"uv": [19, 27], "uv_size": [0.25, 0.5]},
								"up": {"uv": [22, 17], "uv_size": [1, 0.25]},
								"down": {"uv": [18, 22.25], "uv_size": [1, -0.25]}
							}
						},
						{
							"origin": [-0.1875, -1.875, 4.5],
							"size": [0.375, 0.30491, 0.75],
							"pivot": [0.1875, -1.875, 5.25],
							"rotation": [-27.5, 0, 0],
							"uv": {
								"north": {"uv": [27, 19], "uv_size": [0.5, 0.25]},
								"east": {"uv": [18, 24], "uv_size": [0.75, 0.25]},
								"south": {"uv": [20, 27], "uv_size": [0.5, 0.25]},
								"west": {"uv": [24, 18], "uv_size": [0.75, 0.25]},
								"up": {"uv": [17, 21], "uv_size": [0.5, 0.75]},
								"down": {"uv": [21, 17.75], "uv_size": [0.5, -0.75]}
							}
						},
						{
							"origin": [-0.4375, -1.5625, 4.5],
							"size": [0.875, 0.30491, 0.75],
							"pivot": [0.1875, -1.5625, 5.25],
							"rotation": [-27.5, 0, 0],
							"uv": {
								"north": {"uv": [22, 18], "uv_size": [1, 0.25]},
								"east": {"uv": [19, 24], "uv_size": [0.75, 0.25]},
								"south": {"uv": [19, 22], "uv_size": [1, 0.25]},
								"west": {"uv": [24, 19], "uv_size": [0.75, 0.25]},
								"up": {"uv": [12, 18], "uv_size": [1, 0.75]},
								"down": {"uv": [13, 18.75], "uv_size": [1, -0.75]}
							}
						},
						{
							"origin": [-0.1875, -1.4375, 1.3125],
							"size": [0.375, 1, 4.25],
							"inflate": 0.001,
							"uv": {
								"north": {"uv": [1, 20], "uv_size": [0.5, 1]},
								"east": {"uv": [10, 10], "uv_size": [4.25, 1]},
								"south": {"uv": [20, 1], "uv_size": [0.5, 1]},
								"west": {"uv": [10, 11], "uv_size": [4.25, 1]},
								"up": {"uv": [14, 14], "uv_size": [0.5, 4.25]},
								"down": {"uv": [8, 19.25], "uv_size": [0.5, -4.25]}
							}
						},
						{
							"origin": [-0.1875, -1.625, 2.6875],
							"size": [0.375, 0.25, 1],
							"uv": {
								"north": {"uv": [27, 20], "uv_size": [0.5, 0.25]},
								"east": {"uv": [22, 19], "uv_size": [1, 0.25]},
								"south": {"uv": [21, 27], "uv_size": [0.5, 0.25]},
								"west": {"uv": [20, 22], "uv_size": [1, 0.25]},
								"up": {"uv": [20, 2], "uv_size": [0.5, 1]},
								"down": {"uv": [20, 4], "uv_size": [0.5, -1]}
							}
						},
						{
							"origin": [-0.4375, -1.3125, 2.6875],
							"size": [0.875, 0.1875, 1],
							"inflate": 0.0005,
							"uv": {
								"north": {"uv": [22, 20], "uv_size": [1, 0.25]},
								"east": {"uv": [21, 22], "uv_size": [1, 0.25]},
								"south": {"uv": [22, 21], "uv_size": [1, 0.25]},
								"west": {"uv": [22, 22], "uv_size": [1, 0.25]},
								"up": {"uv": [11, 17], "uv_size": [1, 1]},
								"down": {"uv": [12, 18], "uv_size": [1, -1]}
							}
						},
						{
							"origin": [-0.1875, -1.53125, 4.1875],
							"size": [0.375, 0.25, 0.5625],
							"uv": {
								"north": {"uv": [27, 21], "uv_size": [0.5, 0.25]},
								"east": {"uv": [22, 27], "uv_size": [0.5, 0.25]},
								"south": {"uv": [27, 22], "uv_size": [0.5, 0.25]},
								"west": {"uv": [23, 27], "uv_size": [0.5, 0.25]},
								"up": {"uv": [0, 23], "uv_size": [0.5, 0.5]},
								"down": {"uv": [23, 0.5], "uv_size": [0.5, -0.5]}
							}
						},
						{
							"origin": [0.1875, -1.53077, 4.1875],
							"size": [0.4022, 0.24952, 0.39724],
							"pivot": [0.1875, -1.53125, 4.1875],
							"rotation": [0, 0, -51.5],
							"uv": {
								"north": {"uv": [27, 23], "uv_size": [0.5, 0.25]},
								"east": {"uv": [24, 27], "uv_size": [0.5, 0.25]},
								"south": {"uv": [27, 24], "uv_size": [0.5, 0.25]},
								"west": {"uv": [25, 27], "uv_size": [0.5, 0.25]},
								"up": {"uv": [1, 23], "uv_size": [0.5, 0.5]},
								"down": {"uv": [2, 23.5], "uv_size": [0.5, -0.5]}
							}
						},
						{
							"origin": [0.1875, -1.87531, 4.3557],
							"size": [0.37328, 0.30522, 0.8943],
							"pivot": [0.1875, -1.875, 5.25],
							"rotation": [-19.20462, -20.06867, -44.57069],
							"uv": {
								"north": {"uv": [8, 30], "uv_size": [0.25, 0.25]},
								"down": {"uv": [3, 24], "uv_size": [0.25, -1]}
							}
						},
						{
							"origin": [0.1875, -1.87437, 5.25],
							"size": [0.40019, 0.31187, 0.3125],
							"pivot": [0.1875, -1.875, 5.5625],
							"rotation": [0, 0, -51.25],
							"uv": {
								"north": {"uv": [27, 25], "uv_size": [0.5, 0.25]},
								"east": {"uv": [30, 8], "uv_size": [0.25, 0.25]},
								"south": {"uv": [26, 27], "uv_size": [0.5, 0.25]},
								"west": {"uv": [9, 30], "uv_size": [0.25, 0.25]},
								"up": {"uv": [27, 26], "uv_size": [0.5, 0.25]},
								"down": {"uv": [27, 27.25], "uv_size": [0.5, -0.25]}
							}
						},
						{
							"origin": [-0.4375, -1.21875, 4.1875],
							"size": [0.875, 0.25, 1.0625],
							"inflate": 0.0005,
							"uv": {
								"north": {"uv": [8, 23], "uv_size": [1, 0.25]},
								"east": {"uv": [9, 23], "uv_size": [1, 0.25]},
								"south": {"uv": [10, 23], "uv_size": [1, 0.25]},
								"west": {"uv": [23, 10], "uv_size": [1, 0.25]},
								"up": {"uv": [13, 17], "uv_size": [1, 1]},
								"down": {"uv": [17, 15], "uv_size": [1, -1]}
							}
						},
						{
							"origin": [-0.1875, -1.625, 1.5625],
							"size": [0.375, 0.1875, 1.125],
							"pivot": [0.1875, -1.625, 2.6875],
							"rotation": [-10, 0, 0],
							"uv": {
								"north": {"uv": [0, 28], "uv_size": [0.5, 0.25]},
								"east": {"uv": [22, 1], "uv_size": [1.25, 0.25]},
								"south": {"uv": [28, 0], "uv_size": [0.5, 0.25]},
								"west": {"uv": [2, 22], "uv_size": [1.25, 0.25]},
								"up": {"uv": [18, 16], "uv_size": [0.5, 1.25]},
								"down": {"uv": [17, 19.25], "uv_size": [0.5, -1.25]}
							}
						},
						{
							"origin": [-0.1875, -1.625, 3.6875],
							"size": [0.375, 0.1875, 0.625],
							"pivot": [0.1875, -1.625, 3.6875],
							"rotation": [10, 0, 0],
							"uv": {
								"north": {"uv": [1, 28], "uv_size": [0.5, 0.25]},
								"east": {"uv": [20, 24], "uv_size": [0.75, 0.25]},
								"south": {"uv": [28, 1], "uv_size": [0.5, 0.25]},
								"west": {"uv": [24, 20], "uv_size": [0.75, 0.25]},
								"up": {"uv": [18, 21], "uv_size": [0.5, 0.75]},
								"down": {"uv": [21, 18.75], "uv_size": [0.5, -0.75]}
							}
						},
						{
							"origin": [0.1875, -1.62612, 2.6875],
							"size": [0.40019, 0.25112, 1],
							"pivot": [0.1875, -1.625, 3.6875],
							"rotation": [0, 0, -51.5],
							"uv": {
								"north": {"uv": [2, 28], "uv_size": [0.5, 0.25]},
								"east": {"uv": [11, 23], "uv_size": [1, 0.25]},
								"south": {"uv": [28, 2], "uv_size": [0.5, 0.25]},
								"west": {"uv": [23, 11], "uv_size": [1, 0.25]},
								"up": {"uv": [8, 20], "uv_size": [0.5, 1]},
								"down": {"uv": [20, 13], "uv_size": [0.5, -1]}
							}
						},
						{
							"origin": [0.18752, -1.51758, 3.67788],
							"size": [0.39648, 0.18861, 0.62512],
							"pivot": [0.1875, -1.51647, 4.303],
							"rotation": [6.33199, 7.75573, -50.57035],
							"uv": {
								"north": {"uv": [3, 28], "uv_size": [0.5, 0.25]},
								"east": {"uv": [21, 24], "uv_size": [0.75, 0.25]},
								"south": {"uv": [28, 3], "uv_size": [0.5, 0.25]},
								"west": {"uv": [24, 21], "uv_size": [0.75, 0.25]},
								"up": {"uv": [19, 21], "uv_size": [0.5, 0.75]},
								"down": {"uv": [21, 19.75], "uv_size": [0.5, -0.75]}
							}
						},
						{
							"origin": [0.1875, -1.62725, 1.55432],
							"size": [0.39661, 0.18975, 1.1333],
							"pivot": [0.1875, -1.625, 2.6875],
							"rotation": [-6.29808, -7.78323, -50.82114],
							"uv": {
								"north": {"uv": [4, 28], "uv_size": [0.5, 0.25]},
								"east": {"uv": [22, 2], "uv_size": [1.25, 0.25]},
								"south": {"uv": [28, 4], "uv_size": [0.5, 0.25]},
								"west": {"uv": [22, 3], "uv_size": [1.25, 0.25]},
								"up": {"uv": [18, 18], "uv_size": [0.5, 1.25]},
								"down": {"uv": [19, 1.25], "uv_size": [0.5, -1.25]}
							}
						},
						{
							"origin": [-0.58411, -1.62725, 1.55432],
							"size": [0.39661, 0.18975, 1.1333],
							"pivot": [-0.1875, -1.625, 2.6875],
							"rotation": [-6.29808, 7.78323, 50.82114],
							"uv": {
								"north": {"uv": [5, 28], "uv_size": [0.5, 0.25]},
								"east": {"uv": [22, 4], "uv_size": [1.25, 0.25]},
								"south": {"uv": [28, 5], "uv_size": [0.5, 0.25]},
								"west": {"uv": [22, 5], "uv_size": [1.25, 0.25]},
								"up": {"uv": [11, 19], "uv_size": [0.5, 1.25]},
								"down": {"uv": [12, 20.25], "uv_size": [0.5, -1.25]}
							}
						},
						{
							"origin": [-0.58769, -1.62612, 2.6875],
							"size": [0.40019, 0.25112, 1],
							"pivot": [-0.1875, -1.625, 3.6875],
							"rotation": [0, 0, 51.5],
							"uv": {
								"north": {"uv": [6, 28], "uv_size": [0.5, 0.25]},
								"east": {"uv": [12, 23], "uv_size": [1, 0.25]},
								"south": {"uv": [28, 6], "uv_size": [0.5, 0.25]},
								"west": {"uv": [23, 12], "uv_size": [1, 0.25]},
								"up": {"uv": [13, 20], "uv_size": [0.5, 1]},
								"down": {"uv": [20, 14], "uv_size": [0.5, -1]}
							}
						},
						{
							"origin": [-0.584, -1.51758, 3.67788],
							"size": [0.39648, 0.18861, 0.62512],
							"pivot": [-0.1875, -1.51647, 4.303],
							"rotation": [6.33199, -7.75573, 50.57035],
							"uv": {
								"north": {"uv": [7, 28], "uv_size": [0.5, 0.25]},
								"east": {"uv": [22, 24], "uv_size": [0.75, 0.25]},
								"south": {"uv": [28, 7], "uv_size": [0.5, 0.25]},
								"west": {"uv": [24, 22], "uv_size": [0.75, 0.25]},
								"up": {"uv": [20, 21], "uv_size": [0.5, 0.75]},
								"down": {"uv": [21, 20.75], "uv_size": [0.5, -0.75]}
							}
						},
						{
							"origin": [-0.5897, -1.53077, 4.1875],
							"size": [0.4022, 0.24952, 0.39724],
							"pivot": [-0.1875, -1.53125, 4.1875],
							"rotation": [0, 0, 51.5],
							"uv": {
								"north": {"uv": [8, 28], "uv_size": [0.5, 0.25]},
								"east": {"uv": [28, 8], "uv_size": [0.5, 0.25]},
								"south": {"uv": [9, 28], "uv_size": [0.5, 0.25]},
								"west": {"uv": [28, 9], "uv_size": [0.5, 0.25]},
								"up": {"uv": [13, 23], "uv_size": [0.5, 0.5]},
								"down": {"uv": [23, 13.5], "uv_size": [0.5, -0.5]}
							}
						},
						{
							"origin": [-0.56078, -1.87531, 4.3557],
							"size": [0.37328, 0.30522, 0.8943],
							"pivot": [-0.1875, -1.875, 5.25],
							"rotation": [-19.20462, 20.06867, 44.57069],
							"uv": {
								"north": {"uv": [30, 9], "uv_size": [0.25, 0.25]},
								"down": {"uv": [14, 24], "uv_size": [0.25, -1]}
							}
						},
						{
							"origin": [-0.58769, -1.87437, 5.25],
							"size": [0.40019, 0.31187, 0.3125],
							"pivot": [-0.1875, -1.875, 5.5625],
							"rotation": [0, 0, 51.25],
							"uv": {
								"north": {"uv": [10, 28], "uv_size": [0.5, 0.25]},
								"east": {"uv": [10, 30], "uv_size": [0.25, 0.25]},
								"south": {"uv": [28, 10], "uv_size": [0.5, 0.25]},
								"west": {"uv": [30, 10], "uv_size": [0.25, 0.25]},
								"up": {"uv": [11, 28], "uv_size": [0.5, 0.25]},
								"down": {"uv": [28, 11.25], "uv_size": [0.5, -0.25]}
							}
						},
						{
							"origin": [-0.4375, -1.3125, 1.5625],
							"size": [0.875, 0.1875, 1.125],
							"pivot": [0.1875, -1.3125, 2.6875],
							"rotation": [-10, 0, 0],
							"uv": {
								"north": {"uv": [23, 14], "uv_size": [1, 0.25]},
								"east": {"uv": [22, 6], "uv_size": [1.25, 0.25]},
								"south": {"uv": [15, 23], "uv_size": [1, 0.25]},
								"west": {"uv": [22, 7], "uv_size": [1.25, 0.25]},
								"up": {"uv": [15, 10], "uv_size": [1, 1.25]},
								"down": {"uv": [16, 5.25], "uv_size": [1, -1.25]}
							}
						},
						{
							"origin": [-0.4375, -1.3125, 3.6875],
							"size": [0.875, 0.25, 0.625],
							"pivot": [0.1875, -1.3125, 3.6875],
							"rotation": [10, 0, 0],
							"uv": {
								"north": {"uv": [23, 15], "uv_size": [1, 0.25]},
								"east": {"uv": [23, 24], "uv_size": [0.75, 0.25]},
								"south": {"uv": [16, 23], "uv_size": [1, 0.25]},
								"west": {"uv": [24, 23], "uv_size": [0.75, 0.25]},
								"up": {"uv": [18, 14], "uv_size": [1, 0.75]},
								"down": {"uv": [18, 15.75], "uv_size": [1, -0.75]}
							}
						},
						{
							"origin": [-0.46875, -0.16291, 0],
							"size": [0.125, 0.38833, 0.875],
							"inflate": 0.0005,
							"uv": {
								"north": {"uv": [12, 28], "uv_size": [0.25, 0.5]},
								"east": {"uv": [14, 20], "uv_size": [1, 0.5]},
								"south": {"uv": [28, 12], "uv_size": [0.25, 0.5]},
								"west": {"uv": [20, 14], "uv_size": [1, 0.5]},
								"up": {"uv": [23, 16], "uv_size": [0.25, 1]},
								"down": {"uv": [17, 24], "uv_size": [0.25, -1]}
							}
						},
						{
							"origin": [-0.46875, -0.16291, 0],
							"size": [0.125, 0.38833, 0.875],
							"pivot": [0, 0.03125, 0.4375],
							"rotation": [0, 0, 45],
							"uv": {
								"north": {"uv": [13, 28], "uv_size": [0.25, 0.5]},
								"east": {"uv": [15, 20], "uv_size": [1, 0.5]},
								"south": {"uv": [28, 13], "uv_size": [0.25, 0.5]},
								"west": {"uv": [20, 15], "uv_size": [1, 0.5]},
								"up": {"uv": [23, 17], "uv_size": [0.25, 1]},
								"down": {"uv": [18, 24], "uv_size": [0.25, -1]}
							}
						},
						{
							"origin": [0.34375, -0.16291, 0],
							"size": [0.125, 0.38833, 0.875],
							"inflate": 0.0005,
							"uv": {
								"north": {"uv": [14, 28], "uv_size": [0.25, 0.5]},
								"east": {"uv": [16, 20], "uv_size": [1, 0.5]},
								"south": {"uv": [28, 14], "uv_size": [0.25, 0.5]},
								"west": {"uv": [20, 16], "uv_size": [1, 0.5]},
								"up": {"uv": [23, 18], "uv_size": [0.25, 1]},
								"down": {"uv": [19, 24], "uv_size": [0.25, -1]}
							}
						},
						{
							"origin": [0.34375, -0.16291, 0],
							"size": [0.125, 0.38833, 0.875],
							"pivot": [0, 0.03125, 0.4375],
							"rotation": [0, 0, 45],
							"uv": {
								"north": {"uv": [15, 28], "uv_size": [0.25, 0.5]},
								"east": {"uv": [17, 20], "uv_size": [1, 0.5]},
								"south": {"uv": [28, 15], "uv_size": [0.25, 0.5]},
								"west": {"uv": [20, 17], "uv_size": [1, 0.5]},
								"up": {"uv": [23, 19], "uv_size": [0.25, 1]},
								"down": {"uv": [20, 24], "uv_size": [0.25, -1]}
							}
						},
						{
							"origin": [0.33593, -0.60594, 0],
							"size": [0.13282, 0.44303, 0.625],
							"inflate": 0.0005,
							"pivot": [0.46875, -0.16291, 0],
							"rotation": [0, 0, 25],
							"uv": {
								"north": {"uv": [16, 28], "uv_size": [0.25, 0.5]},
								"east": {"uv": [21, 21], "uv_size": [0.75, 0.5]},
								"south": {"uv": [28, 16], "uv_size": [0.25, 0.5]},
								"west": {"uv": [0, 22], "uv_size": [0.75, 0.5]},
								"up": {"uv": [24, 24], "uv_size": [0.25, 0.75]},
								"down": {"uv": [0, 25.75], "uv_size": [0.25, -0.75]}
							}
						},
						{
							"origin": [-0.46875, -0.60594, 0],
							"size": [0.13282, 0.44303, 0.625],
							"inflate": 0.0005,
							"pivot": [-0.46875, -0.16291, 0],
							"rotation": [0, 0, -25],
							"uv": {
								"north": {"uv": [17, 28], "uv_size": [0.25, 0.5]},
								"east": {"uv": [22, 0], "uv_size": [0.75, 0.5]},
								"south": {"uv": [28, 17], "uv_size": [0.25, 0.5]},
								"west": {"uv": [1, 22], "uv_size": [0.75, 0.5]},
								"up": {"uv": [25, 0], "uv_size": [0.25, 0.75]},
								"down": {"uv": [1, 25.75], "uv_size": [0.25, -0.75]}
							}
						},
						{
							"origin": [-0.19416, 0.375, 0],
							"size": [0.38833, 0.125, 0.5],
							"inflate": 0.0005,
							"uv": {
								"north": {"uv": [18, 28], "uv_size": [0.5, 0.25]},
								"east": {"uv": [28, 18], "uv_size": [0.5, 0.25]},
								"south": {"uv": [19, 28], "uv_size": [0.5, 0.25]},
								"west": {"uv": [28, 19], "uv_size": [0.5, 0.25]},
								"up": {"uv": [23, 20], "uv_size": [0.5, 0.5]},
								"down": {"uv": [21, 23.5], "uv_size": [0.5, -0.5]}
							}
						},
						{
							"origin": [-0.19416, 0.375, 0],
							"size": [0.38833, 0.125, 0.875],
							"pivot": [0, 0.03125, 0.4375],
							"rotation": [0, 0, 45],
							"uv": {
								"north": {"uv": [20, 28], "uv_size": [0.5, 0.25]},
								"east": {"uv": [23, 21], "uv_size": [1, 0.25]},
								"south": {"uv": [28, 20], "uv_size": [0.5, 0.25]},
								"west": {"uv": [22, 23], "uv_size": [1, 0.25]},
								"up": {"uv": [18, 20], "uv_size": [0.5, 1]},
								"down": {"uv": [20, 19], "uv_size": [0.5, -1]}
							}
						},
						{
							"origin": [-0.19416, -0.4375, 0],
							"size": [0.38833, 0.125, 0.875],
							"pivot": [0, 0.03125, 0.4375],
							"rotation": [0, 0, 45],
							"uv": {
								"north": {"uv": [21, 28], "uv_size": [0.5, 0.25]},
								"east": {"uv": [23, 22], "uv_size": [1, 0.25]},
								"south": {"uv": [28, 21], "uv_size": [0.5, 0.25]},
								"west": {"uv": [23, 23], "uv_size": [1, 0.25]},
								"up": {"uv": [19, 20], "uv_size": [0.5, 1]},
								"down": {"uv": [20, 20], "uv_size": [0.5, -1]}
							}
						},
						{
							"origin": [-0.34375, -1.11114, -0.1875],
							"size": [0.6875, 0.28477, 0.1875],
							"inflate": 0.001,
							"uv": {
								"north": {"uv": [25, 1], "uv_size": [0.75, 0.25]},
								"east": {"uv": [11, 30], "uv_size": [0.25, 0.25]},
								"south": {"uv": [2, 25], "uv_size": [0.75, 0.25]},
								"west": {"uv": [30, 11], "uv_size": [0.25, 0.25]},
								"up": {"uv": [25, 2], "uv_size": [0.75, 0.25]},
								"down": {"uv": [3, 25.25], "uv_size": [0.75, -0.25]}
							}
						},
						{
							"origin": [-0.34375, -1.11114, -0.1875],
							"size": [0.6875, 0.28477, 0.1875],
							"pivot": [0, -0.96875, -0.09375],
							"rotation": [0, 0, 45],
							"uv": {
								"north": {"uv": [25, 3], "uv_size": [0.75, 0.25]},
								"east": {"uv": [12, 30], "uv_size": [0.25, 0.25]},
								"south": {"uv": [25, 4], "uv_size": [0.75, 0.25]},
								"west": {"uv": [30, 12], "uv_size": [0.25, 0.25]},
								"up": {"uv": [25, 5], "uv_size": [0.75, 0.25]},
								"down": {"uv": [25, 6.25], "uv_size": [0.75, -0.25]}
							}
						},
						{
							"origin": [-0.14239, -1.3125, -0.1875],
							"size": [0.28477, 0.6875, 0.1875],
							"inflate": 0.0005,
							"uv": {
								"north": {"uv": [25, 7], "uv_size": [0.25, 0.75]},
								"east": {"uv": [8, 25], "uv_size": [0.25, 0.75]},
								"south": {"uv": [25, 8], "uv_size": [0.25, 0.75]},
								"west": {"uv": [9, 25], "uv_size": [0.25, 0.75]},
								"up": {"uv": [13, 30], "uv_size": [0.25, 0.25]},
								"down": {"uv": [30, 13.25], "uv_size": [0.25, -0.25]}
							}
						},
						{
							"origin": [-0.14239, -1.3125, -0.1875],
							"size": [0.28477, 0.6875, 0.1875],
							"pivot": [0, -0.96875, -0.09375],
							"rotation": [0, 0, 45],
							"uv": {
								"north": {"uv": [25, 9], "uv_size": [0.25, 0.75]},
								"east": {"uv": [10, 25], "uv_size": [0.25, 0.75]},
								"south": {"uv": [25, 10], "uv_size": [0.25, 0.75]},
								"west": {"uv": [11, 25], "uv_size": [0.25, 0.75]},
								"up": {"uv": [14, 30], "uv_size": [0.25, 0.25]},
								"down": {"uv": [30, 14.25], "uv_size": [0.25, -0.25]}
							}
						}
					]
				}
			]
		}
	]
}