{
	"format_version": "1.12.0",
	"minecraft:geometry": [
		{
			"description": {
				"identifier": "geometry.unknown",
				"texture_width": 32,
				"texture_height": 32,
				"visible_bounds_width": 2,
				"visible_bounds_height": 1.5,
				"visible_bounds_offset": [0, 0.25, 0]
			},
			"bones": [
				{
					"name": "bb_main",
					"pivot": [0, 0, 0]
				},
				{
					"name": "bayonet",
					"pivot": [0.125, -1.34375, -14.8125],
					"cubes": [
						{
							"origin": [0.1875, -1.09375, 0.8125],
							"size": [0.25, 0.45501, 0.25],
							"pivot": [0.4375, -1.09375, 0.8125],
							"rotation": [0, 0, -25.9454],
							"uv": {
								"north": {"uv": [8, 19], "uv_size": [0.25, 0.5]},
								"south": {"uv": [19, 8], "uv_size": [0.25, 0.5]},
								"west": {"uv": [9, 19], "uv_size": [0.25, 0.5]}
							}
						},
						{
							"origin": [-0.4375, -1.90625, 0.8125],
							"size": [0.875, 0.8125, 0.25],
							"inflate": 0.002,
							"uv": {
								"north": {"uv": [6, 14], "uv_size": [1, 0.75]},
								"east": {"uv": [17, 18], "uv_size": [0.25, 0.75]},
								"west": {"uv": [18, 17], "uv_size": [0.25, 0.75]}
							}
						},
						{
							"origin": [-0.103, -2.65501, 0.8125],
							"size": [0.26563, 0.375, 0.25],
							"pivot": [0.16262, -2.65501, 0.8125],
							"rotation": [0, 0, 15.71059],
							"uv": {
								"north": {"uv": [19, 9], "uv_size": [0.25, 0.5]},
								"south": {"uv": [10, 19], "uv_size": [0.25, 0.5]},
								"west": {"uv": [19, 10], "uv_size": [0.25, 0.5]}
							}
						},
						{
							"origin": [0, -2.44025, 0.8125],
							"size": [0.4375, 0.534, 0.25],
							"pivot": [0.4375, -1.90625, 0.8125],
							"rotation": [0, 0, 23.05605],
							"uv": {
								"north": {"uv": [16, 14], "uv_size": [0.5, 0.5]},
								"south": {"uv": [17, 1], "uv_size": [0.5, 0.5]},
								"west": {"uv": [11, 19], "uv_size": [0.25, 0.5]}
							}
						},
						{
							"origin": [-0.4375, -2.44025, 0.8125],
							"size": [0.4375, 0.534, 0.25],
							"pivot": [-0.4375, -1.90625, 0.8125],
							"rotation": [0, 0, -23.05605],
							"uv": {
								"north": {"uv": [17, 2], "uv_size": [0.5, 0.5]},
								"east": {"uv": [19, 11], "uv_size": [0.25, 0.5]},
								"south": {"uv": [17, 5], "uv_size": [0.5, 0.5]}
							}
						},
						{
							"origin": [-0.16827, 0.3125, 0.8125],
							"size": [0.33655, 0.09375, 0.25],
							"pivot": [0, 0, 1],
							"rotation": [0, 0, 45],
							"uv": {
								"north": {"uv": [5, 22], "uv_size": [0.25, 0.25]},
								"south": {"uv": [22, 5], "uv_size": [0.25, 0.25]},
								"up": {"uv": [6, 22], "uv_size": [0.25, 0.25]},
								"down": {"uv": [22, 6.25], "uv_size": [0.25, -0.25]}
							}
						},
						{
							"origin": [-0.16827, 0.3125, 0.8125],
							"size": [0.33655, 0.09375, 0.25],
							"uv": {
								"north": {"uv": [7, 22], "uv_size": [0.25, 0.25]},
								"south": {"uv": [22, 7], "uv_size": [0.25, 0.25]},
								"up": {"uv": [8, 22], "uv_size": [0.25, 0.25]},
								"down": {"uv": [22, 8.25], "uv_size": [0.25, -0.25]}
							}
						},
						{
							"origin": [0.3125, -0.16827, 0.8125],
							"size": [0.09375, 0.33655, 0.25],
							"inflate": 0.001,
							"pivot": [0, 0, 1],
							"rotation": [0, 0, 45],
							"uv": {
								"north": {"uv": [9, 22], "uv_size": [0.25, 0.25]},
								"east": {"uv": [22, 9], "uv_size": [0.25, 0.25]},
								"south": {"uv": [10, 22], "uv_size": [0.25, 0.25]}
							}
						},
						{
							"origin": [0.3125, -0.16827, 0.8125],
							"size": [0.09375, 0.33655, 0.25],
							"uv": {
								"north": {"uv": [22, 10], "uv_size": [0.25, 0.25]},
								"east": {"uv": [11, 22], "uv_size": [0.25, 0.25]},
								"south": {"uv": [22, 11], "uv_size": [0.25, 0.25]},
								"west": {"uv": [12, 22], "uv_size": [0.25, 0.25]}
							}
						},
						{
							"origin": [-0.40625, -0.16827, 0.8125],
							"size": [0.09375, 0.33655, 0.25],
							"inflate": 0.001,
							"pivot": [0, 0, 1],
							"rotation": [0, 0, -45],
							"uv": {
								"north": {"uv": [22, 12], "uv_size": [0.25, 0.25]},
								"south": {"uv": [13, 22], "uv_size": [0.25, 0.25]},
								"west": {"uv": [22, 13], "uv_size": [0.25, 0.25]}
							}
						},
						{
							"origin": [-0.40625, -0.16827, 0.8125],
							"size": [0.09375, 0.33655, 0.25],
							"uv": {
								"north": {"uv": [14, 22], "uv_size": [0.25, 0.25]},
								"east": {"uv": [22, 14], "uv_size": [0.25, 0.25]},
								"south": {"uv": [15, 22], "uv_size": [0.25, 0.25]},
								"west": {"uv": [22, 15], "uv_size": [0.25, 0.25]}
							}
						},
						{
							"origin": [-0.16827, 0.3125, 0.8125],
							"size": [0.33655, 0.09375, 0.25],
							"pivot": [0, 0, 1],
							"rotation": [0, 0, -45],
							"uv": {
								"north": {"uv": [16, 22], "uv_size": [0.25, 0.25]},
								"south": {"uv": [22, 16], "uv_size": [0.25, 0.25]},
								"up": {"uv": [17, 22], "uv_size": [0.25, 0.25]},
								"down": {"uv": [22, 17.25], "uv_size": [0.25, -0.25]}
							}
						},
						{
							"origin": [0.3125, -0.56732, 0.8125],
							"size": [0.09375, 0.39905, 0.25],
							"pivot": [0.40625, -0.16827, 0.8125],
							"rotation": [0, 0, 25],
							"uv": {
								"north": {"uv": [12, 19], "uv_size": [0.25, 0.5]},
								"south": {"uv": [19, 12], "uv_size": [0.25, 0.5]},
								"west": {"uv": [13, 19], "uv_size": [0.25, 0.5]}
							}
						},
						{
							"origin": [-0.40625, -0.56732, 0.8125],
							"size": [0.09375, 0.39905, 0.25],
							"pivot": [-0.40625, -0.16827, 0.8125],
							"rotation": [0, 0, -25],
							"uv": {
								"north": {"uv": [19, 13], "uv_size": [0.25, 0.5]},
								"east": {"uv": [14, 19], "uv_size": [0.25, 0.5]},
								"south": {"uv": [19, 14], "uv_size": [0.25, 0.5]}
							}
						},
						{
							"origin": [-0.25, -1.34375, 0.8125],
							"size": [0.5, 1.03125, 0.25],
							"inflate": 0.001,
							"uv": {
								"north": {"uv": [14, 12], "uv_size": [0.5, 1]},
								"east": {"uv": [17, 6], "uv_size": [0.25, 1]},
								"south": {"uv": [14, 13], "uv_size": [0.5, 1]},
								"west": {"uv": [17, 7], "uv_size": [0.25, 1]},
								"up": {"uv": [15, 19], "uv_size": [0.5, 0.25]}
							}
						},
						{
							"origin": [-0.4375, -1.09375, 0.8125],
							"size": [0.25, 0.45501, 0.25],
							"pivot": [-0.4375, -1.09375, 0.8125],
							"rotation": [0, 0, 25.9454],
							"uv": {
								"north": {"uv": [19, 15], "uv_size": [0.25, 0.5]},
								"east": {"uv": [16, 19], "uv_size": [0.25, 0.5]},
								"south": {"uv": [19, 16], "uv_size": [0.25, 0.5]}
							}
						},
						{
							"origin": [0, -3.04999, 0.9375],
							"size": [0.1875, 0.39374, 0.125],
							"pivot": [0.1875, -2.40625, 1.0625],
							"rotation": [0, 0, 5.71059],
							"uv": {
								"north": {"uv": [17, 19], "uv_size": [0.25, 0.5]},
								"south": {"uv": [19, 17], "uv_size": [0.25, 0.5]},
								"west": {"uv": [18, 19], "uv_size": [0.25, 0.5]},
								"down": {"uv": [18, 22.25], "uv_size": [0.25, -0.25]}
							}
						},
						{
							"origin": [-0.05178, -3.2385, 0.76826],
							"size": [0.17678, 0.25, 0.17678],
							"pivot": [0.125, -2.9885, 0.94504],
							"rotation": [-27.23631, 41.64114, -18.88172],
							"uv": {
								"north": {"uv": [22, 18], "uv_size": [0.25, 0.25]},
								"east": {"uv": [19, 22], "uv_size": [0.25, 0.25]},
								"south": {"uv": [22, 19], "uv_size": [0.25, 0.25]},
								"west": {"uv": [20, 22], "uv_size": [0.25, 0.25]},
								"up": {"uv": [22, 20], "uv_size": [0.25, 0.25]}
							}
						},
						{
							"origin": [-0.02488, -2.90501, 0.8125],
							"size": [0.1875, 0.25, 0.125],
							"pivot": [0.16262, -2.65501, 0.8125],
							"rotation": [30, 0, 5.71059],
							"uv": {
								"north": {"uv": [21, 22], "uv_size": [0.25, 0.25]},
								"south": {"uv": [22, 21], "uv_size": [0.25, 0.25]},
								"west": {"uv": [22, 22], "uv_size": [0.25, 0.25]},
								"up": {"uv": [0, 23], "uv_size": [0.25, 0.25]},
								"down": {"uv": [23, 0.25], "uv_size": [0.25, -0.25]}
							}
						},
						{
							"origin": [-0.16262, -2.65501, 0.8125],
							"size": [0.26563, 0.375, 0.25],
							"pivot": [-0.16262, -2.65501, 0.8125],
							"rotation": [0, 0, -15.71059],
							"uv": {
								"north": {"uv": [19, 18], "uv_size": [0.25, 0.5]},
								"east": {"uv": [19, 19], "uv_size": [0.25, 0.5]},
								"south": {"uv": [20, 0], "uv_size": [0.25, 0.5]}
							}
						},
						{
							"origin": [-0.16262, -2.90501, 0.8125],
							"size": [0.1875, 0.25, 0.125],
							"pivot": [-0.16262, -2.65501, 0.8125],
							"rotation": [30, 0, -5.71059],
							"uv": {
								"north": {"uv": [1, 23], "uv_size": [0.25, 0.25]},
								"east": {"uv": [23, 1], "uv_size": [0.25, 0.25]},
								"south": {"uv": [2, 23], "uv_size": [0.25, 0.25]},
								"up": {"uv": [23, 2], "uv_size": [0.25, 0.25]},
								"down": {"uv": [3, 23.25], "uv_size": [0.25, -0.25]}
							}
						},
						{
							"origin": [-0.1875, -3.04999, 0.9375],
							"size": [0.1875, 0.39374, 0.125],
							"pivot": [-0.1875, -2.40625, 1.0625],
							"rotation": [0, 0, -5.71059],
							"uv": {
								"north": {"uv": [20, 1], "uv_size": [0.25, 0.5]},
								"east": {"uv": [20, 2], "uv_size": [0.25, 0.5]},
								"south": {"uv": [20, 3], "uv_size": [0.25, 0.5]},
								"down": {"uv": [23, 3.25], "uv_size": [0.25, -0.25]}
							}
						},
						{
							"origin": [-0.125, -3.70367, 0.85199],
							"size": [0.25, 0.4375, 0.125],
							"pivot": [0.125, -3.26617, 0.97699],
							"rotation": [-40, 0, 0],
							"uv": {
								"north": {"uv": [20, 4], "uv_size": [0.25, 0.5]},
								"east": {"uv": [5, 20], "uv_size": [0.25, 0.5]},
								"south": {"uv": [20, 5], "uv_size": [0.25, 0.5]},
								"west": {"uv": [6, 20], "uv_size": [0.25, 0.5]}
							}
						},
						{
							"origin": [-0.125, -3.97632, 0.57078],
							"size": [0.25, 0.375, 0.125],
							"pivot": [0.125, -3.60132, 0.69578],
							"rotation": [-65, 0, 0],
							"uv": {
								"north": {"uv": [20, 6], "uv_size": [0.25, 0.5]},
								"east": {"uv": [7, 20], "uv_size": [0.25, 0.5]},
								"south": {"uv": [20, 7], "uv_size": [0.25, 0.5]},
								"west": {"uv": [8, 20], "uv_size": [0.25, 0.5]}
							}
						},
						{
							"origin": [-0.125, -4.0723, 0.23091],
							"size": [0.25, 0.3125, 0.125],
							"pivot": [0.125, -3.7598, 0.35591],
							"rotation": [-85, 0, 0],
							"uv": {
								"north": {"uv": [4, 23], "uv_size": [0.25, 0.25]},
								"east": {"uv": [23, 4], "uv_size": [0.25, 0.25]},
								"south": {"uv": [5, 23], "uv_size": [0.25, 0.25]},
								"west": {"uv": [23, 5], "uv_size": [0.25, 0.25]}
							}
						},
						{
							"origin": [-0.125, -4.16204, -0.0804],
							"size": [0.25, 0.375, 0.125],
							"pivot": [0.125, -3.78704, 0.0446],
							"rotation": [-125, 0, 0],
							"uv": {
								"north": {"uv": [20, 8], "uv_size": [0.25, 0.5]},
								"east": {"uv": [9, 20], "uv_size": [0.25, 0.5]},
								"west": {"uv": [20, 9], "uv_size": [0.25, 0.5]}
							}
						},
						{
							"origin": [-0.125, -4.59954, -0.0804],
							"size": [0.25, 0.4375, 0.25],
							"inflate": 0.001,
							"pivot": [0.125, -3.78704, 0.0446],
							"rotation": [-125, 0, 0],
							"uv": {
								"north": {"uv": [10, 20], "uv_size": [0.25, 0.5]},
								"east": {"uv": [20, 10], "uv_size": [0.25, 0.5]},
								"south": {"uv": [11, 20], "uv_size": [0.25, 0.5]},
								"west": {"uv": [20, 11], "uv_size": [0.25, 0.5]}
							}
						},
						{
							"origin": [-0.125, -4.18232, -0.07399],
							"size": [0.25, 0.39528, 0.11859],
							"inflate": 0.001,
							"pivot": [0.125, -3.78704, 0.0446],
							"rotation": [-106.56505, 0, 0],
							"uv": {
								"east": {"uv": [12, 20], "uv_size": [0.25, 0.5]},
								"south": {"uv": [20, 12], "uv_size": [0.25, 0.5]},
								"west": {"uv": [13, 20], "uv_size": [0.25, 0.5]}
							}
						},
						{
							"origin": [-0.125, -3.6109, -0.94266],
							"size": [0.25, 0.1875, 0.25],
							"inflate": 0.002,
							"pivot": [0.125, -3.4234, -0.69266],
							"rotation": [-150, 0, 0],
							"uv": {
								"north": {"uv": [6, 23], "uv_size": [0.25, 0.25]},
								"east": {"uv": [23, 6], "uv_size": [0.25, 0.25]},
								"south": {"uv": [7, 23], "uv_size": [0.25, 0.25]},
								"west": {"uv": [23, 7], "uv_size": [0.25, 0.25]}
							}
						},
						{
							"origin": [-0.125, -3.21414, -0.6949],
							"size": [0.25, 0.26563, 0.125],
							"inflate": 0.001,
							"uv": {
								"east": {"uv": [8, 23], "uv_size": [0.25, 0.25]},
								"south": {"uv": [23, 8], "uv_size": [0.25, 0.25]},
								"west": {"uv": [9, 23], "uv_size": [0.25, 0.25]},
								"up": {"uv": [23, 9], "uv_size": [0.25, 0.25]}
							}
						},
						{
							"origin": [-0.125, -3.27414, -0.6949],
							"size": [0.25, 0.32562, 0.07465],
							"pivot": [0.125, -2.94852, -0.6949],
							"rotation": [-16.3211, 0, 0],
							"uv": {
								"north": {"uv": [10, 23], "uv_size": [0.25, 0.25]},
								"east": {"uv": [23, 10], "uv_size": [0.25, 0.25]},
								"west": {"uv": [11, 23], "uv_size": [0.25, 0.25]}
							}
						},
						{
							"origin": [0.10012, -3.03313, 0.76563],
							"size": [0.0625, 0.37812, 0.17188],
							"pivot": [0.16262, -2.65501, 0.9375],
							"rotation": [0, 45, 5.71059],
							"uv": {
								"north": {"uv": [20, 13], "uv_size": [0.25, 0.5]},
								"east": {"uv": [14, 20], "uv_size": [0.25, 0.5]},
								"south": {"uv": [20, 14], "uv_size": [0.25, 0.5]},
								"west": {"uv": [15, 20], "uv_size": [0.25, 0.5]},
								"down": {"uv": [23, 11.25], "uv_size": [0.25, -0.25]}
							}
						},
						{
							"origin": [-0.125, -3.28125, 0.9375],
							"size": [0.25, 0.25, 0.125],
							"pivot": [0.125, -3.03125, 1.0625],
							"rotation": [-20, 0, 0],
							"uv": {
								"north": {"uv": [12, 23], "uv_size": [0.25, 0.25]},
								"east": {"uv": [23, 12], "uv_size": [0.25, 0.25]},
								"south": {"uv": [13, 23], "uv_size": [0.25, 0.25]},
								"west": {"uv": [23, 13], "uv_size": [0.25, 0.25]},
								"up": {"uv": [14, 23], "uv_size": [0.25, 0.25]}
							}
						},
						{
							"origin": [-0.16262, -3.03313, 0.76563],
							"size": [0.0625, 0.37812, 0.17188],
							"pivot": [-0.16262, -2.65501, 0.9375],
							"rotation": [0, -45, -5.71059],
							"uv": {
								"north": {"uv": [20, 15], "uv_size": [0.25, 0.5]},
								"east": {"uv": [16, 20], "uv_size": [0.25, 0.5]},
								"south": {"uv": [20, 16], "uv_size": [0.25, 0.5]},
								"west": {"uv": [17, 20], "uv_size": [0.25, 0.5]},
								"down": {"uv": [23, 14.25], "uv_size": [0.25, -0.25]}
							}
						},
						{
							"origin": [-0.06736, -2.88499, 0.8125],
							"size": [0.22999, 0.22999, 0.25],
							"pivot": [0.16262, -2.65501, 0.8125],
							"rotation": [0, 0, 45],
							"uv": {
								"north": {"uv": [15, 23], "uv_size": [0.25, 0.25]},
								"south": {"uv": [23, 15], "uv_size": [0.25, 0.25]},
								"west": {"uv": [16, 23], "uv_size": [0.25, 0.25]},
								"down": {"uv": [23, 16.25], "uv_size": [0.25, -0.25]}
							}
						},
						{
							"origin": [-0.05178, -3.62332, 0.70446],
							"size": [0.17678, 0.4375, 0.17678],
							"pivot": [0.125, -3.18582, 0.88124],
							"rotation": [-49.87926, 32.79775, -32.73241],
							"uv": {
								"north": {"uv": [20, 17], "uv_size": [0.25, 0.5]},
								"east": {"uv": [18, 20], "uv_size": [0.25, 0.5]},
								"south": {"uv": [20, 18], "uv_size": [0.25, 0.5]},
								"west": {"uv": [19, 20], "uv_size": [0.25, 0.5]},
								"up": {"uv": [17, 23], "uv_size": [0.25, 0.25]},
								"down": {"uv": [23, 17.25], "uv_size": [0.25, -0.25]}
							}
						},
						{
							"origin": [-0.05178, -3.86303, 0.46617],
							"size": [0.17678, 0.375, 0.17678],
							"pivot": [0.125, -3.48803, 0.64295],
							"rotation": [-71.7511, 17.38772, -42.18626],
							"uv": {
								"north": {"uv": [20, 19], "uv_size": [0.25, 0.5]},
								"east": {"uv": [20, 20], "uv_size": [0.25, 0.5]},
								"south": {"uv": [0, 21], "uv_size": [0.25, 0.5]},
								"west": {"uv": [21, 0], "uv_size": [0.25, 0.5]},
								"up": {"uv": [18, 23], "uv_size": [0.25, 0.25]},
								"down": {"uv": [23, 18.25], "uv_size": [0.25, -0.25]}
							}
						},
						{
							"origin": [-0.05178, -4.07278, 0.16824],
							"size": [0.17678, 0.4375, 0.17678],
							"pivot": [0.125, -3.63528, 0.34502],
							"rotation": [-86.45998, 3.53329, -44.89078],
							"uv": {
								"north": {"uv": [21, 1], "uv_size": [0.25, 0.5]},
								"west": {"uv": [21, 2], "uv_size": [0.25, 0.5]},
								"up": {"uv": [19, 23], "uv_size": [0.25, 0.25]}
							}
						},
						{
							"origin": [-0.46875, -2.09375, 2.8125],
							"size": [0.9375, 1, 0.6875],
							"uv": {
								"east": {"uv": [7, 14], "uv_size": [0.75, 1]},
								"west": {"uv": [8, 14], "uv_size": [0.75, 1]},
								"up": {"uv": [9, 14], "uv_size": [1, 0.75]}
							}
						},
						{
							"origin": [-0.46875, -1.96875, 1.0625],
							"size": [0.9375, 0.875, 1.75],
							"uv": {
								"north": {"uv": [12, 12], "uv_size": [1, 1]},
								"east": {"uv": [5, 11], "uv_size": [1.75, 1]},
								"west": {"uv": [7, 11], "uv_size": [1.75, 1]},
								"up": {"uv": [9, 11], "uv_size": [1, 1.75]},
								"down": {"uv": [10, 12.75], "uv_size": [1, -1.75]}
							}
						},
						{
							"origin": [-0.1875, -2.09375, 3.5],
							"size": [0.375, 0.25, 2.6875],
							"uv": {
								"east": {"uv": [14, 11], "uv_size": [2.75, 0.25]},
								"west": {"uv": [12, 14], "uv_size": [2.75, 0.25]},
								"down": {"uv": [5, 14.75], "uv_size": [0.5, -2.75]}
							}
						},
						{
							"origin": [-0.1875, -2.09375, 5.625],
							"size": [0.375, 0.28125, 0.48714],
							"pivot": [1, -2.09375, 5.625],
							"rotation": [-30, 0, 0],
							"uv": {
								"east": {"uv": [21, 3], "uv_size": [0.5, 0.25]},
								"west": {"uv": [21, 4], "uv_size": [0.5, 0.25]},
								"down": {"uv": [8, 17.5], "uv_size": [0.5, -0.5]}
							}
						},
						{
							"origin": [-0.4375, -1.90625, 6.1875],
							"size": [0.875, 0.4375, 0.375],
							"uv": {
								"east": {"uv": [17, 8], "uv_size": [0.5, 0.5]},
								"south": {"uv": [15, 0], "uv_size": [1, 0.5]},
								"west": {"uv": [9, 17], "uv_size": [0.5, 0.5]}
							}
						},
						{
							"origin": [-0.4375, -1.46875, 6.29733],
							"size": [0.875, 0.53033, 0.26517],
							"inflate": -0.001,
							"pivot": [1, -1.46875, 6.5625],
							"rotation": [45, 0, 0],
							"uv": {
								"east": {"uv": [5, 21], "uv_size": [0.25, 0.5]},
								"south": {"uv": [15, 1], "uv_size": [1, 0.5]},
								"west": {"uv": [21, 5], "uv_size": [0.25, 0.5]}
							}
						},
						{
							"origin": [-0.1875, -2.57593, 6],
							"size": [0.375, 0.1875, 0.375],
							"pivot": [1, -2.23101, 6.375],
							"rotation": [-72.04805, 0, 0],
							"uv": {
								"east": {"uv": [6, 21], "uv_size": [0.5, 0.25]},
								"south": {"uv": [21, 6], "uv_size": [0.5, 0.25]},
								"west": {"uv": [7, 21], "uv_size": [0.5, 0.25]}
							}
						},
						{
							"origin": [-0.21875, -2.09375, 3.47842],
							"size": [0.4375, 0.25, 1.45908],
							"pivot": [0.96875, -2.09375, 4.9375],
							"rotation": [9.86581, 0, 0],
							"uv": {
								"east": {"uv": [15, 15], "uv_size": [1.5, 0.25]},
								"south": {"uv": [21, 7], "uv_size": [0.5, 0.25]},
								"west": {"uv": [16, 0], "uv_size": [1.5, 0.25]},
								"down": {"uv": [10, 15.5], "uv_size": [0.5, -1.5]}
							}
						},
						{
							"origin": [-0.46875, -2.09715, 1.98965],
							"size": [0.9375, 0.25, 0.78175],
							"inflate": 0.001,
							"pivot": [1.03125, -2.34375, 2.8125],
							"rotation": [-9.46232, 0, 0],
							"uv": {
								"east": {"uv": [18, 18], "uv_size": [0.75, 0.25]},
								"west": {"uv": [19, 0], "uv_size": [0.75, 0.25]},
								"down": {"uv": [11, 14.75], "uv_size": [1, -0.75]}
							}
						},
						{
							"origin": [-0.21875, -2.21875, 1],
							"size": [0.4375, 0.375, 0.5625],
							"pivot": [0.96875, -2.21875, 1.5625],
							"rotation": [10, 0, 0],
							"uv": {
								"north": {"uv": [17, 11], "uv_size": [0.5, 0.5]},
								"east": {"uv": [17, 12], "uv_size": [0.5, 0.5]},
								"west": {"uv": [14, 17], "uv_size": [0.5, 0.5]},
								"up": {"uv": [17, 14], "uv_size": [0.5, 0.5]},
								"down": {"uv": [15, 17.5], "uv_size": [0.5, -0.5]}
							}
						},
						{
							"origin": [-0.21875, -2.34375, 2.8125],
							"size": [0.4375, 0.25, 0.6875],
							"uv": {
								"down": {"uv": [16, 1.75], "uv_size": [0.5, -0.75]}
							}
						},
						{
							"origin": [-0.21875, -2.21875, 1.0625],
							"size": [0.4375, 0.25, 1.75],
							"uv": {
								"down": {"uv": [13, 13.75], "uv_size": [0.5, -1.75]}
							}
						},
						{
							"origin": [-0.21875, -2.34375, 2.05215],
							"size": [0.4375, 0.25, 0.76035],
							"pivot": [0.96875, -2.34375, 2.8125],
							"rotation": [-9.46232, 0, 0],
							"uv": {
								"east": {"uv": [19, 1], "uv_size": [0.75, 0.25]},
								"west": {"uv": [19, 2], "uv_size": [0.75, 0.25]},
								"down": {"uv": [16, 2.75], "uv_size": [0.5, -0.75]}
							}
						},
						{
							"origin": [-0.46875, -1.96875, 1.10938],
							"size": [0.9375, 0.125, 0.51563],
							"inflate": 0.001,
							"pivot": [1.03125, -2.21875, 1.5625],
							"rotation": [10, 0, 0],
							"uv": {
								"north": {"uv": [17, 15], "uv_size": [1, 0.25]},
								"east": {"uv": [8, 21], "uv_size": [0.5, 0.25]},
								"west": {"uv": [21, 8], "uv_size": [0.5, 0.25]},
								"down": {"uv": [15, 4.5], "uv_size": [1, -0.5]}
							}
						},
						{
							"origin": [-0.46875, -1.84745, 3.52126],
							"size": [0.9375, 0.25, 1.41624],
							"inflate": 0.002,
							"pivot": [1, -2.09375, 4.9375],
							"rotation": [9.86581, 0, 0],
							"uv": {
								"east": {"uv": [16, 3], "uv_size": [1.5, 0.25]},
								"south": {"uv": [17, 16], "uv_size": [1, 0.25]},
								"west": {"uv": [16, 4], "uv_size": [1.5, 0.25]}
							}
						},
						{
							"origin": [-0.4375, -1.84375, 4.625],
							"size": [0.875, 0.75, 1.5625],
							"uv": {
								"east": {"uv": [7, 12], "uv_size": [1.5, 0.75]},
								"west": {"uv": [12, 11], "uv_size": [1.5, 0.75]},
								"up": {"uv": [11, 11], "uv_size": [1, 1.5]}
							}
						},
						{
							"origin": [-0.4375, -1.84375, 5.5625],
							"size": [0.875, 0.25, 0.54964],
							"inflate": 0.001,
							"pivot": [1, -2.09375, 5.625],
							"rotation": [-30, 0, 0],
							"uv": {
								"north": {"uv": [17, 17], "uv_size": [1, 0.25]},
								"east": {"uv": [9, 21], "uv_size": [0.5, 0.25]},
								"south": {"uv": [18, 0], "uv_size": [1, 0.25]},
								"west": {"uv": [21, 9], "uv_size": [0.5, 0.25]},
								"down": {"uv": [5, 15.5], "uv_size": [1, -0.5]}
							}
						},
						{
							"origin": [-0.4375, -2.38843, 6],
							"size": [0.875, 0.15742, 0.375],
							"pivot": [1, -2.23101, 6.375],
							"rotation": [-72.04805, 0, 0],
							"uv": {
								"east": {"uv": [10, 21], "uv_size": [0.5, 0.25]},
								"south": {"uv": [18, 1], "uv_size": [1, 0.25]},
								"west": {"uv": [21, 10], "uv_size": [0.5, 0.25]},
								"down": {"uv": [15, 5.5], "uv_size": [1, -0.5]}
							}
						},
						{
							"origin": [0.21875, -2.21875, 1.10938],
							"size": [0.35355, 0.25, 0.51563],
							"pivot": [0.21875, -2.21875, 1.5625],
							"rotation": [7.10708, 7.05302, -44.56145],
							"uv": {
								"north": {"uv": [23, 19], "uv_size": [0.25, 0.25]},
								"east": {"uv": [11, 21], "uv_size": [0.5, 0.25]},
								"south": {"uv": [20, 23], "uv_size": [0.25, 0.25]},
								"west": {"uv": [21, 11], "uv_size": [0.5, 0.25]},
								"up": {"uv": [12, 21], "uv_size": [0.25, 0.5]},
								"down": {"uv": [21, 12.5], "uv_size": [0.25, -0.5]}
							}
						},
						{
							"origin": [0.21875, -2.34375, 1.98965],
							"size": [0.35116, 0.25, 0.82285],
							"pivot": [0.21875, -2.34375, 2.8125],
							"rotation": [-6.76683, -6.6295, -44.21518],
							"uv": {
								"up": {"uv": [19, 3], "uv_size": [0.25, 0.75]},
								"down": {"uv": [19, 4.75], "uv_size": [0.25, -0.75]}
							}
						},
						{
							"origin": [0.21875, -2.21875, 1.5],
							"size": [0.35355, 0.25, 1.3125],
							"pivot": [0.21875, -2.21875, 2.8125],
							"rotation": [0, 0, -45],
							"uv": {
								"north": {"uv": [23, 20], "uv_size": [0.25, 0.25]},
								"south": {"uv": [21, 23], "uv_size": [0.25, 0.25]},
								"down": {"uv": [10, 17.25], "uv_size": [0.25, -1.25]}
							}
						},
						{
							"origin": [0.1875, -2.33732, 5.79687],
							"size": [0.3125, 0.1875, 0.25],
							"pivot": [0.1875, -2.33732, 6.04687],
							"rotation": [-67.9525, -34.80528, -13.01611],
							"uv": {
								"south": {"uv": [23, 21], "uv_size": [0.25, 0.25]},
								"up": {"uv": [22, 23], "uv_size": [0.25, 0.25]},
								"down": {"uv": [23, 22.25], "uv_size": [0.25, -0.25]}
							}
						},
						{
							"origin": [0.1875, -2.33732, 5.49724],
							"size": [0.35355, 0.25, 0.54964],
							"pivot": [0.1875, -2.33732, 6.04687],
							"rotation": [-22.20765, -20.70481, -40.89339],
							"uv": {
								"north": {"uv": [23, 23], "uv_size": [0.25, 0.25]},
								"east": {"uv": [13, 21], "uv_size": [0.5, 0.25]},
								"south": {"uv": [0, 24], "uv_size": [0.25, 0.25]},
								"west": {"uv": [21, 13], "uv_size": [0.5, 0.25]},
								"up": {"uv": [14, 21], "uv_size": [0.25, 0.5]},
								"down": {"uv": [21, 14.5], "uv_size": [0.25, -0.5]}
							}
						},
						{
							"origin": [0.1875, -2.09375, 4.875],
							"size": [0.35355, 0.25, 1.3125],
							"pivot": [0.1875, -2.09375, 6.1875],
							"rotation": [0, 0, -45],
							"uv": {
								"north": {"uv": [24, 0], "uv_size": [0.25, 0.25]},
								"south": {"uv": [1, 24], "uv_size": [0.25, 0.25]},
								"down": {"uv": [11, 17.25], "uv_size": [0.25, -1.25]}
							}
						},
						{
							"origin": [0.21875, -2.09375, 3.47842],
							"size": [0.35095, 0.25, 1.45908],
							"pivot": [0.21875, -2.09375, 4.9375],
							"rotation": [7.06226, 6.90657, -44.14649],
							"uv": {
								"south": {"uv": [24, 1], "uv_size": [0.25, 0.25]},
								"up": {"uv": [5, 16], "uv_size": [0.25, 1.5]},
								"down": {"uv": [16, 6.5], "uv_size": [0.25, -1.5]}
							}
						},
						{
							"origin": [0.21875, -2.34375, 2.8125],
							"size": [0.35355, 0.25, 0.6875],
							"pivot": [0.21875, -2.34375, 3.5],
							"rotation": [0, 0, -45],
							"uv": {
								"north": {"uv": [2, 24], "uv_size": [0.25, 0.25]},
								"south": {"uv": [24, 2], "uv_size": [0.25, 0.25]},
								"down": {"uv": [5, 19.75], "uv_size": [0.25, -0.75]}
							}
						},
						{
							"origin": [-0.5, -2.33732, 5.79687],
							"size": [0.3125, 0.1875, 0.25],
							"pivot": [-0.1875, -2.33732, 6.04687],
							"rotation": [-67.9525, 34.80528, 13.01611],
							"uv": {
								"south": {"uv": [3, 24], "uv_size": [0.25, 0.25]},
								"up": {"uv": [24, 3], "uv_size": [0.25, 0.25]},
								"down": {"uv": [4, 24.25], "uv_size": [0.25, -0.25]}
							}
						},
						{
							"origin": [-0.54105, -2.33732, 5.49724],
							"size": [0.35355, 0.25, 0.54964],
							"pivot": [-0.1875, -2.33732, 6.04687],
							"rotation": [-22.20765, 20.70481, 40.89339],
							"uv": {
								"north": {"uv": [24, 4], "uv_size": [0.25, 0.25]},
								"east": {"uv": [15, 21], "uv_size": [0.5, 0.25]},
								"south": {"uv": [5, 24], "uv_size": [0.25, 0.25]},
								"west": {"uv": [21, 15], "uv_size": [0.5, 0.25]},
								"up": {"uv": [16, 21], "uv_size": [0.25, 0.5]},
								"down": {"uv": [21, 16.5], "uv_size": [0.25, -0.5]}
							}
						},
						{
							"origin": [-0.54105, -2.09375, 4.875],
							"size": [0.35355, 0.25, 1.3125],
							"pivot": [-0.1875, -2.09375, 6.1875],
							"rotation": [0, 0, 45],
							"uv": {
								"north": {"uv": [24, 5], "uv_size": [0.25, 0.25]},
								"south": {"uv": [6, 24], "uv_size": [0.25, 0.25]},
								"down": {"uv": [12, 17.25], "uv_size": [0.25, -1.25]}
							}
						},
						{
							"origin": [-0.5697, -2.09375, 3.47842],
							"size": [0.35095, 0.25, 1.45908],
							"pivot": [-0.21875, -2.09375, 4.9375],
							"rotation": [7.06226, -6.90657, 44.14649],
							"uv": {
								"south": {"uv": [24, 6], "uv_size": [0.25, 0.25]},
								"up": {"uv": [6, 16], "uv_size": [0.25, 1.5]},
								"down": {"uv": [7, 17.5], "uv_size": [0.25, -1.5]}
							}
						},
						{
							"origin": [-0.5723, -2.34375, 2.8125],
							"size": [0.35355, 0.25, 0.6875],
							"pivot": [-0.21875, -2.34375, 3.5],
							"rotation": [0, 0, 45],
							"uv": {
								"north": {"uv": [7, 24], "uv_size": [0.25, 0.25]},
								"south": {"uv": [24, 7], "uv_size": [0.25, 0.25]},
								"down": {"uv": [19, 5.75], "uv_size": [0.25, -0.75]}
							}
						},
						{
							"origin": [-0.5723, -2.21875, 1.5],
							"size": [0.35355, 0.25, 1.3125],
							"pivot": [-0.21875, -2.21875, 2.8125],
							"rotation": [0, 0, 45],
							"uv": {
								"north": {"uv": [8, 24], "uv_size": [0.25, 0.25]},
								"south": {"uv": [24, 8], "uv_size": [0.25, 0.25]},
								"down": {"uv": [13, 17.25], "uv_size": [0.25, -1.25]}
							}
						},
						{
							"origin": [-0.56991, -2.34375, 1.98965],
							"size": [0.35116, 0.25, 0.82285],
							"pivot": [-0.21875, -2.34375, 2.8125],
							"rotation": [-6.76683, 6.6295, 44.21518],
							"uv": {
								"up": {"uv": [6, 19], "uv_size": [0.25, 0.75]},
								"down": {"uv": [19, 6.75], "uv_size": [0.25, -0.75]}
							}
						},
						{
							"origin": [-0.5723, -2.21875, 1.10938],
							"size": [0.35355, 0.25, 0.51563],
							"pivot": [-0.21875, -2.21875, 1.5625],
							"rotation": [7.10708, -7.05302, 44.56145],
							"uv": {
								"north": {"uv": [9, 24], "uv_size": [0.25, 0.25]},
								"east": {"uv": [17, 21], "uv_size": [0.5, 0.25]},
								"south": {"uv": [24, 9], "uv_size": [0.25, 0.25]},
								"west": {"uv": [21, 17], "uv_size": [0.5, 0.25]},
								"up": {"uv": [18, 21], "uv_size": [0.25, 0.5]},
								"down": {"uv": [21, 18.5], "uv_size": [0.25, -0.5]}
							}
						},
						{
							"origin": [-0.46875, -1.84375, 3.5],
							"size": [0.9375, 0.75, 1.125],
							"inflate": 0.001,
							"uv": {
								"east": {"uv": [9, 13], "uv_size": [1.25, 0.75]},
								"west": {"uv": [11, 13], "uv_size": [1.25, 0.75]},
								"up": {"uv": [6, 12], "uv_size": [1, 1.25]}
							}
						},
						{
							"origin": [-0.46875, -1.65312, 4.375],
							"size": [0.9375, 0.55937, 0.25],
							"pivot": [0.40625, -1.09375, 4.625],
							"rotation": [23.99389, 0, 0],
							"uv": {
								"east": {"uv": [19, 21], "uv_size": [0.25, 0.5]},
								"south": {"uv": [6, 15], "uv_size": [1, 0.5]},
								"west": {"uv": [21, 19], "uv_size": [0.25, 0.5]}
							}
						},
						{
							"origin": [-0.4375, -2.28125, 6.3125],
							"size": [0.875, 0.375, 0.25],
							"inflate": 0.001,
							"pivot": [1, -1.90625, 6.5625],
							"rotation": [-30, 0, 0],
							"uv": {
								"east": {"uv": [20, 21], "uv_size": [0.25, 0.5]},
								"south": {"uv": [7, 15], "uv_size": [1, 0.5]},
								"west": {"uv": [21, 20], "uv_size": [0.25, 0.5]}
							}
						},
						{
							"origin": [0.4375, -1.90625, 5.875],
							"size": [0.1875, 0.3125, 0.3125],
							"pivot": [-0.125, -1.78125, 6.0625],
							"rotation": [-45, 0, 0],
							"uv": {
								"north": {"uv": [10, 24], "uv_size": [0.25, 0.25]},
								"east": {"uv": [24, 10], "uv_size": [0.25, 0.25]},
								"south": {"uv": [11, 24], "uv_size": [0.25, 0.25]},
								"west": {"uv": [24, 11], "uv_size": [0.25, 0.25]},
								"up": {"uv": [12, 24], "uv_size": [0.25, 0.25]},
								"down": {"uv": [24, 12.25], "uv_size": [0.25, -0.25]}
							}
						},
						{
							"origin": [-0.5, -1.71875, 3.9375],
							"size": [1, 0.25, 0.25],
							"pivot": [-0.03125, -1.59375, 4.0625],
							"rotation": [-45, 0, 0],
							"uv": {
								"north": {"uv": [18, 2], "uv_size": [1, 0.25]},
								"east": {"uv": [13, 24], "uv_size": [0.25, 0.25]},
								"south": {"uv": [18, 3], "uv_size": [1, 0.25]},
								"west": {"uv": [24, 13], "uv_size": [0.25, 0.25]},
								"up": {"uv": [18, 4], "uv_size": [1, 0.25]},
								"down": {"uv": [5, 18.25], "uv_size": [1, -0.25]}
							}
						},
						{
							"origin": [-0.5, -1.71875, 1.6875],
							"size": [1, 0.25, 0.25],
							"pivot": [-0.03125, -1.59375, 1.8125],
							"rotation": [-45, 0, 0],
							"uv": {
								"north": {"uv": [18, 5], "uv_size": [1, 0.25]},
								"east": {"uv": [14, 24], "uv_size": [0.25, 0.25]},
								"south": {"uv": [6, 18], "uv_size": [1, 0.25]},
								"west": {"uv": [24, 14], "uv_size": [0.25, 0.25]},
								"up": {"uv": [18, 6], "uv_size": [1, 0.25]},
								"down": {"uv": [7, 18.25], "uv_size": [1, -0.25]}
							}
						},
						{
							"origin": [-0.125, -1.15625, -14.8125],
							"size": [0.25, 0.125, 14.625],
							"inflate": 0.001,
							"uv": {
								"east": {"uv": [0, 4], "uv_size": [14.75, 0.25]},
								"west": {"uv": [0, 5], "uv_size": [14.75, 0.25]},
								"up": {"uv": [0, 6], "uv_size": [0.25, 14.75]}
							}
						},
						{
							"origin": [-0.125, -2.09375, -0.1875],
							"size": [0.25, 1.0625, 1],
							"uv": {
								"north": {"uv": [18, 7], "uv_size": [0.25, 1]},
								"east": {"uv": [7, 13], "uv_size": [1, 1]},
								"south": {"uv": [8, 18], "uv_size": [0.25, 1]},
								"west": {"uv": [8, 13], "uv_size": [1, 1]},
								"up": {"uv": [18, 8], "uv_size": [0.25, 1]},
								"down": {"uv": [9, 19], "uv_size": [0.25, -1]}
							}
						},
						{
							"origin": [-0.125, -1.15625, -0.6875],
							"size": [0.25, 0.125, 0.5625],
							"inflate": 0.001,
							"pivot": [1.875, -1.15625, -0.6875],
							"rotation": [-10, 0, 0],
							"uv": {
								"east": {"uv": [21, 21], "uv_size": [0.5, 0.25]},
								"west": {"uv": [0, 22], "uv_size": [0.5, 0.25]},
								"down": {"uv": [22, 0.5], "uv_size": [0.25, -0.5]}
							}
						},
						{
							"origin": [-0.125, -2.09375, -0.19455],
							"size": [0.25, 0.54571, 0.13205],
							"inflate": 0.001,
							"pivot": [1.875, -2.09375, -0.1875],
							"rotation": [12.5, 0, 0],
							"uv": {
								"north": {"uv": [1, 22], "uv_size": [0.25, 0.5]},
								"east": {"uv": [22, 1], "uv_size": [0.25, 0.5]},
								"west": {"uv": [2, 22], "uv_size": [0.25, 0.5]},
								"up": {"uv": [15, 24], "uv_size": [0.25, 0.25]},
								"down": {"uv": [24, 15.25], "uv_size": [0.25, -0.25]}
							}
						},
						{
							"origin": [0, -1.97651, -15.18112],
							"size": [0.125, 0.48513, 1.64063],
							"pivot": [0.125, -1.49138, -15.18112],
							"rotation": [-2.41569, 0.64397, 14.91784],
							"uv": {
								"west": {"uv": [14, 2], "uv_size": [1.75, 0.5]}
							}
						},
						{
							"origin": [0, -2.04914, -13.5625],
							"size": [0.125, 0.48664, 13.375],
							"pivot": [0.125, -1.5625, -13.5625],
							"rotation": [-0.00086, 0.00011, 14.88413],
							"uv": {
								"west": {"uv": [0, 2], "uv_size": [13.5, 0.5]}
							}
						},
						{
							"origin": [-0.125, -2.04914, -13.5625],
							"size": [0.125, 0.48664, 13.375],
							"pivot": [-0.125, -1.5625, -13.5625],
							"rotation": [-0.00086, -0.00011, -14.88413],
							"uv": {
								"east": {"uv": [0, 3], "uv_size": [13.5, 0.5]}
							}
						},
						{
							"origin": [-0.125, -1.53125, -15.1875],
							"size": [0.25, 0.5, 0.375],
							"inflate": 0.001,
							"uv": {
								"east": {"uv": [10, 18], "uv_size": [0.5, 0.5]},
								"south": {"uv": [22, 2], "uv_size": [0.25, 0.5]},
								"west": {"uv": [11, 18], "uv_size": [0.5, 0.5]},
								"up": {"uv": [22, 3], "uv_size": [0.25, 0.5]}
							}
						},
						{
							"origin": [-0.125, -1.97651, -15.18112],
							"size": [0.125, 0.48513, 1.64063],
							"pivot": [-0.125, -1.49138, -15.18112],
							"rotation": [-2.41569, -0.64397, -14.91784],
							"uv": {
								"east": {"uv": [14, 3], "uv_size": [1.75, 0.5]}
							}
						},
						{
							"origin": [-0.125, -1.22765, -16.90927],
							"size": [0.25, 0.1964, 1.72177],
							"inflate": 0.002,
							"uv": {
								"north": {"uv": [16, 24], "uv_size": [0.25, 0.25]},
								"east": {"uv": [15, 12], "uv_size": [1.75, 0.25]},
								"west": {"uv": [13, 15], "uv_size": [1.75, 0.25]},
								"up": {"uv": [15, 13], "uv_size": [0.25, 1.75]}
							}
						},
						{
							"origin": [-0.125, -1.53125, -16.07812],
							"size": [0.25, 0.301, 0.89063],
							"inflate": 0.001,
							"pivot": [0.125, -1.53125, -15.1875],
							"rotation": [-7.5, 0, 0],
							"uv": {
								"north": {"uv": [24, 16], "uv_size": [0.25, 0.25]},
								"east": {"uv": [18, 11], "uv_size": [1, 0.25]},
								"west": {"uv": [12, 18], "uv_size": [1, 0.25]}
							}
						},
						{
							"origin": [-0.125, -1.41704, -16.93001],
							"size": [0.25, 0.1875, 0.875],
							"pivot": [0.125, -1.41704, -16.05501],
							"rotation": [-12.5, 0, 0],
							"uv": {
								"east": {"uv": [18, 12], "uv_size": [1, 0.25]},
								"west": {"uv": [13, 18], "uv_size": [1, 0.25]}
							}
						},
						{
							"origin": [0, -1.97579, -16.10063],
							"size": [0.125, 0.44454, 0.95511],
							"pivot": [0.125, -1.53125, -15.1875],
							"rotation": [-7.20064, 2.10336, 16.19873],
							"uv": {
								"west": {"uv": [8, 15], "uv_size": [1, 0.5]}
							}
						},
						{
							"origin": [0, -1.86321, -16.93001],
							"size": [0.125, 0.44617, 0.8742],
							"pivot": [0.125, -1.41704, -16.05501],
							"rotation": [-12.01425, 3.47641, 15.90377],
							"uv": {
								"west": {"uv": [8, 16], "uv_size": [0.75, 0.5]}
							}
						},
						{
							"origin": [-0.125, -1.97579, -16.10063],
							"size": [0.125, 0.44454, 0.95511],
							"pivot": [-0.125, -1.53125, -15.1875],
							"rotation": [-7.20064, -2.10336, -16.19873],
							"uv": {
								"east": {"uv": [9, 15], "uv_size": [1, 0.5]}
							}
						},
						{
							"origin": [-0.125, -1.86321, -16.93001],
							"size": [0.125, 0.44617, 0.8742],
							"pivot": [-0.125, -1.41704, -16.05501],
							"rotation": [-12.01425, -3.47641, -15.90377],
							"uv": {
								"east": {"uv": [9, 16], "uv_size": [0.75, 0.5]}
							}
						},
						{
							"origin": [0.0625, -1.10265, -17.9791],
							"size": [0.0625, 0.0714, 1.06983],
							"inflate": 0.001,
							"pivot": [0.125, -1.03125, -16.90927],
							"rotation": [0, 6.70984, 0],
							"uv": {
								"west": {"uv": [18, 13], "uv_size": [1, 0.25]}
							}
						},
						{
							"origin": [0, -1.64581, -18.11382],
							"size": [0.06206, 0.0625, 1.11184],
							"inflate": 0.001,
							"pivot": [0, -1.64581, -17.00198],
							"rotation": [-28.17973, -8.1903, -14.89122],
							"uv": {
								"east": {"uv": [14, 18], "uv_size": [1, 0.25]}
							}
						},
						{
							"origin": [-0.125, -1.10265, -17.9791],
							"size": [0.0625, 0.0714, 1.06983],
							"inflate": 0.001,
							"pivot": [-0.125, -1.03125, -16.90927],
							"rotation": [0, -6.70984, 0],
							"uv": {
								"east": {"uv": [18, 14], "uv_size": [1, 0.25]}
							}
						},
						{
							"origin": [0.0625, -1.09375, -17.71348],
							"size": [0.0625, 0.0625, 0.8042],
							"pivot": [0.125, -1.03125, -16.90927],
							"rotation": [0, 6.70984, 0],
							"uv": {
								"up": {"uv": [7, 19], "uv_size": [0.25, 0.75]}
							}
						},
						{
							"origin": [-0.125, -1.09375, -17.71348],
							"size": [0.0625, 0.0625, 0.8042],
							"pivot": [-0.125, -1.03125, -16.90927],
							"rotation": [0, -6.70984, 0],
							"uv": {
								"up": {"uv": [19, 7], "uv_size": [0.25, 0.75]}
							}
						},
						{
							"origin": [-0.06293, -1.09375, -17.44224],
							"size": [0.12586, 0.0625, 0.54026],
							"uv": {
								"up": {"uv": [22, 4], "uv_size": [0.25, 0.5]}
							}
						},
						{
							"origin": [-0.05164, -1.56256, -13.5625],
							"size": [0.17678, 0.17678, 13.375],
							"pivot": [0.125, -1.5627, -0.1875],
							"rotation": [0, 0, -45],
							"uv": {
								"north": {"uv": [17, 24], "uv_size": [0.25, 0.25]},
								"east": {"uv": [3, 7], "uv_size": [13.25, 0.25]},
								"west": {"uv": [3, 8], "uv_size": [13.25, 0.25]},
								"up": {"uv": [3, 9], "uv_size": [0.25, 13.25]},
								"down": {"uv": [4, 22.25], "uv_size": [0.25, -13.25]}
							}
						},
						{
							"origin": [-0.05178, -1.5625, -14.8125],
							"size": [0.17678, 0.17678, 1.25],
							"pivot": [0.125, -1.5625, -13.5625],
							"rotation": [-1.7795, -1.77864, -44.97238],
							"uv": {
								"north": {"uv": [24, 17], "uv_size": [0.25, 0.25]},
								"east": {"uv": [16, 13], "uv_size": [1.25, 0.25]},
								"south": {"uv": [18, 24], "uv_size": [0.25, 0.25]},
								"west": {"uv": [14, 16], "uv_size": [1.25, 0.25]},
								"up": {"uv": [16, 16], "uv_size": [0.25, 1.25]}
							}
						},
						{
							"origin": [-0.05178, -1.33303, -14.8125],
							"size": [0.17678, 0.17678, 14.625],
							"pivot": [0.125, -1.15625, -14.8125],
							"rotation": [0, 0, 45],
							"uv": {
								"west": {"uv": [1, 6], "uv_size": [14.75, 0.25]},
								"down": {"uv": [1, 21.75], "uv_size": [0.25, -14.75]}
							}
						},
						{
							"origin": [-0.0625, -1.53125, -14.8125],
							"size": [0.125, 0.375, 14.625],
							"uv": {
								"east": {"uv": [0, 0], "uv_size": [14.75, 0.5]},
								"west": {"uv": [0, 1], "uv_size": [14.75, 0.5]},
								"down": {"uv": [2, 21.75], "uv_size": [0.25, -14.75]}
							}
						},
						{
							"origin": [-0.125, -1.15625, -14.875],
							"size": [0.25, 0.125, 0.3125],
							"pivot": [0.125, -1.15625, -14.5625],
							"rotation": [20, 0, 0],
							"uv": {
								"east": {"uv": [24, 18], "uv_size": [0.25, 0.25]},
								"west": {"uv": [19, 24], "uv_size": [0.25, 0.25]},
								"down": {"uv": [9.75, 25.5625], "uv_size": [-0.25, -0.3125]}
							}
						},
						{
							"origin": [-0.125, -1.58571, -14.94508],
							"size": [0.25, 0.24196, 0.13258],
							"pivot": [0.125, -1.34375, -14.8125],
							"rotation": [45, 0, 0],
							"uv": {
								"east": {"uv": [24, 19], "uv_size": [0.25, 0.25]},
								"south": {"uv": [20, 24], "uv_size": [0.25, 0.25]},
								"west": {"uv": [24, 20], "uv_size": [0.25, 0.25]}
							}
						},
						{
							"origin": [-0.125, -2.09528, -13.56265],
							"size": [0.125, 0.25, 13.36827],
							"pivot": [0, -2.09528, -0.19439],
							"rotation": [-0.26066, 0.06116, 13.20526],
							"uv": {
								"west": {"uv": [5, 9], "uv_size": [13.25, 0.25]}
							}
						},
						{
							"origin": [0, -2.09528, -13.56265],
							"size": [0.125, 0.25, 13.36827],
							"pivot": [0, -2.09528, -0.19439],
							"rotation": [-0.26066, -0.06116, -13.20526],
							"uv": {
								"east": {"uv": [5, 10], "uv_size": [13.25, 0.25]}
							}
						},
						{
							"origin": [-0.06206, -1.64581, -18.11382],
							"size": [0.06206, 0.05376, 1.11184],
							"inflate": 0.001,
							"pivot": [0, -1.64581, -17.00198],
							"rotation": [-28.17973, 8.1903, 14.89122],
							"uv": {
								"west": {"uv": [15, 18], "uv_size": [1, 0.25]}
							}
						},
						{
							"origin": [-0.0625, -1.10265, -17.97177],
							"size": [0.0625, 0.1339, 1.07711],
							"pivot": [0, -1.10265, -17.97177],
							"rotation": [-6.66429, 6.70984, 0],
							"uv": {
								"west": {"uv": [17.5, 24.25], "uv_size": [1.5, 0.5]}
							}
						},
						{
							"origin": [0, -1.10265, -17.97177],
							"size": [0.0625, 0.1339, 1.07711],
							"pivot": [0, -1.10265, -17.97177],
							"rotation": [-6.66429, -6.70984, 0],
							"uv": {
								"east": {"uv": [17.5, 25.25], "uv_size": [1.5, 0.5]}
							}
						},
						{
							"origin": [-0.04639, -1.50203, -17.94691],
							"size": [0.06206, 0.44438, 1.05714],
							"pivot": [0.01567, -1.05765, -17.94691],
							"rotation": [-7.40273, 8.1903, 14.89122],
							"uv": {
								"west": {"uv": [12, 24.5], "uv_size": [2.25, 2.5]}
							}
						},
						{
							"origin": [-0.01567, -1.50203, -17.94691],
							"size": [0.06206, 0.44438, 1.05714],
							"pivot": [-0.01567, -1.05765, -17.94691],
							"rotation": [-7.40273, -8.1903, -14.89122],
							"uv": {
								"east": {"uv": [14.5, 24.5], "uv_size": [2.25, 2.5]}
							}
						}
					]
				}
			]
		}
	]
}