{
	"format_version": "1.12.0",
	"minecraft:geometry": [
		{
			"description": {
				"identifier": "geometry.unknown",
				"texture_width": 32,
				"texture_height": 32,
				"visible_bounds_width": 2,
				"visible_bounds_height": 1.5,
				"visible_bounds_offset": [0, 0.25, 0]
			},
			"bones": [
				{
					"name": "bayonet",
					"pivot": [0, -2, -0.8125],
					"cubes": [
						{
							"origin": [-0.1875, -1.8125, -0.6875],
							"size": [0.375, 1.3125, 0.9375],
							"inflate": 0.001,
							"uv": {
								"north": {"uv": [21, 15], "uv_size": [0.5, 1.25]},
								"east": {"uv": [17, 0], "uv_size": [1, 1.25]},
								"south": {"uv": [16, 21], "uv_size": [0.5, 1.25]},
								"west": {"uv": [17, 13], "uv_size": [1, 1.25]},
								"up": {"uv": [0, 22], "uv_size": [0.5, 1]},
								"down": {"uv": [4, 23], "uv_size": [0.5, -1]}
							}
						},
						{
							"origin": [-0.3125, -1.75, 0.625],
							"size": [0.625, 1.1875, 3.625],
							"inflate": 0.0005,
							"uv": {
								"north": {"uv": [18, 17], "uv_size": [0.75, 1.25]},
								"east": {"uv": [13, 0], "uv_size": [3.75, 1.25]},
								"south": {"uv": [4, 19], "uv_size": [0.75, 1.25]},
								"west": {"uv": [1, 13], "uv_size": [3.75, 1.25]},
								"up": {"uv": [13, 2], "uv_size": [0.75, 3.75]},
								"down": {"uv": [13, 9.75], "uv_size": [0.75, -3.75]}
							}
						},
						{
							"origin": [-0.375, -1.4375, 1.25],
							"size": [0.75, 0.375, 0.375],
							"pivot": [0, -1.25, 1.4375],
							"rotation": [-45, 0, 0],
							"uv": {
								"north": {"uv": [4, 23], "uv_size": [0.75, 0.5]},
								"east": {"uv": [25, 0], "uv_size": [0.5, 0.5]},
								"south": {"uv": [23, 6], "uv_size": [0.75, 0.5]},
								"west": {"uv": [1, 25], "uv_size": [0.5, 0.5]},
								"up": {"uv": [23, 7], "uv_size": [0.75, 0.5]},
								"down": {"uv": [23, 8.5], "uv_size": [0.75, -0.5]}
							}
						},
						{
							"origin": [-0.375, -1.5, 3.6875],
							"size": [0.75, 0.375, 0.375],
							"pivot": [0, -1.3125, 3.875],
							"rotation": [-45, 0, 0],
							"uv": {
								"north": {"uv": [23, 9], "uv_size": [0.75, 0.5]},
								"east": {"uv": [25, 1], "uv_size": [0.5, 0.5]},
								"south": {"uv": [23, 12], "uv_size": [0.75, 0.5]},
								"west": {"uv": [2, 25], "uv_size": [0.5, 0.5]},
								"up": {"uv": [23, 13], "uv_size": [0.75, 0.5]},
								"down": {"uv": [14, 23.5], "uv_size": [0.75, -0.5]}
							}
						},
						{
							"origin": [-0.25, -1.625, 4.25],
							"size": [0.5, 1.0625, 2],
							"inflate": 0.001,
							"uv": {
								"north": {"uv": [22, 6], "uv_size": [0.5, 1]},
								"east": {"uv": [14, 4], "uv_size": [2, 1]},
								"south": {"uv": [22, 7], "uv_size": [0.5, 1]},
								"west": {"uv": [14, 5], "uv_size": [2, 1]},
								"up": {"uv": [18, 4], "uv_size": [1, 2]},
								"down": {"uv": [18, 15], "uv_size": [0.5, -2]}
							}
						},
						{
							"origin": [-0.25, -1.8125, 6.08298],
							"size": [0.5, 0.75, 0.41702],
							"pivot": [0.25, -1.8125, 6.5],
							"rotation": [47.5, 0, 0],
							"uv": {
								"north": {"uv": [23, 14], "uv_size": [0.5, 0.75]},
								"east": {"uv": [23, 15], "uv_size": [0.5, 0.75]},
								"south": {"uv": [16, 23], "uv_size": [0.5, 0.75]},
								"west": {"uv": [23, 18], "uv_size": [0.5, 0.75]},
								"up": {"uv": [25, 2], "uv_size": [0.5, 0.5]},
								"down": {"uv": [3, 25.5], "uv_size": [0.5, -0.5]}
							}
						},
						{
							"origin": [-0.25, -1.8125, 5.93038],
							"size": [0.5, 0.2247, 0.56962],
							"inflate": 0.0005,
							"pivot": [0.25, -1.8125, 6.5],
							"rotation": [64, 0, 0],
							"uv": {
								"north": {"uv": [19, 26], "uv_size": [0.5, 0.25]},
								"east": {"uv": [26, 19], "uv_size": [0.5, 0.25]},
								"south": {"uv": [20, 26], "uv_size": [0.5, 0.25]},
								"west": {"uv": [26, 20], "uv_size": [0.5, 0.25]},
								"up": {"uv": [25, 3], "uv_size": [0.5, 0.5]},
								"down": {"uv": [4, 25.5], "uv_size": [0.5, -0.5]}
							}
						},
						{
							"origin": [-0.25, -1.8125, 6.25],
							"size": [0.5, 0.75, 0.25],
							"inflate": 0.001,
							"uv": {
								"north": {"uv": [19, 23], "uv_size": [0.5, 0.75]},
								"east": {"uv": [25, 20], "uv_size": [0.25, 0.75]},
								"south": {"uv": [23, 19], "uv_size": [0.5, 0.75]},
								"west": {"uv": [25, 21], "uv_size": [0.25, 0.75]},
								"up": {"uv": [21, 26], "uv_size": [0.5, 0.25]},
								"down": {"uv": [26, 21.25], "uv_size": [0.5, -0.25]}
							}
						},
						{
							"origin": [-0.25, -2.32432, 6.031],
							"size": [0.5, 0.69932, 0.219],
							"inflate": 0.001,
							"uv": {
								"north": {"uv": [20, 23], "uv_size": [0.5, 0.75]},
								"east": {"uv": [25, 22], "uv_size": [0.25, 0.75]},
								"south": {"uv": [23, 20], "uv_size": [0.5, 0.75]},
								"west": {"uv": [25, 23], "uv_size": [0.25, 0.75]},
								"up": {"uv": [22, 26], "uv_size": [0.5, 0.25]},
								"down": {"uv": [26, 22.25], "uv_size": [0.5, -0.25]}
							}
						},
						{
							"origin": [-0.25, -1.0625, 6.25],
							"size": [0.5, 0.55902, 0.24937],
							"pivot": [0.25, -1.0625, 6.5],
							"rotation": [26.5, 0, 0],
							"uv": {
								"north": {"uv": [25, 4], "uv_size": [0.5, 0.5]},
								"east": {"uv": [23, 26], "uv_size": [0.25, 0.5]},
								"south": {"uv": [5, 25], "uv_size": [0.5, 0.5]},
								"west": {"uv": [26, 23], "uv_size": [0.25, 0.5]},
								"up": {"uv": [24, 26], "uv_size": [0.5, 0.25]},
								"down": {"uv": [26, 24.25], "uv_size": [0.5, -0.25]}
							}
						},
						{
							"origin": [-0.3125, -1.75, 0.5625],
							"size": [0.625, 1.25, 0.0625],
							"uv": {
								"north": {"uv": [19, 4], "uv_size": [0.75, 1.25]},
								"east": {"uv": [24, 17], "uv_size": [0.25, 1.25]},
								"south": {"uv": [19, 6], "uv_size": [0.75, 1.25]},
								"west": {"uv": [18, 24], "uv_size": [0.25, 1.25]},
								"up": {"uv": [24, 25], "uv_size": [0.75, 0.25]},
								"down": {"uv": [25, 24.25], "uv_size": [0.75, -0.25]}
							}
						},
						{
							"origin": [-0.25, -0.5625, 0.625],
							"size": [0.5, 0.0625, 3.625],
							"uv": {
								"north": {"uv": [25, 26], "uv_size": [0.5, 0.25]},
								"east": {"uv": [19, 8], "uv_size": [3.75, 0.25]},
								"south": {"uv": [26, 25], "uv_size": [0.5, 0.25]},
								"west": {"uv": [19, 9], "uv_size": [3.75, 0.25]},
								"up": {"uv": [14, 6], "uv_size": [0.5, 3.75]},
								"down": {"uv": [4, 18.75], "uv_size": [0.5, -3.75]}
							}
						},
						{
							"origin": [-0.3125, -1.8125, 0.3125],
							"size": [0.625, 0.375, 0.3125],
							"inflate": 0.001,
							"pivot": [0.25, -1.4375, 0.625],
							"rotation": [30, 0, 0],
							"uv": {
								"north": {"uv": [21, 23], "uv_size": [0.75, 0.5]},
								"east": {"uv": [26, 26], "uv_size": [0.25, 0.5]},
								"south": {"uv": [23, 21], "uv_size": [0.75, 0.5]},
								"west": {"uv": [0, 27], "uv_size": [0.25, 0.5]},
								"up": {"uv": [25, 25], "uv_size": [0.75, 0.25]},
								"down": {"uv": [26, 0.25], "uv_size": [0.75, -0.25]}
							}
						},
						{
							"origin": [-0.3125, -1.3002, 3.96321],
							"size": [0.625, 0.6127, 0.28679],
							"pivot": [0.25, -0.6875, 4.25],
							"rotation": [35, 0, 0],
							"uv": {
								"north": {"uv": [23, 22], "uv_size": [0.75, 0.5]},
								"east": {"uv": [27, 0], "uv_size": [0.25, 0.5]},
								"south": {"uv": [23, 23], "uv_size": [0.75, 0.5]},
								"west": {"uv": [1, 27], "uv_size": [0.25, 0.5]},
								"up": {"uv": [1, 26], "uv_size": [0.75, 0.25]},
								"down": {"uv": [26, 1.25], "uv_size": [0.75, -0.25]}
							}
						},
						{
							"origin": [-0.3125, -1.75, 4.25],
							"size": [0.625, 0.5625, 1.125],
							"inflate": 0.001,
							"uv": {
								"north": {"uv": [24, 0], "uv_size": [0.75, 0.5]},
								"east": {"uv": [21, 18], "uv_size": [1.25, 0.5]},
								"south": {"uv": [24, 1], "uv_size": [0.75, 0.5]},
								"west": {"uv": [21, 19], "uv_size": [1.25, 0.5]},
								"up": {"uv": [19, 13], "uv_size": [0.75, 1.25]},
								"down": {"uv": [15, 20.25], "uv_size": [0.75, -1.25]}
							}
						},
						{
							"origin": [-0.3125, -1.75, 5.0625],
							"size": [0.625, 0.3125, 0.5],
							"inflate": 0.0005,
							"pivot": [0.25, -1.75, 5.0625],
							"rotation": [-15, 0, 0],
							"uv": {
								"north": {"uv": [2, 26], "uv_size": [0.75, 0.25]},
								"east": {"uv": [27, 1], "uv_size": [0.5, 0.25]},
								"south": {"uv": [26, 2], "uv_size": [0.75, 0.25]},
								"west": {"uv": [2, 27], "uv_size": [0.5, 0.25]},
								"up": {"uv": [24, 2], "uv_size": [0.75, 0.5]},
								"down": {"uv": [24, 3.5], "uv_size": [0.75, -0.5]}
							}
						},
						{
							"origin": [-0.25, -1.87941, 5.40117],
							"size": [0.5, 0.27719, 0.80285],
							"pivot": [0.25, -1.87941, 5.54546],
							"rotation": [-42.5, 0, 0],
							"uv": {
								"north": {"uv": [27, 2], "uv_size": [0.5, 0.25]},
								"east": {"uv": [3, 26], "uv_size": [0.75, 0.25]},
								"south": {"uv": [3, 27], "uv_size": [0.5, 0.25]},
								"west": {"uv": [26, 3], "uv_size": [0.75, 0.25]},
								"up": {"uv": [4, 24], "uv_size": [0.5, 0.75]},
								"down": {"uv": [24, 6.75], "uv_size": [0.5, -0.75]}
							}
						},
						{
							"origin": [-0.3125, -1.57756, 5.29178],
							"size": [0.625, 0.46402, 0.33621],
							"pivot": [0.25, -1.57756, 5.62634],
							"rotation": [33, 0, 0],
							"uv": {
								"north": {"uv": [24, 7], "uv_size": [0.75, 0.5]},
								"east": {"uv": [27, 3], "uv_size": [0.25, 0.5]},
								"south": {"uv": [24, 8], "uv_size": [0.75, 0.5]},
								"west": {"uv": [4, 27], "uv_size": [0.25, 0.5]},
								"up": {"uv": [4, 26], "uv_size": [0.75, 0.25]},
								"down": {"uv": [26, 4.25], "uv_size": [0.75, -0.25]}
							}
						},
						{
							"origin": [-0.3125, -1.88047, 2.61588],
							"size": [0.625, 0.13047, 0.70575],
							"inflate": 0.0005,
							"uv": {
								"north": {"uv": [5, 26], "uv_size": [0.75, 0.25]},
								"east": {"uv": [26, 5], "uv_size": [0.75, 0.25]},
								"south": {"uv": [6, 26], "uv_size": [0.75, 0.25]},
								"west": {"uv": [26, 6], "uv_size": [0.75, 0.25]},
								"up": {"uv": [17, 21], "uv_size": [0.75, 0.75]},
								"down": {"uv": [19, 21.75], "uv_size": [0.75, -0.75]}
							}
						},
						{
							"origin": [-0.3125, -1.75, 1.6875],
							"size": [0.625, 1.1875, 0.9375],
							"pivot": [0.25, -1.75, 1.6875],
							"rotation": [-8, 0, 0],
							"uv": {
								"north": {"uv": [19, 15], "uv_size": [0.75, 1.25]},
								"east": {"uv": [15, 17], "uv_size": [1, 1.25]},
								"south": {"uv": [16, 19], "uv_size": [0.75, 1.25]},
								"west": {"uv": [17, 15], "uv_size": [1, 1.25]},
								"up": {"uv": [19, 20], "uv_size": [0.75, 1]},
								"down": {"uv": [4, 22], "uv_size": [0.75, -1]}
							}
						},
						{
							"origin": [-0.3125, -1.75, 3.3125],
							"size": [0.625, 1.1875, 0.9375],
							"pivot": [0.25, -1.75, 4.25],
							"rotation": [8, 0, 0],
							"uv": {
								"north": {"uv": [17, 19], "uv_size": [0.75, 1.25]},
								"east": {"uv": [16, 17], "uv_size": [1, 1.25]},
								"south": {"uv": [19, 17], "uv_size": [0.75, 1.25]},
								"west": {"uv": [17, 17], "uv_size": [1, 1.25]},
								"up": {"uv": [21, 6], "uv_size": [0.75, 1]},
								"down": {"uv": [21, 8], "uv_size": [0.75, -1]}
							}
						},
						{
							"origin": [-0.4375, -1.5, 0.25],
							"size": [0.875, 0.6875, 0.3125],
							"inflate": 0.0005,
							"uv": {
								"north": {"uv": [21, 12], "uv_size": [1, 0.75]},
								"east": {"uv": [7, 26], "uv_size": [0.25, 0.75]},
								"south": {"uv": [21, 13], "uv_size": [1, 0.75]},
								"west": {"uv": [26, 7], "uv_size": [0.25, 0.75]},
								"up": {"uv": [25, 5], "uv_size": [1, 0.25]},
								"down": {"uv": [6, 25.25], "uv_size": [1, -0.25]}
							}
						},
						{
							"origin": [0.0625, -2.0625, 0.25],
							"size": [0.375, 0.5625, 0.3125],
							"inflate": 0.0004,
							"pivot": [0.4375, -1.5, 0.25],
							"rotation": [0, 0, 15],
							"uv": {
								"north": {"uv": [25, 6], "uv_size": [0.5, 0.5]},
								"east": {"uv": [27, 4], "uv_size": [0.25, 0.5]},
								"south": {"uv": [7, 25], "uv_size": [0.5, 0.5]},
								"west": {"uv": [5, 27], "uv_size": [0.25, 0.5]},
								"up": {"uv": [27, 5], "uv_size": [0.5, 0.25]},
								"down": {"uv": [6, 27.25], "uv_size": [0.5, -0.25]}
							}
						},
						{
							"origin": [0, -0.8125, 0.25],
							"size": [0.4375, 0.5625, 0.3125],
							"pivot": [0.4375, -0.8125, 0.25],
							"rotation": [0, 0, -15],
							"uv": {
								"north": {"uv": [25, 7], "uv_size": [0.5, 0.5]},
								"east": {"uv": [27, 6], "uv_size": [0.25, 0.5]},
								"south": {"uv": [8, 25], "uv_size": [0.5, 0.5]},
								"west": {"uv": [7, 27], "uv_size": [0.25, 0.5]},
								"up": {"uv": [27, 7], "uv_size": [0.5, 0.25]},
								"down": {"uv": [8, 27.25], "uv_size": [0.5, -0.25]}
							}
						},
						{
							"origin": [-0.4375, -0.8125, 0.25],
							"size": [0.4375, 0.5625, 0.3125],
							"pivot": [-0.4375, -0.8125, 0.25],
							"rotation": [0, 0, 15],
							"uv": {
								"north": {"uv": [25, 8], "uv_size": [0.5, 0.5]},
								"east": {"uv": [27, 8], "uv_size": [0.25, 0.5]},
								"south": {"uv": [9, 25], "uv_size": [0.5, 0.5]},
								"west": {"uv": [9, 27], "uv_size": [0.25, 0.5]},
								"up": {"uv": [27, 9], "uv_size": [0.5, 0.25]},
								"down": {"uv": [10, 27.25], "uv_size": [0.5, -0.25]}
							}
						},
						{
							"origin": [-0.18338, -2.80543, 0.25],
							"size": [0.37088, 0.80543, 0.3125],
							"inflate": 0.0005,
							"pivot": [0.1875, -2.75, 0.25],
							"rotation": [0, 0, 8.5],
							"uv": {
								"north": {"uv": [8, 26], "uv_size": [0.25, 0.75]},
								"east": {"uv": [26, 8], "uv_size": [0.25, 0.75]},
								"south": {"uv": [9, 26], "uv_size": [0.25, 0.75]},
								"west": {"uv": [26, 9], "uv_size": [0.25, 0.75]},
								"up": {"uv": [28, 10], "uv_size": [0.25, 0.25]},
								"down": {"uv": [11, 28.25], "uv_size": [0.25, -0.25]}
							}
						},
						{
							"origin": [-0.1875, -2.80543, 0.25],
							"size": [0.37088, 0.80543, 0.3125],
							"pivot": [-0.1875, -2.75, 0.25],
							"rotation": [0, 0, -8.5],
							"uv": {
								"north": {"uv": [10, 26], "uv_size": [0.25, 0.75]},
								"east": {"uv": [26, 10], "uv_size": [0.25, 0.75]},
								"south": {"uv": [11, 26], "uv_size": [0.25, 0.75]},
								"west": {"uv": [26, 11], "uv_size": [0.25, 0.75]},
								"up": {"uv": [28, 11], "uv_size": [0.25, 0.25]},
								"down": {"uv": [12, 28.25], "uv_size": [0.25, -0.25]}
							}
						},
						{
							"origin": [-0.4375, -2.0625, 0.25],
							"size": [0.375, 0.5625, 0.3125],
							"pivot": [-0.4375, -1.5, 0.25],
							"rotation": [0, 0, -15],
							"uv": {
								"north": {"uv": [25, 9], "uv_size": [0.5, 0.5]},
								"east": {"uv": [27, 10], "uv_size": [0.25, 0.5]},
								"south": {"uv": [10, 25], "uv_size": [0.5, 0.5]},
								"west": {"uv": [11, 27], "uv_size": [0.25, 0.5]},
								"up": {"uv": [27, 11], "uv_size": [0.5, 0.25]},
								"down": {"uv": [12, 27.25], "uv_size": [0.5, -0.25]}
							}
						},
						{
							"origin": [-0.1875, -3.4375, 0.25],
							"size": [0.375, 0.6875, 0.30509],
							"inflate": 0.001,
							"pivot": [0.1875, -2.75, 0.25],
							"rotation": [12.5, 0, 0],
							"uv": {
								"north": {"uv": [24, 9], "uv_size": [0.5, 0.75]},
								"east": {"uv": [12, 26], "uv_size": [0.25, 0.75]},
								"south": {"uv": [24, 10], "uv_size": [0.5, 0.75]},
								"west": {"uv": [26, 12], "uv_size": [0.25, 0.75]},
								"up": {"uv": [27, 12], "uv_size": [0.5, 0.25]},
								"down": {"uv": [13, 27.25], "uv_size": [0.5, -0.25]}
							}
						},
						{
							"origin": [-0.1875, -3.77468, 0.39793],
							"size": [0.3755, 0.35263, 0.26223],
							"pivot": [0.1875, -3.4212, 0.3988],
							"rotation": [43.5, 0, 0],
							"uv": {
								"north": {"uv": [27, 13], "uv_size": [0.5, 0.25]},
								"east": {"uv": [28, 12], "uv_size": [0.25, 0.25]},
								"south": {"uv": [14, 27], "uv_size": [0.5, 0.25]},
								"west": {"uv": [13, 28], "uv_size": [0.25, 0.25]},
								"up": {"uv": [27, 14], "uv_size": [0.5, 0.25]},
								"down": {"uv": [15, 27.25], "uv_size": [0.5, -0.25]}
							}
						},
						{
							"origin": [-0.1875, -3.42656, 0.38993],
							"size": [0.375, 0.4375, 0.22556],
							"pivot": [0.1875, -2.98906, 0.6155],
							"rotation": [45, 0, 0],
							"uv": {
								"north": {"uv": [25, 10], "uv_size": [0.5, 0.5]},
								"east": {"uv": [27, 15], "uv_size": [0.25, 0.5]},
								"south": {"uv": [11, 25], "uv_size": [0.5, 0.5]},
								"west": {"uv": [16, 27], "uv_size": [0.25, 0.5]},
								"up": {"uv": [27, 16], "uv_size": [0.5, 0.25]},
								"down": {"uv": [17, 27.25], "uv_size": [0.5, -0.25]}
							}
						},
						{
							"origin": [-0.1875, -3.50422, 0.4037],
							"size": [0.375, 0.32813, 0.47697],
							"inflate": 0.001,
							"pivot": [0.1875, -3.25422, 0.88066],
							"rotation": [70, 0, 0],
							"uv": {
								"north": {"uv": [27, 17], "uv_size": [0.5, 0.25]},
								"east": {"uv": [18, 27], "uv_size": [0.5, 0.25]},
								"south": {"uv": [27, 18], "uv_size": [0.5, 0.25]},
								"west": {"uv": [19, 27], "uv_size": [0.5, 0.25]},
								"up": {"uv": [25, 11], "uv_size": [0.5, 0.5]},
								"down": {"uv": [12, 25.5], "uv_size": [0.5, -0.5]}
							}
						},
						{
							"origin": [-0.1875, -3.33973, 0.77832],
							"size": [0.375, 0.33727, 0.33727],
							"pivot": [0.1875, -3.33973, 1.11559],
							"rotation": [115, 0, 0],
							"uv": {
								"north": {"uv": [27, 19], "uv_size": [0.5, 0.25]},
								"east": {"uv": [28, 13], "uv_size": [0.25, 0.25]},
								"south": {"uv": [20, 27], "uv_size": [0.5, 0.25]},
								"west": {"uv": [14, 28], "uv_size": [0.25, 0.25]},
								"up": {"uv": [27, 20], "uv_size": [0.5, 0.25]},
								"down": {"uv": [21, 27.25], "uv_size": [0.5, -0.25]}
							}
						},
						{
							"origin": [-0.1875, -1.10113, -14.59938],
							"size": [0.375, 0.52954, 0.22438],
							"inflate": 0.0005,
							"pivot": [0.1875, -0.93657, -14.37463],
							"rotation": [6, 0, 0],
							"uv": {
								"east": {"uv": [28, 22.75], "uv_size": [0.22438, 0.52954]},
								"south": {"uv": [25, 12], "uv_size": [0.5, 0.5]},
								"west": {"uv": [27, 21], "uv_size": [0.25, 0.5]}
							}
						},
						{
							"origin": [-0.1875, -1.12373, -15.52803],
							"size": [0.375, 0.21142, 0.94708],
							"pivot": [0.1875, -1.12373, -14.58095],
							"rotation": [-7.25, 0, 0],
							"uv": {
								"west": {"uv": [13, 25], "uv_size": [1, 0.25]}
							}
						},
						{
							"origin": [-0.1875, -0.74287, -14.39536],
							"size": [0.375, 0.14431, 0.32915],
							"pivot": [0.1875, -0.74287, -14.39536],
							"rotation": [38, 0, 0],
							"uv": {
								"north": {"uv": [22, 27], "uv_size": [0.5, 0.25]},
								"east": {"uv": [28, 14], "uv_size": [0.25, 0.25]},
								"west": {"uv": [15, 28], "uv_size": [0.25, 0.25]},
								"down": {"uv": [27, 22.25], "uv_size": [0.5, -0.25]}
							}
						},
						{
							"origin": [0, -1.98152, -13.68184],
							"size": [0.02272, 0.64517, 11.68778],
							"pivot": [0.02272, -1.98152, -13.68184],
							"rotation": [0.48996, -0.09968, 11.49957],
							"uv": {
								"north": {"uv": [13, 26], "uv_size": [0.25, 0.75]},
								"east": {"uv": [0, 0], "uv_size": [11.75, 0.75]},
								"south": {"uv": [26, 13], "uv_size": [0.25, 0.75]},
								"west": {"uv": [0, 1], "uv_size": [11.75, 0.75]},
								"down": {"uv": [5, 24.75], "uv_size": [0.25, -11.75]}
							}
						},
						{
							"origin": [0.16426, -1.90081, -13.68773],
							"size": [0.02272, 0.64517, 11.68778],
							"pivot": [0.18698, -1.25564, -1.99995],
							"rotation": [-0.51648, 0.12269, 14.74721],
							"uv": {
								"north": {"uv": [14, 26], "uv_size": [0.25, 0.75]},
								"east": {"uv": [0, 2], "uv_size": [11.75, 0.75]},
								"south": {"uv": [26, 14], "uv_size": [0.25, 0.75]},
								"west": {"uv": [0, 3], "uv_size": [11.75, 0.75]},
								"down": {"uv": [6, 24.75], "uv_size": [0.25, -11.75]}
							}
						},
						{
							"origin": [0.12448, -1.25564, -13.68773],
							"size": [0.0625, 0.4375, 11.68778],
							"pivot": [0.18698, -1.25564, -1.99995],
							"rotation": [-0.50863, -0.15198, -15.25156],
							"uv": {
								"north": {"uv": [23, 27], "uv_size": [0.25, 0.5]},
								"east": {"uv": [0, 8], "uv_size": [11.75, 0.5]},
								"south": {"uv": [27, 23], "uv_size": [0.25, 0.5]},
								"west": {"uv": [0, 9], "uv_size": [11.75, 0.5]},
								"up": {"uv": [7, 13], "uv_size": [0.25, 11.75]},
								"down": {"uv": [8, 24.75], "uv_size": [0.25, -11.75]}
							}
						},
						{
							"origin": [0, -1.87953, -2.00577],
							"size": [0.0205, 0.64494, 1.34737],
							"pivot": [0.02275, -1.87953, -2.00577],
							"rotation": [2.89795, -0.77613, 14.98037],
							"uv": {
								"north": {"uv": [15, 26], "uv_size": [0.25, 0.75]},
								"east": {"uv": [18, 19], "uv_size": [1.25, 0.75]},
								"south": {"uv": [26, 15], "uv_size": [0.25, 0.75]},
								"west": {"uv": [20, 0], "uv_size": [1.25, 0.75]},
								"down": {"uv": [19, 25.25], "uv_size": [0.25, -1.25]}
							}
						},
						{
							"origin": [0.125, -1.25684, -2.0384],
							"size": [0.0625, 0.4375, 1.34737],
							"pivot": [0.1875, -1.25684, -2.0384],
							"rotation": [2.89795, 0.77613, -14.98037],
							"uv": {
								"north": {"uv": [24, 27], "uv_size": [0.25, 0.5]},
								"east": {"uv": [21, 20], "uv_size": [1.25, 0.5]},
								"south": {"uv": [27, 24], "uv_size": [0.25, 0.5]},
								"west": {"uv": [21, 21], "uv_size": [1.25, 0.5]},
								"up": {"uv": [24, 19], "uv_size": [0.25, 1.25]},
								"down": {"uv": [20, 25.25], "uv_size": [0.25, -1.25]}
							}
						},
						{
							"origin": [-0.1875, -1.8125, -0.6875],
							"size": [0.375, 0.6875, 0.375],
							"pivot": [1, -1.8125, -0.6875],
							"rotation": [27.5, 0, 0],
							"uv": {
								"north": {"uv": [24, 11], "uv_size": [0.5, 0.75]},
								"east": {"uv": [24, 12], "uv_size": [0.5, 0.75]},
								"south": {"uv": [24, 13], "uv_size": [0.5, 0.75]},
								"west": {"uv": [14, 24], "uv_size": [0.5, 0.75]},
								"up": {"uv": [25, 13], "uv_size": [0.5, 0.5]},
								"down": {"uv": [14, 25.5], "uv_size": [0.5, -0.5]}
							}
						},
						{
							"origin": [-0.1875, -0.625, -10.6875],
							"size": [0.375, 0.125, 10],
							"uv": {
								"north": {"uv": [25, 27], "uv_size": [0.5, 0.25]},
								"east": {"uv": [14, 2], "uv_size": [10, 0.25]},
								"south": {"uv": [27, 25], "uv_size": [0.5, 0.25]},
								"west": {"uv": [14, 3], "uv_size": [10, 0.25]},
								"up": {"uv": [0, 12], "uv_size": [0.5, 10]},
								"down": {"uv": [12, 10], "uv_size": [0.5, -10]}
							}
						},
						{
							"origin": [0.125, -1.1875, -10.6875],
							"size": [0.0625, 0.5625, 10],
							"pivot": [0.1875, -0.625, -10.6875],
							"rotation": [0, 0, 15],
							"uv": {
								"north": {"uv": [26, 27], "uv_size": [0.25, 0.5]},
								"east": {"uv": [1, 12], "uv_size": [10, 0.5]},
								"south": {"uv": [27, 26], "uv_size": [0.25, 0.5]},
								"west": {"uv": [12, 10], "uv_size": [10, 0.5]},
								"up": {"uv": [14, 13], "uv_size": [0.25, 10]},
								"down": {"uv": [1, 25], "uv_size": [0.25, -10]}
							}
						},
						{
							"origin": [-0.1875, -0.625, -14.0625],
							"size": [0.375, 0.125, 3.375],
							"pivot": [1, -0.625, -10.6875],
							"rotation": [-1.5, 0, 0],
							"uv": {
								"north": {"uv": [27, 27], "uv_size": [0.5, 0.25]},
								"east": {"uv": [21, 4], "uv_size": [3.5, 0.25]},
								"south": {"uv": [0, 28], "uv_size": [0.5, 0.25]},
								"west": {"uv": [21, 5], "uv_size": [3.5, 0.25]},
								"up": {"uv": [15, 13], "uv_size": [0.5, 3.5]},
								"down": {"uv": [16, 16.5], "uv_size": [0.5, -3.5]}
							}
						},
						{
							"origin": [0.125, -1.18732, -14.39062],
							"size": [0.06245, 0.56232, 3.71735],
							"pivot": [0.1875, -0.625, -10.6875],
							"rotation": [-1.44891, 0.38819, 14.99509],
							"uv": {
								"north": {"uv": [28, 0], "uv_size": [0.25, 0.5]},
								"east": {"uv": [15, 6], "uv_size": [3.75, 0.5]},
								"south": {"uv": [1, 28], "uv_size": [0.25, 0.5]},
								"west": {"uv": [15, 7], "uv_size": [3.75, 0.5]},
								"up": {"uv": [20, 4], "uv_size": [0.25, 3.75]},
								"down": {"uv": [20, 16.75], "uv_size": [0.25, -3.75]}
							}
						},
						{
							"origin": [-0.1875, -0.53665, -15.56134],
							"size": [0.375, 0.12393, 1.51632],
							"pivot": [0.1875, -0.53665, -14.06134],
							"rotation": [6, 0, 0],
							"uv": {
								"north": {"uv": [28, 15], "uv_size": [0.25, 0.25]},
								"east": {"uv": [24, 14], "uv_size": [1.5, 0.25]},
								"south": {"uv": [16, 28], "uv_size": [0.25, 0.25]},
								"west": {"uv": [15, 24], "uv_size": [1.5, 0.25]},
								"up": {"uv": [24, 15], "uv_size": [0.25, 1.5]},
								"down": {"uv": [17, 25.5], "uv_size": [0.25, -1.5]}
							}
						},
						{
							"origin": [-0.0625, -1.00595, -15.55313],
							"size": [0.25, 0.3125, 0.92257],
							"inflate": 0.0005,
							"pivot": [0.1875, -0.69345, -15.55313],
							"rotation": [6, 0, 0],
							"uv": {
								"west": {"uv": [15, 25], "uv_size": [1, 0.25]}
							}
						},
						{
							"origin": [-0.0625, -0.9144, -15.77407],
							"size": [0.25, 0.22096, 0.22095],
							"pivot": [0.1875, -0.69345, -15.55313],
							"rotation": [51, 0, 0],
							"uv": {
								"west": {"uv": [28, 16], "uv_size": [0.25, 0.25]}
							}
						},
						{
							"origin": [-0.02415, -1.23961, -17.18573],
							"size": [0.04688, 0.125, 1.70313],
							"pivot": [0.02272, -1.11461, -17.37323],
							"rotation": [13.58621, 3.02596, 8.93057],
							"uv": {
								"north": {"uv": [17, 28], "uv_size": [0.25, 0.25]},
								"east": {"uv": [22, 10], "uv_size": [2, 0.25]},
								"south": {"uv": [28, 17], "uv_size": [0.25, 0.25]},
								"west": {"uv": [22, 11], "uv_size": [2, 0.25]},
								"up": {"uv": [22, 12], "uv_size": [0.25, 2]},
								"down": {"uv": [22, 16], "uv_size": [0.25, -2]}
							}
						},
						{
							"origin": [-0.02272, -1.23961, -17.18573],
							"size": [0.04688, 0.125, 1.70313],
							"pivot": [-0.02272, -1.11461, -17.37323],
							"rotation": [13.58621, -3.02596, -8.93057],
							"uv": {
								"north": {"uv": [17.25, 28], "uv_size": [-0.25, 0.25]},
								"east": {"uv": [24, 11], "uv_size": [-2, 0.25]},
								"south": {"uv": [28.25, 17], "uv_size": [-0.25, 0.25]},
								"west": {"uv": [24, 10], "uv_size": [-2, 0.25]},
								"up": {"uv": [22.25, 12], "uv_size": [-0.25, 2]},
								"down": {"uv": [22.25, 16], "uv_size": [-0.25, -2]}
							}
						},
						{
							"origin": [-0.1875, -0.69413, -17.45682],
							"size": [0.04688, 0.125, 1.89063],
							"pivot": [-0.1875, -0.56913, -15.56619],
							"rotation": [13.04796, -4.87154, -1.12747],
							"uv": {
								"north": {"uv": [18, 28], "uv_size": [0.25, 0.25]},
								"east": {"uv": [22, 16], "uv_size": [2, 0.25]},
								"south": {"uv": [28, 18], "uv_size": [0.25, 0.25]},
								"west": {"uv": [22, 17], "uv_size": [2, 0.25]},
								"up": {"uv": [15, 22], "uv_size": [0.25, 2]},
								"down": {"uv": [17, 24], "uv_size": [0.25, -2]}
							}
						},
						{
							"origin": [0.14063, -0.69413, -17.45682],
							"size": [0.04688, 0.125, 1.89063],
							"pivot": [0.1875, -0.56913, -15.56619],
							"rotation": [13.04796, 4.87154, 1.12747],
							"uv": {
								"north": {"uv": [18.25, 28], "uv_size": [-0.25, 0.25]},
								"east": {"uv": [24, 17], "uv_size": [-2, 0.25]},
								"south": {"uv": [28.25, 18], "uv_size": [-0.25, 0.25]},
								"west": {"uv": [24, 16], "uv_size": [-2, 0.25]},
								"up": {"uv": [15.25, 22], "uv_size": [-0.25, 2]},
								"down": {"uv": [17.25, 24], "uv_size": [-0.25, -2]}
							}
						},
						{
							"origin": [-0.1408, -0.57013, -17.44119],
							"size": [0.28161, 0, 1.87909],
							"pivot": [0.1875, -0.56913, -15.56619],
							"rotation": [13, 0, 0],
							"uv": {
								"up": {"uv": [29.25, 16], "uv_size": [2.25, 2]}
							}
						},
						{
							"origin": [0, -1.11461, -17.37323],
							"size": [0.02272, 1.02015, 1.63211],
							"pivot": [0.02272, -1.11461, -17.37323],
							"rotation": [-19.26522, 3.0758, 8.72785],
							"uv": {
								"west": {"uv": [28.75, 5.25], "uv_size": [3.25, 2]},
								"down": {"uv": [22, 23.75], "uv_size": [0.25, -1.75]}
							}
						},
						{
							"origin": [0, -1.65942, -15.83474],
							"size": [0.02272, 1.02013, 1.25051],
							"pivot": [0.02272, -1.65942, -15.83474],
							"rotation": [-12.83659, 2.07222, 9.01687],
							"uv": {
								"west": {"uv": [18, 0], "uv_size": [1.25, 1]},
								"down": {"uv": [21, 25.25], "uv_size": [0.25, -1.25]}
							}
						},
						{
							"origin": [0, -1.94072, -14.61627],
							"size": [0.02272, 0.84818, 0.93533],
							"pivot": [0.02272, -1.94072, -14.61627],
							"rotation": [-2.44987, 0.49827, 11.48935],
							"uv": {
								"west": {"uv": [21, 14], "uv_size": [1, 0.75]},
								"down": {"uv": [25, 16], "uv_size": [0.25, -1]}
							}
						},
						{
							"origin": [0.1691, -1.30235, -14.55047],
							"size": [0.02272, 0.17027, 0.46781],
							"pivot": [0.19182, -1.13208, -14.08267],
							"rotation": [-22.44987, 0.49827, 11.48935],
							"uv": {
								"west": {"uv": [28, 1], "uv_size": [0.5, 0.25]},
								"down": {"uv": [2, 28.5], "uv_size": [0.25, -0.5]}
							}
						},
						{
							"origin": [-0.0205, -1.87953, -2.00577],
							"size": [0.0205, 0.64494, 1.34737],
							"pivot": [-0.02275, -1.87953, -2.00577],
							"rotation": [2.89795, 0.77613, -14.98037],
							"uv": {
								"north": {"uv": [16, 26], "uv_size": [0.25, 0.75]},
								"east": {"uv": [20, 1], "uv_size": [1.25, 0.75]},
								"south": {"uv": [26, 16], "uv_size": [0.25, 0.75]},
								"west": {"uv": [20, 17], "uv_size": [1.25, 0.75]},
								"up": {"uv": [24, 21], "uv_size": [0.25, 1.25]},
								"down": {"uv": [22, 25.25], "uv_size": [0.25, -1.25]}
							}
						},
						{
							"origin": [-0.18698, -1.90081, -13.68773],
							"size": [0.02272, 0.64517, 11.68778],
							"pivot": [-0.18698, -1.25564, -1.99995],
							"rotation": [-0.51648, -0.12269, -14.74721],
							"uv": {
								"north": {"uv": [17, 26], "uv_size": [0.25, 0.75]},
								"east": {"uv": [0, 4], "uv_size": [11.75, 0.75]},
								"south": {"uv": [26, 17], "uv_size": [0.25, 0.75]},
								"west": {"uv": [0, 5], "uv_size": [11.75, 0.75]},
								"up": {"uv": [9, 13], "uv_size": [0.25, 11.75]},
								"down": {"uv": [10, 24.75], "uv_size": [0.25, -11.75]}
							}
						},
						{
							"origin": [-0.02272, -1.98152, -13.68184],
							"size": [0.02272, 0.64517, 11.68778],
							"pivot": [-0.02272, -1.98152, -13.68184],
							"rotation": [0.48996, 0.09968, -11.49957],
							"uv": {
								"north": {"uv": [18, 26], "uv_size": [0.25, 0.75]},
								"east": {"uv": [0, 6], "uv_size": [11.75, 0.75]},
								"south": {"uv": [26, 18], "uv_size": [0.25, 0.75]},
								"west": {"uv": [0, 7], "uv_size": [11.75, 0.75]},
								"down": {"uv": [11, 24.75], "uv_size": [0.25, -11.75]}
							}
						},
						{
							"origin": [-0.02272, -1.94072, -14.61627],
							"size": [0.02272, 0.84818, 0.93533],
							"pivot": [-0.02272, -1.94072, -14.61627],
							"rotation": [-2.44987, -0.49827, -11.48935],
							"uv": {
								"east": {"uv": [15, 21], "uv_size": [1, 0.75]},
								"down": {"uv": [16, 26], "uv_size": [0.25, -1]}
							}
						},
						{
							"origin": [-0.02272, -1.65942, -15.83474],
							"size": [0.02272, 1.02013, 1.25051],
							"pivot": [-0.02272, -1.65942, -15.83474],
							"rotation": [-12.83659, -2.07222, -9.01687],
							"uv": {
								"east": {"uv": [18, 1], "uv_size": [1.25, 1]},
								"down": {"uv": [23, 25.25], "uv_size": [0.25, -1.25]}
							}
						},
						{
							"origin": [-0.02272, -1.11461, -17.37323],
							"size": [0.02272, 1.02015, 1.63211],
							"pivot": [-0.02272, -1.11461, -17.37323],
							"rotation": [-19.26522, -3.0758, -8.72785],
							"uv": {
								"east": {"uv": [28.5, 10], "uv_size": [3.5, 2]},
								"down": {"uv": [0, 24.75], "uv_size": [0.25, -1.75]}
							}
						},
						{
							"origin": [-0.1875, -1.00595, -15.55313],
							"size": [0.25, 0.3125, 0.92257],
							"inflate": 0.0005,
							"pivot": [-0.1875, -0.69345, -15.55313],
							"rotation": [6, 0, 0],
							"uv": {
								"east": {"uv": [25, 16], "uv_size": [1, 0.25]}
							}
						},
						{
							"origin": [-0.1875, -1.12373, -15.52803],
							"size": [0.375, 0.21142, 0.94708],
							"pivot": [-0.1875, -1.12373, -14.58095],
							"rotation": [-7.25, 0, 0],
							"uv": {
								"east": {"uv": [25, 17], "uv_size": [1, 0.25]}
							}
						},
						{
							"origin": [-0.1875, -0.9144, -15.77407],
							"size": [0.25, 0.22096, 0.22095],
							"pivot": [-0.1875, -0.69345, -15.55313],
							"rotation": [51, 0, 0],
							"uv": {
								"east": {"uv": [19, 28], "uv_size": [0.25, 0.25]}
							}
						},
						{
							"origin": [-0.19182, -1.30235, -14.55047],
							"size": [0.02272, 0.17027, 0.46781],
							"pivot": [-0.19182, -1.13208, -14.08267],
							"rotation": [-22.44987, -0.49827, -11.48935],
							"uv": {
								"east": {"uv": [28, 2], "uv_size": [0.5, 0.25]},
								"down": {"uv": [3, 28.5], "uv_size": [0.25, -0.5]}
							}
						},
						{
							"origin": [0.12932, -1.15116, -14.58091],
							"size": [0.0625, 0.5, 0.93533],
							"pivot": [0.19182, -1.15116, -13.64558],
							"rotation": [-2.40919, -0.6679, -15.48596],
							"uv": {
								"west": {"uv": [19, 22], "uv_size": [1, 0.5]}
							}
						},
						{
							"origin": [-0.18745, -1.18732, -14.39062],
							"size": [0.06245, 0.56232, 3.71735],
							"pivot": [-0.1875, -0.625, -10.6875],
							"rotation": [-1.44891, -0.38819, -14.99509],
							"uv": {
								"north": {"uv": [28, 3], "uv_size": [0.25, 0.5]},
								"east": {"uv": [15, 8], "uv_size": [3.75, 0.5]},
								"south": {"uv": [4, 28], "uv_size": [0.25, 0.5]},
								"west": {"uv": [15, 9], "uv_size": [3.75, 0.5]},
								"up": {"uv": [18, 20], "uv_size": [0.25, 3.75]},
								"down": {"uv": [20, 21.75], "uv_size": [0.25, -3.75]}
							}
						},
						{
							"origin": [-0.18698, -1.25564, -13.68773],
							"size": [0.0625, 0.4375, 11.68778],
							"pivot": [-0.18698, -1.25564, -1.99995],
							"rotation": [-0.50863, 0.15198, 15.25156],
							"uv": {
								"north": {"uv": [28, 4], "uv_size": [0.25, 0.5]},
								"east": {"uv": [0, 10], "uv_size": [11.75, 0.5]},
								"south": {"uv": [5, 28], "uv_size": [0.25, 0.5]},
								"west": {"uv": [0, 11], "uv_size": [11.75, 0.5]},
								"up": {"uv": [12, 13], "uv_size": [0.25, 11.75]},
								"down": {"uv": [13, 24.75], "uv_size": [0.25, -11.75]}
							}
						},
						{
							"origin": [-0.19182, -1.15116, -14.58091],
							"size": [0.0625, 0.5, 0.93533],
							"pivot": [-0.19182, -1.15116, -13.64558],
							"rotation": [-2.40919, 0.6679, 15.48596],
							"uv": {
								"north": {"uv": [28, 5], "uv_size": [0.25, 0.5]},
								"east": {"uv": [20, 22], "uv_size": [1, 0.5]},
								"south": {"uv": [6, 28], "uv_size": [0.25, 0.5]},
								"west": {"uv": [21, 22], "uv_size": [1, 0.5]},
								"up": {"uv": [25, 18], "uv_size": [0.25, 1]},
								"down": {"uv": [25, 20], "uv_size": [0.25, -1]}
							}
						},
						{
							"origin": [-0.1875, -1.1875, -10.6875],
							"size": [0.0625, 0.5625, 10],
							"pivot": [-0.1875, -0.625, -10.6875],
							"rotation": [0, 0, -15],
							"uv": {
								"north": {"uv": [28, 6], "uv_size": [0.25, 0.5]},
								"east": {"uv": [11, 12], "uv_size": [10, 0.5]},
								"south": {"uv": [7, 28], "uv_size": [0.25, 0.5]},
								"west": {"uv": [12, 11], "uv_size": [10, 0.5]},
								"up": {"uv": [2, 15], "uv_size": [0.25, 10]},
								"down": {"uv": [3, 25], "uv_size": [0.25, -10]}
							}
						},
						{
							"origin": [-0.1875, -1.25684, -2.0384],
							"size": [0.0625, 0.4375, 1.34737],
							"pivot": [-0.1875, -1.25684, -2.0384],
							"rotation": [2.89795, -0.77613, 14.98037],
							"uv": {
								"north": {"uv": [28, 7], "uv_size": [0.25, 0.5]},
								"east": {"uv": [22, 0], "uv_size": [1.25, 0.5]},
								"south": {"uv": [8, 28], "uv_size": [0.25, 0.5]},
								"west": {"uv": [22, 1], "uv_size": [1.25, 0.5]},
								"up": {"uv": [24, 23], "uv_size": [0.25, 1.25]},
								"down": {"uv": [0, 26.25], "uv_size": [0.25, -1.25]}
							}
						},
						{
							"origin": [-0.1875, -0.625, -1],
							"size": [0.375, 0.13207, 0.34572],
							"pivot": [1, -0.625, -1],
							"rotation": [-25, 0, 0],
							"uv": {
								"north": {"uv": [28, 8], "uv_size": [0.5, 0.25]},
								"east": {"uv": [28, 19], "uv_size": [0.25, 0.25]},
								"south": {"uv": [9, 28], "uv_size": [0.5, 0.25]},
								"west": {"uv": [20, 28], "uv_size": [0.25, 0.25]},
								"up": {"uv": [28, 9], "uv_size": [0.5, 0.25]},
								"down": {"uv": [10, 28.25], "uv_size": [0.5, -0.25]}
							}
						}
					]
				}
			]
		}
	]
}