{
	"format_version": "1.21.0",
	"minecraft:geometry": [
		{
			"description": {
				"identifier": "geometry.unknown",
				"texture_width": 128,
				"texture_height": 128,
				"visible_bounds_width": 20,
				"visible_bounds_height": 11,
				"visible_bounds_offset": [0, 0.5, 0]
			},
			"bones": [
				{
					"name": "scope_body",
					"pivot": [-1.34375, -2.75, -0.90625],
					"cubes": [
						{
							"origin": [-0.10885, 0.60938, -3.78125],
							"size": [0.21771, 0.8125, 2.375],
							"uv": {
								"north": {"uv": [12, 0], "uv_size": [0.25, 0.75]},
								"south": {"uv": [1, 12], "uv_size": [0.25, 0.75]},
								"up": {"uv": [0, 6], "uv_size": [0.25, 2.5]},
								"down": {"uv": [6, 2.5], "uv_size": [0.25, -2.5]}
							}
						},
						{
							"origin": [-0.10885, 0.60938, -3.78125],
							"size": [0.21771, 0.8125, 2.375],
							"pivot": [0, 1.01563, -2.59375],
							"rotation": [0, 0, 30],
							"uv": {
								"north": {"uv": [12, 1], "uv_size": [0.25, 0.75]},
								"south": {"uv": [2, 12], "uv_size": [0.25, 0.75]},
								"up": {"uv": [1, 6], "uv_size": [0.25, 2.5]},
								"down": {"uv": [2, 8.5], "uv_size": [0.25, -2.5]}
							}
						},
						{
							"origin": [-0.10885, 0.60938, -3.78125],
							"size": [0.21771, 0.8125, 2.375],
							"pivot": [0, 1.01563, -2.59375],
							"rotation": [0, 0, 60],
							"uv": {
								"north": {"uv": [12, 2], "uv_size": [0.25, 0.75]},
								"south": {"uv": [3, 12], "uv_size": [0.25, 0.75]},
								"up": {"uv": [3, 6], "uv_size": [0.25, 2.5]},
								"down": {"uv": [6, 5.5], "uv_size": [0.25, -2.5]}
							}
						},
						{
							"origin": [-0.10885, 0.60938, -3.78125],
							"size": [0.21771, 0.8125, 2.375],
							"pivot": [0, 1.01563, -2.59375],
							"rotation": [0, 0, 90],
							"uv": {
								"north": {"uv": [12, 3], "uv_size": [0.25, 0.75]},
								"south": {"uv": [4, 12], "uv_size": [0.25, 0.75]},
								"up": {"uv": [4, 6], "uv_size": [0.25, 2.5]},
								"down": {"uv": [5, 8.5], "uv_size": [0.25, -2.5]}
							}
						},
						{
							"origin": [-0.10885, 0.60938, -3.78125],
							"size": [0.21771, 0.8125, 2.375],
							"pivot": [0, 1.01563, -2.59375],
							"rotation": [0, 0, 120],
							"uv": {
								"north": {"uv": [12, 4], "uv_size": [0.25, 0.75]},
								"south": {"uv": [5, 12], "uv_size": [0.25, 0.75]},
								"up": {"uv": [6, 6], "uv_size": [0.25, 2.5]},
								"down": {"uv": [7, 2.5], "uv_size": [0.25, -2.5]}
							}
						},
						{
							"origin": [-0.10885, 0.60938, -3.78125],
							"size": [0.21771, 0.8125, 2.375],
							"pivot": [0, 1.01563, -2.59375],
							"rotation": [0, 0, 150],
							"uv": {
								"north": {"uv": [12, 5], "uv_size": [0.25, 0.75]},
								"south": {"uv": [6, 12], "uv_size": [0.25, 0.75]},
								"up": {"uv": [7, 3], "uv_size": [0.25, 2.5]},
								"down": {"uv": [7, 8.5], "uv_size": [0.25, -2.5]}
							}
						},
						{
							"origin": [-0.10048, 0.64063, -1.40625],
							"size": [0.20096, 0.75, 0.0625],
							"uv": {
								"up": {"uv": [10, 17], "uv_size": [0.25, 0.25]},
								"down": {"uv": [17, 10.25], "uv_size": [0.25, -0.25]}
							}
						},
						{
							"origin": [-0.10048, 0.64063, -1.40625],
							"size": [0.20096, 0.75, 0.0625],
							"pivot": [0, 1.01563, -0.59375],
							"rotation": [0, 0, 30],
							"uv": {
								"up": {"uv": [11, 17], "uv_size": [0.25, 0.25]},
								"down": {"uv": [17, 11.25], "uv_size": [0.25, -0.25]}
							}
						},
						{
							"origin": [-0.10048, 0.64063, -1.40625],
							"size": [0.20096, 0.75, 0.0625],
							"pivot": [0, 1.01563, -0.59375],
							"rotation": [0, 0, 60],
							"uv": {
								"up": {"uv": [12, 17], "uv_size": [0.25, 0.25]},
								"down": {"uv": [17, 12.25], "uv_size": [0.25, -0.25]}
							}
						},
						{
							"origin": [-0.10048, 0.64063, -1.40625],
							"size": [0.20096, 0.75, 0.0625],
							"pivot": [0, 1.01563, -0.59375],
							"rotation": [0, 0, 90],
							"uv": {
								"up": {"uv": [13, 17], "uv_size": [0.25, 0.25]},
								"down": {"uv": [17, 13.25], "uv_size": [0.25, -0.25]}
							}
						},
						{
							"origin": [-0.10048, 0.64063, -1.40625],
							"size": [0.20096, 0.75, 0.0625],
							"pivot": [0, 1.01563, -0.59375],
							"rotation": [0, 0, 120],
							"uv": {
								"up": {"uv": [14, 17], "uv_size": [0.25, 0.25]},
								"down": {"uv": [17, 14.25], "uv_size": [0.25, -0.25]}
							}
						},
						{
							"origin": [-0.10048, 0.64063, -1.40625],
							"size": [0.20096, 0.75, 0.0625],
							"pivot": [0, 1.01563, -0.59375],
							"rotation": [0, 0, 150],
							"uv": {
								"up": {"uv": [15, 17], "uv_size": [0.25, 0.25]},
								"down": {"uv": [17, 15.25], "uv_size": [0.25, -0.25]}
							}
						},
						{
							"origin": [-0.10885, 0.60938, -1.34375],
							"size": [0.21771, 0.8125, 3],
							"pivot": [0, 1.01563, -2.59375],
							"rotation": [0, 0, 150],
							"uv": {
								"north": {"uv": [12, 6], "uv_size": [0.25, 0.75]},
								"up": {"uv": [0, 0], "uv_size": [0.25, 3]},
								"down": {"uv": [1, 3], "uv_size": [0.25, -3]}
							}
						},
						{
							"origin": [-0.10885, 0.60938, -1.34375],
							"size": [0.21771, 0.8125, 3],
							"pivot": [0, 1.01563, -2.59375],
							"rotation": [0, 0, 120],
							"uv": {
								"north": {"uv": [7, 12], "uv_size": [0.25, 0.75]},
								"up": {"uv": [2, 0], "uv_size": [0.25, 3]},
								"down": {"uv": [0, 6], "uv_size": [0.25, -3]}
							}
						},
						{
							"origin": [-0.10885, 0.60938, -1.34375],
							"size": [0.21771, 0.8125, 3],
							"pivot": [0, 1.01563, -2.59375],
							"rotation": [0, 0, 90],
							"uv": {
								"north": {"uv": [12, 7], "uv_size": [0.25, 0.75]},
								"up": {"uv": [3, 0], "uv_size": [0.25, 3]},
								"down": {"uv": [1, 6], "uv_size": [0.25, -3]}
							}
						},
						{
							"origin": [-0.10885, 0.60938, -1.34375],
							"size": [0.21771, 0.8125, 3],
							"pivot": [0, 1.01563, -2.59375],
							"rotation": [0, 0, 60],
							"uv": {
								"north": {"uv": [8, 12], "uv_size": [0.25, 0.75]},
								"up": {"uv": [2, 3], "uv_size": [0.25, 3]},
								"down": {"uv": [3, 6], "uv_size": [0.25, -3]}
							}
						},
						{
							"origin": [-0.10885, 0.60938, -1.34375],
							"size": [0.21771, 0.8125, 3],
							"pivot": [0, 1.01563, -2.59375],
							"rotation": [0, 0, 30],
							"uv": {
								"north": {"uv": [12, 8], "uv_size": [0.25, 0.75]},
								"up": {"uv": [4, 0], "uv_size": [0.25, 3]},
								"down": {"uv": [4, 6], "uv_size": [0.25, -3]}
							}
						},
						{
							"origin": [-0.10885, 0.60938, -1.34375],
							"size": [0.21771, 0.8125, 3],
							"uv": {
								"north": {"uv": [9, 12], "uv_size": [0.25, 0.75]},
								"up": {"uv": [5, 0], "uv_size": [0.25, 3]},
								"down": {"uv": [5, 6], "uv_size": [0.25, -3]}
							}
						},
						{
							"origin": [-0.1256, 1.42188, -1.90625],
							"size": [0.2512, 0.0625, 0.4375],
							"uv": {
								"north": {"uv": [16, 17], "uv_size": [0.25, 0.25]},
								"south": {"uv": [17, 16], "uv_size": [0.25, 0.25]},
								"up": {"uv": [3, 13], "uv_size": [0.25, 0.5]}
							}
						},
						{
							"origin": [-0.1256, 0.54688, -1.90625],
							"size": [0.2512, 0.9375, 0.4375],
							"pivot": [0, 1.01563, -0.90625],
							"rotation": [0, 0, 30],
							"uv": {
								"north": {"uv": [9, 8], "uv_size": [0.25, 1]},
								"south": {"uv": [9, 9], "uv_size": [0.25, 1]},
								"west": {"uv": [8, 8], "uv_size": [0.5, 1]},
								"up": {"uv": [13, 3], "uv_size": [0.25, 0.5]},
								"down": {"uv": [4, 13.5], "uv_size": [0.25, -0.5]}
							}
						},
						{
							"origin": [-0.1256, 0.54688, -1.90625],
							"size": [0.2512, 0.9375, 0.4375],
							"pivot": [0, 1.01563, -0.90625],
							"rotation": [0, 0, 60],
							"uv": {
								"north": {"uv": [0, 10], "uv_size": [0.25, 1]},
								"south": {"uv": [1, 10], "uv_size": [0.25, 1]},
								"up": {"uv": [13, 4], "uv_size": [0.25, 0.5]},
								"down": {"uv": [5, 13.5], "uv_size": [0.25, -0.5]}
							}
						},
						{
							"origin": [-0.1256, 0.54688, -1.90625],
							"size": [0.2512, 0.9375, 0.4375],
							"pivot": [0, 1.01563, -0.90625],
							"rotation": [0, 0, 90],
							"uv": {
								"north": {"uv": [2, 10], "uv_size": [0.25, 1]},
								"south": {"uv": [10, 2], "uv_size": [0.25, 1]},
								"up": {"uv": [13, 5], "uv_size": [0.25, 0.5]},
								"down": {"uv": [6, 13.5], "uv_size": [0.25, -0.5]}
							}
						},
						{
							"origin": [-0.1256, 0.54688, -1.90625],
							"size": [0.2512, 0.9375, 0.4375],
							"pivot": [0, 1.01563, -0.90625],
							"rotation": [0, 0, 120],
							"uv": {
								"north": {"uv": [3, 10], "uv_size": [0.25, 1]},
								"south": {"uv": [10, 3], "uv_size": [0.25, 1]},
								"up": {"uv": [13, 6], "uv_size": [0.25, 0.5]},
								"down": {"uv": [7, 13.5], "uv_size": [0.25, -0.5]}
							}
						},
						{
							"origin": [-0.1256, 0.54688, -1.90625],
							"size": [0.2512, 0.9375, 0.4375],
							"pivot": [0, 1.01563, -0.90625],
							"rotation": [0, 0, 150],
							"uv": {
								"north": {"uv": [4, 10], "uv_size": [0.25, 1]},
								"south": {"uv": [10, 4], "uv_size": [0.25, 1]},
								"west": {"uv": [0, 9], "uv_size": [0.5, 1]},
								"up": {"uv": [13, 7], "uv_size": [0.25, 0.5]},
								"down": {"uv": [8, 13.5], "uv_size": [0.25, -0.5]}
							}
						},
						{
							"origin": [-0.1256, 1.42188, -0.4375],
							"size": [0.2512, 0.0625, 0.4375],
							"uv": {
								"north": {"uv": [17, 17], "uv_size": [0.25, 0.25]},
								"south": {"uv": [0, 18], "uv_size": [0.25, 0.25]},
								"up": {"uv": [13, 8], "uv_size": [0.25, 0.5]}
							}
						},
						{
							"origin": [-0.1256, 0.54688, -0.4375],
							"size": [0.2512, 0.9375, 0.4375],
							"pivot": [0, 1.01563, 0.5625],
							"rotation": [0, 0, 30],
							"uv": {
								"north": {"uv": [5, 10], "uv_size": [0.25, 1]},
								"south": {"uv": [10, 5], "uv_size": [0.25, 1]},
								"west": {"uv": [1, 9], "uv_size": [0.5, 1]},
								"up": {"uv": [9, 13], "uv_size": [0.25, 0.5]},
								"down": {"uv": [13, 9.5], "uv_size": [0.25, -0.5]}
							}
						},
						{
							"origin": [-0.1256, 0.54688, -0.4375],
							"size": [0.2512, 0.9375, 0.4375],
							"pivot": [0, 1.01563, 0.5625],
							"rotation": [0, 0, 60],
							"uv": {
								"north": {"uv": [6, 10], "uv_size": [0.25, 1]},
								"south": {"uv": [10, 6], "uv_size": [0.25, 1]},
								"up": {"uv": [10, 13], "uv_size": [0.25, 0.5]},
								"down": {"uv": [13, 10.5], "uv_size": [0.25, -0.5]}
							}
						},
						{
							"origin": [-0.1256, 0.54688, -0.4375],
							"size": [0.2512, 0.9375, 0.4375],
							"pivot": [0, 1.01563, 0.5625],
							"rotation": [0, 0, 90],
							"uv": {
								"north": {"uv": [7, 10], "uv_size": [0.25, 1]},
								"south": {"uv": [10, 7], "uv_size": [0.25, 1]},
								"up": {"uv": [11, 13], "uv_size": [0.25, 0.5]},
								"down": {"uv": [13, 11.5], "uv_size": [0.25, -0.5]}
							}
						},
						{
							"origin": [-0.1256, 0.54688, -0.4375],
							"size": [0.2512, 0.9375, 0.4375],
							"pivot": [0, 1.01563, 0.5625],
							"rotation": [0, 0, 120],
							"uv": {
								"north": {"uv": [8, 10], "uv_size": [0.25, 1]},
								"south": {"uv": [10, 8], "uv_size": [0.25, 1]},
								"up": {"uv": [12, 13], "uv_size": [0.25, 0.5]},
								"down": {"uv": [13, 12.5], "uv_size": [0.25, -0.5]}
							}
						},
						{
							"origin": [-0.1256, 0.54688, -0.4375],
							"size": [0.2512, 0.9375, 0.4375],
							"pivot": [0, 1.01563, 0.5625],
							"rotation": [0, 0, 150],
							"uv": {
								"north": {"uv": [9, 10], "uv_size": [0.25, 1]},
								"south": {"uv": [10, 9], "uv_size": [0.25, 1]},
								"west": {"uv": [2, 9], "uv_size": [0.5, 1]},
								"up": {"uv": [13, 13], "uv_size": [0.25, 0.5]},
								"down": {"uv": [0, 14.5], "uv_size": [0.25, -0.5]}
							}
						},
						{
							"origin": [-0.1256, 0.54688, 1.65625],
							"size": [0.2512, 0.9375, 0.125],
							"pivot": [0, 1.01563, 2.34375],
							"rotation": [0, 0, 150],
							"uv": {
								"north": {"uv": [10, 10], "uv_size": [0.25, 1]},
								"south": {"uv": [0, 11], "uv_size": [0.25, 1]},
								"up": {"uv": [18, 0], "uv_size": [0.25, 0.25]},
								"down": {"uv": [1, 18.25], "uv_size": [0.25, -0.25]}
							}
						},
						{
							"origin": [-0.1256, 0.54688, 1.65625],
							"size": [0.2512, 0.9375, 0.125],
							"pivot": [0, 1.01563, 2.34375],
							"rotation": [0, 0, 120],
							"uv": {
								"north": {"uv": [11, 0], "uv_size": [0.25, 1]},
								"south": {"uv": [1, 11], "uv_size": [0.25, 1]},
								"up": {"uv": [18, 1], "uv_size": [0.25, 0.25]},
								"down": {"uv": [2, 18.25], "uv_size": [0.25, -0.25]}
							}
						},
						{
							"origin": [-0.1256, 0.54688, 1.65625],
							"size": [0.2512, 0.9375, 0.125],
							"pivot": [0, 1.01563, 2.34375],
							"rotation": [0, 0, 90],
							"uv": {
								"north": {"uv": [11, 1], "uv_size": [0.25, 1]},
								"south": {"uv": [2, 11], "uv_size": [0.25, 1]},
								"up": {"uv": [18, 2], "uv_size": [0.25, 0.25]},
								"down": {"uv": [3, 18.25], "uv_size": [0.25, -0.25]}
							}
						},
						{
							"origin": [-0.1256, 0.54688, 1.65625],
							"size": [0.2512, 0.9375, 0.125],
							"pivot": [0, 1.01563, 2.34375],
							"rotation": [0, 0, 60],
							"uv": {
								"north": {"uv": [11, 2], "uv_size": [0.25, 1]},
								"south": {"uv": [3, 11], "uv_size": [0.25, 1]},
								"up": {"uv": [18, 3], "uv_size": [0.25, 0.25]},
								"down": {"uv": [4, 18.25], "uv_size": [0.25, -0.25]}
							}
						},
						{
							"origin": [-0.1256, 0.54688, 1.65625],
							"size": [0.2512, 0.9375, 0.125],
							"pivot": [0, 1.01563, 2.34375],
							"rotation": [0, 0, 30],
							"uv": {
								"north": {"uv": [11, 3], "uv_size": [0.25, 1]},
								"south": {"uv": [4, 11], "uv_size": [0.25, 1]},
								"up": {"uv": [18, 4], "uv_size": [0.25, 0.25]},
								"down": {"uv": [5, 18.25], "uv_size": [0.25, -0.25]}
							}
						},
						{
							"origin": [-0.1256, 0.54688, 1.65625],
							"size": [0.2512, 0.9375, 0.125],
							"uv": {
								"north": {"uv": [11, 4], "uv_size": [0.25, 1]},
								"south": {"uv": [5, 11], "uv_size": [0.25, 1]},
								"up": {"uv": [18, 5], "uv_size": [0.25, 0.25]},
								"down": {"uv": [6, 18.25], "uv_size": [0.25, -0.25]}
							}
						},
						{
							"origin": [-0.11723, 0.57813, 1.78125],
							"size": [0.23446, 0.875, 0.25],
							"uv": {
								"up": {"uv": [18, 6], "uv_size": [0.25, 0.25]},
								"down": {"uv": [7, 18.25], "uv_size": [0.25, -0.25]}
							}
						},
						{
							"origin": [-0.11723, 0.57813, 1.78125],
							"size": [0.23446, 0.875, 0.25],
							"pivot": [0, 1.01563, 1.40625],
							"rotation": [0, 0, 30],
							"uv": {
								"up": {"uv": [18, 7], "uv_size": [0.25, 0.25]},
								"down": {"uv": [8, 18.25], "uv_size": [0.25, -0.25]}
							}
						},
						{
							"origin": [-0.11723, 0.57813, 1.78125],
							"size": [0.23446, 0.875, 0.25],
							"pivot": [0, 1.01563, 1.40625],
							"rotation": [0, 0, 60],
							"uv": {
								"up": {"uv": [18, 8], "uv_size": [0.25, 0.25]},
								"down": {"uv": [9, 18.25], "uv_size": [0.25, -0.25]}
							}
						},
						{
							"origin": [-0.11723, 0.57813, 1.78125],
							"size": [0.23446, 0.875, 0.25],
							"pivot": [0, 1.01563, 1.40625],
							"rotation": [0, 0, 90],
							"uv": {
								"up": {"uv": [18, 9], "uv_size": [0.25, 0.25]},
								"down": {"uv": [10, 18.25], "uv_size": [0.25, -0.25]}
							}
						},
						{
							"origin": [-0.11723, 0.57813, 1.78125],
							"size": [0.23446, 0.875, 0.25],
							"pivot": [0, 1.01563, 1.40625],
							"rotation": [0, 0, 120],
							"uv": {
								"up": {"uv": [18, 10], "uv_size": [0.25, 0.25]},
								"down": {"uv": [11, 18.25], "uv_size": [0.25, -0.25]}
							}
						},
						{
							"origin": [-0.11723, 0.57813, 1.78125],
							"size": [0.23446, 0.875, 0.25],
							"pivot": [0, 1.01563, 1.40625],
							"rotation": [0, 0, 150],
							"uv": {
								"up": {"uv": [18, 11], "uv_size": [0.25, 0.25]},
								"down": {"uv": [12, 18.25], "uv_size": [0.25, -0.25]}
							}
						},
						{
							"origin": [0.5, 1.0246, 1.89856],
							"size": [0.26795, 0.125, 0.38269],
							"pivot": [0.5, 1.1496, 2.28125],
							"rotation": [16.03624, 0, 90],
							"uv": {
								"north": {"uv": [19, 1], "uv_size": [0.25, 0.25]},
								"east": {"uv": [14, 8], "uv_size": [0.5, 0.25]},
								"south": {"uv": [2, 19], "uv_size": [0.25, 0.25]},
								"west": {"uv": [9, 14], "uv_size": [0.5, 0.25]},
								"up": {"uv": [14, 9], "uv_size": [0.25, 0.5]},
								"down": {"uv": [10, 14.5], "uv_size": [0.25, -0.5]}
							}
						},
						{
							"origin": [0.30353, 1.2109, 2.03125],
							"size": [0.26795, 0.125, 0.25769],
							"pivot": [0.32027, 1.3359, 2.03125],
							"rotation": [14.03624, 0, 60],
							"uv": {
								"south": {"uv": [19, 2], "uv_size": [0.25, 0.25]},
								"up": {"uv": [3, 19], "uv_size": [0.25, 0.25]},
								"down": {"uv": [19, 3.25], "uv_size": [0.25, -0.25]}
							}
						},
						{
							"origin": [0.13397, 1.39063, 1.89856],
							"size": [0.26795, 0.125, 0.38269],
							"pivot": [0.13397, 1.51563, 2.28125],
							"rotation": [16.03624, 0, 30],
							"uv": {
								"north": {"uv": [4, 19], "uv_size": [0.25, 0.25]},
								"east": {"uv": [14, 10], "uv_size": [0.5, 0.25]},
								"south": {"uv": [19, 4], "uv_size": [0.25, 0.25]},
								"west": {"uv": [11, 14], "uv_size": [0.5, 0.25]},
								"up": {"uv": [14, 11], "uv_size": [0.25, 0.5]},
								"down": {"uv": [12, 14.5], "uv_size": [0.25, -0.5]}
							}
						},
						{
							"origin": [-0.13397, 1.32813, 2.03125],
							"size": [0.26795, 0.125, 0.25769],
							"pivot": [-0.11723, 1.45313, 2.03125],
							"rotation": [14.03624, 0, 0],
							"uv": {
								"south": {"uv": [5, 19], "uv_size": [0.25, 0.25]},
								"up": {"uv": [19, 5], "uv_size": [0.25, 0.25]},
								"down": {"uv": [6, 19.25], "uv_size": [0.25, -0.25]}
							}
						},
						{
							"origin": [-0.76795, 1.0246, 1.89856],
							"size": [0.26795, 0.125, 0.38269],
							"pivot": [-0.5, 1.1496, 2.28125],
							"rotation": [16.03624, 0, -90],
							"uv": {
								"north": {"uv": [19, 6], "uv_size": [0.25, 0.25]},
								"east": {"uv": [14, 12], "uv_size": [0.5, 0.25]},
								"south": {"uv": [7, 19], "uv_size": [0.25, 0.25]},
								"west": {"uv": [13, 14], "uv_size": [0.5, 0.25]},
								"up": {"uv": [14, 13], "uv_size": [0.25, 0.5]},
								"down": {"uv": [14, 14.5], "uv_size": [0.25, -0.5]}
							}
						},
						{
							"origin": [-0.57147, 1.2109, 2.03125],
							"size": [0.26795, 0.125, 0.25769],
							"pivot": [-0.32027, 1.3359, 2.03125],
							"rotation": [14.03624, 0, -60],
							"uv": {
								"south": {"uv": [19, 7], "uv_size": [0.25, 0.25]},
								"up": {"uv": [8, 19], "uv_size": [0.25, 0.25]},
								"down": {"uv": [19, 8.25], "uv_size": [0.25, -0.25]}
							}
						},
						{
							"origin": [-0.40192, 1.39063, 1.89856],
							"size": [0.26795, 0.125, 0.38269],
							"pivot": [-0.13397, 1.51563, 2.28125],
							"rotation": [16.03624, 0, -30],
							"uv": {
								"north": {"uv": [9, 19], "uv_size": [0.25, 0.25]},
								"east": {"uv": [0, 15], "uv_size": [0.5, 0.25]},
								"south": {"uv": [19, 9], "uv_size": [0.25, 0.25]},
								"west": {"uv": [15, 0], "uv_size": [0.5, 0.25]},
								"up": {"uv": [1, 15], "uv_size": [0.25, 0.5]},
								"down": {"uv": [15, 1.5], "uv_size": [0.25, -0.5]}
							}
						},
						{
							"origin": [-0.57147, 0.69535, 2.03125],
							"size": [0.26795, 0.125, 0.25769],
							"pivot": [-0.32027, 0.69535, 2.03125],
							"rotation": [-14.03624, 0, 60],
							"uv": {
								"south": {"uv": [10, 19], "uv_size": [0.25, 0.25]},
								"up": {"uv": [19, 10], "uv_size": [0.25, 0.25]},
								"down": {"uv": [11, 19.25], "uv_size": [0.25, -0.25]}
							}
						},
						{
							"origin": [-0.40192, 0.51562, 1.89856],
							"size": [0.26795, 0.125, 0.38269],
							"pivot": [-0.13397, 0.51562, 2.28125],
							"rotation": [-16.03624, 0, 30],
							"uv": {
								"north": {"uv": [19, 11], "uv_size": [0.25, 0.25]},
								"east": {"uv": [2, 15], "uv_size": [0.5, 0.25]},
								"south": {"uv": [12, 19], "uv_size": [0.25, 0.25]},
								"west": {"uv": [15, 2], "uv_size": [0.5, 0.25]},
								"up": {"uv": [3, 15], "uv_size": [0.25, 0.5]},
								"down": {"uv": [15, 3.5], "uv_size": [0.25, -0.5]}
							}
						},
						{
							"origin": [0.13397, 0.51562, 1.89856],
							"size": [0.26795, 0.125, 0.38269],
							"pivot": [0.13397, 0.51562, 2.28125],
							"rotation": [-16.03624, 0, -30],
							"uv": {
								"north": {"uv": [19, 12], "uv_size": [0.25, 0.25]},
								"east": {"uv": [4, 15], "uv_size": [0.5, 0.25]},
								"south": {"uv": [13, 19], "uv_size": [0.25, 0.25]},
								"west": {"uv": [15, 4], "uv_size": [0.5, 0.25]},
								"up": {"uv": [5, 15], "uv_size": [0.25, 0.5]},
								"down": {"uv": [15, 5.5], "uv_size": [0.25, -0.5]}
							}
						},
						{
							"origin": [-0.13397, 0.57813, 2.03125],
							"size": [0.26795, 0.125, 0.25769],
							"pivot": [-0.11723, 0.57813, 2.03125],
							"rotation": [-14.03624, 0, 0],
							"uv": {
								"south": {"uv": [19, 13], "uv_size": [0.25, 0.25]},
								"up": {"uv": [14, 19], "uv_size": [0.25, 0.25]},
								"down": {"uv": [19, 14.25], "uv_size": [0.25, -0.25]}
							}
						},
						{
							"origin": [0.30353, 0.69535, 2.03125],
							"size": [0.26795, 0.125, 0.25769],
							"pivot": [0.32027, 0.69535, 2.03125],
							"rotation": [-14.03624, 0, -60],
							"uv": {
								"south": {"uv": [15, 19], "uv_size": [0.25, 0.25]},
								"up": {"uv": [19, 15], "uv_size": [0.25, 0.25]},
								"down": {"uv": [16, 19.25], "uv_size": [0.25, -0.25]}
							}
						},
						{
							"origin": [-0.11723, 1.39063, 0.15625],
							"size": [0.23446, 0.0625, 1.0625],
							"pivot": [0, 1.01563, 0.59375],
							"rotation": [0, 0, 90],
							"uv": {
								"north": {"uv": [20, 12], "uv_size": [0.25, 0.25]},
								"south": {"uv": [13, 20], "uv_size": [0.25, 0.25]},
								"west": {"uv": [11, 5], "uv_size": [1, 0.25]},
								"up": {"uv": [6, 11], "uv_size": [0.25, 1]}
							}
						},
						{
							"origin": [-0.11723, 1.39063, 0.15625],
							"size": [0.23446, 0.0625, 1.0625],
							"pivot": [0, 1.01563, 0.59375],
							"rotation": [0, 0, 60],
							"uv": {
								"north": {"uv": [20, 13], "uv_size": [0.25, 0.25]},
								"south": {"uv": [14, 20], "uv_size": [0.25, 0.25]},
								"up": {"uv": [11, 6], "uv_size": [0.25, 1]}
							}
						},
						{
							"origin": [-0.11723, 1.39063, 0.15625],
							"size": [0.23446, 0.0625, 1.0625],
							"pivot": [0, 1.01563, 0.59375],
							"rotation": [0, 0, 30],
							"uv": {
								"north": {"uv": [20, 14], "uv_size": [0.25, 0.25]},
								"south": {"uv": [15, 20], "uv_size": [0.25, 0.25]},
								"up": {"uv": [7, 11], "uv_size": [0.25, 1]}
							}
						},
						{
							"origin": [-0.11723, 1.39063, 0.15625],
							"size": [0.23446, 0.0625, 1.0625],
							"uv": {
								"north": {"uv": [20, 15], "uv_size": [0.25, 0.25]},
								"south": {"uv": [16, 20], "uv_size": [0.25, 0.25]},
								"up": {"uv": [11, 7], "uv_size": [0.25, 1]}
							}
						},
						{
							"origin": [-0.11723, 1.39063, 0.15625],
							"size": [0.23446, 0.0625, 1.0625],
							"pivot": [0, 1.01563, 0.59375],
							"rotation": [0, 0, -30],
							"uv": {
								"north": {"uv": [20, 16], "uv_size": [0.25, 0.25]},
								"east": {"uv": [8, 11], "uv_size": [1, 0.25]},
								"south": {"uv": [17, 20], "uv_size": [0.25, 0.25]},
								"up": {"uv": [11, 8], "uv_size": [0.25, 1]}
							}
						},
						{
							"origin": [-0.0625, 0.375, -1.90625],
							"size": [0.125, 0.1875, 2.21875],
							"inflate": 0.001,
							"uv": {
								"north": {"uv": [20, 17], "uv_size": [0.25, 0.25]},
								"east": {"uv": [8, 0], "uv_size": [2.25, 0.25]},
								"west": {"uv": [8, 1], "uv_size": [2.25, 0.25]},
								"up": {"uv": [8, 2], "uv_size": [0.25, 2.25]},
								"down": {"uv": [8, 7.25], "uv_size": [0.25, -2.25]}
							}
						},
						{
							"origin": [0.0625, 0.29498, 0.43671],
							"size": [0.125, 0.0625, 0.15625],
							"pivot": [0.0625, 0.35748, 0.43671],
							"rotation": [-50.67731, 23.92746, -26.341],
							"uv": {
								"east": {"uv": [18, 20], "uv_size": [0.25, 0.25]},
								"south": {"uv": [20, 18], "uv_size": [0.25, 0.25]},
								"west": {"uv": [19, 20], "uv_size": [0.25, 0.25]},
								"up": {"uv": [20, 19], "uv_size": [0.25, 0.25]},
								"down": {"uv": [20, 20.25], "uv_size": [0.25, -0.25]}
							}
						},
						{
							"origin": [-0.0625, 0.31942, 0.18748],
							"size": [0.125, 0.14241, 0.3438],
							"pivot": [0, 0.39063, 0.35938],
							"rotation": [-45, 0, 0],
							"uv": {
								"north": {"uv": [0, 21], "uv_size": [0.25, 0.25]},
								"east": {"uv": [21, 0], "uv_size": [0.25, 0.25]},
								"south": {"uv": [1, 21], "uv_size": [0.25, 0.25]},
								"west": {"uv": [21, 1], "uv_size": [0.25, 0.25]}
							}
						},
						{
							"origin": [-0.0625, 0.31942, 0.18748],
							"size": [0.125, 0.14241, 0.3438],
							"uv": {
								"north": {"uv": [2, 21], "uv_size": [0.25, 0.25]},
								"east": {"uv": [21, 2], "uv_size": [0.25, 0.25]},
								"south": {"uv": [3, 21], "uv_size": [0.25, 0.25]},
								"west": {"uv": [21, 3], "uv_size": [0.25, 0.25]}
							}
						},
						{
							"origin": [-0.0625, 0.21873, 0.28817],
							"size": [0.125, 0.3438, 0.14241],
							"pivot": [0, 0.39063, 0.35938],
							"rotation": [-45, 0, 0],
							"uv": {
								"east": {"uv": [4, 21], "uv_size": [0.25, 0.25]},
								"west": {"uv": [21, 4], "uv_size": [0.25, 0.25]},
								"up": {"uv": [5, 21], "uv_size": [0.25, 0.25]},
								"down": {"uv": [21, 5.25], "uv_size": [0.25, -0.25]}
							}
						},
						{
							"origin": [-0.0625, 0.21873, 0.28817],
							"size": [0.125, 0.3438, 0.14241],
							"uv": {
								"east": {"uv": [6, 21], "uv_size": [0.25, 0.25]},
								"west": {"uv": [21, 6], "uv_size": [0.25, 0.25]},
								"up": {"uv": [7, 21], "uv_size": [0.25, 0.25]},
								"down": {"uv": [21, 7.25], "uv_size": [0.25, -0.25]}
							}
						},
						{
							"origin": [-0.125, 0.28123, 0.29621],
							"size": [0.3125, 0.2188, 0.12632],
							"uv": {
								"east": {"uv": [8, 21], "uv_size": [0.25, 0.25]},
								"west": {"uv": [21, 8], "uv_size": [0.25, 0.25]},
								"up": {"uv": [9, 21], "uv_size": [0.25, 0.25]},
								"down": {"uv": [21, 9.25], "uv_size": [0.25, -0.25]}
							}
						},
						{
							"origin": [-0.125, 0.28123, 0.29621],
							"size": [0.3125, 0.2188, 0.12632],
							"pivot": [0.875, 0.39063, 0.35938],
							"rotation": [60, 0, 0],
							"uv": {
								"east": {"uv": [10, 21], "uv_size": [0.25, 0.25]},
								"west": {"uv": [21, 10], "uv_size": [0.25, 0.25]},
								"up": {"uv": [11, 21], "uv_size": [0.25, 0.25]},
								"down": {"uv": [21, 11.25], "uv_size": [0.25, -0.25]}
							}
						},
						{
							"origin": [-0.125, 0.28123, 0.29621],
							"size": [0.3125, 0.2188, 0.12632],
							"pivot": [0.875, 0.39063, 0.35938],
							"rotation": [120, 0, 0],
							"uv": {
								"east": {"uv": [12, 21], "uv_size": [0.25, 0.25]},
								"west": {"uv": [21, 12], "uv_size": [0.25, 0.25]},
								"up": {"uv": [13, 21], "uv_size": [0.25, 0.25]},
								"down": {"uv": [21, 13.25], "uv_size": [0.25, -0.25]}
							}
						},
						{
							"origin": [0.0625, 0.40546, 0.16998],
							"size": [0.125, 0.0625, 0.15625],
							"pivot": [0.0625, 0.46796, 0.32623],
							"rotation": [-50.67731, -23.92746, 26.341],
							"uv": {
								"north": {"uv": [14, 21], "uv_size": [0.25, 0.25]},
								"east": {"uv": [21, 14], "uv_size": [0.25, 0.25]},
								"west": {"uv": [15, 21], "uv_size": [0.25, 0.25]},
								"up": {"uv": [21, 15], "uv_size": [0.25, 0.25]},
								"down": {"uv": [16, 21.25], "uv_size": [0.25, -0.25]}
							}
						},
						{
							"origin": [0.0625, 0.40625, -0.4375],
							"size": [0.0625, 0.21875, 0.4375],
							"uv": {
								"north": {"uv": [21, 16], "uv_size": [0.25, 0.25]},
								"east": {"uv": [16, 6], "uv_size": [0.5, 0.25]},
								"south": {"uv": [17, 21], "uv_size": [0.25, 0.25]},
								"west": {"uv": [7, 16], "uv_size": [0.5, 0.25]},
								"down": {"uv": [16, 7.5], "uv_size": [0.25, -0.5]}
							}
						},
						{
							"origin": [0.0625, 0.40625, -1.90625],
							"size": [0.0625, 0.21875, 0.4375],
							"uv": {
								"north": {"uv": [21, 17], "uv_size": [0.25, 0.25]},
								"east": {"uv": [8, 16], "uv_size": [0.5, 0.25]},
								"south": {"uv": [18, 21], "uv_size": [0.25, 0.25]},
								"west": {"uv": [16, 8], "uv_size": [0.5, 0.25]},
								"down": {"uv": [9, 16.5], "uv_size": [0.25, -0.5]}
							}
						},
						{
							"origin": [-0.125, 0.40625, -1.90625],
							"size": [0.0625, 0.21875, 0.4375],
							"uv": {
								"north": {"uv": [21, 18], "uv_size": [0.25, 0.25]},
								"east": {"uv": [16, 9], "uv_size": [0.5, 0.25]},
								"south": {"uv": [19, 21], "uv_size": [0.25, 0.25]},
								"west": {"uv": [10, 16], "uv_size": [0.5, 0.25]},
								"down": {"uv": [16, 10.5], "uv_size": [0.25, -0.5]}
							}
						},
						{
							"origin": [-0.125, 0.40625, -0.4375],
							"size": [0.0625, 0.21875, 0.4375],
							"uv": {
								"north": {"uv": [21, 19], "uv_size": [0.25, 0.25]},
								"east": {"uv": [11, 16], "uv_size": [0.5, 0.25]},
								"south": {"uv": [20, 21], "uv_size": [0.25, 0.25]},
								"west": {"uv": [16, 11], "uv_size": [0.5, 0.25]},
								"down": {"uv": [12, 16.5], "uv_size": [0.25, -0.5]}
							}
						},
						{
							"origin": [-0.0631, 1.48438, -1.90625],
							"size": [0.1262, 0.125, 0.4375],
							"uv": {
								"north": {"uv": [21, 20], "uv_size": [0.25, 0.25]},
								"east": {"uv": [16, 12], "uv_size": [0.5, 0.25]},
								"south": {"uv": [21, 21], "uv_size": [0.25, 0.25]},
								"west": {"uv": [13, 16], "uv_size": [0.5, 0.25]},
								"up": {"uv": [16, 13], "uv_size": [0.25, 0.5]}
							}
						},
						{
							"origin": [-0.0631, 1.48438, -0.4375],
							"size": [0.1262, 0.125, 0.4375],
							"uv": {
								"north": {"uv": [0, 22], "uv_size": [0.25, 0.25]},
								"east": {"uv": [14, 16], "uv_size": [0.5, 0.25]},
								"south": {"uv": [22, 0], "uv_size": [0.25, 0.25]},
								"west": {"uv": [16, 14], "uv_size": [0.5, 0.25]},
								"up": {"uv": [15, 16], "uv_size": [0.25, 0.5]}
							}
						},
						{
							"origin": [-0.09435, 1.5, -0.125],
							"size": [0.1887, 0.07813, 0.07813],
							"pivot": [-0.03125, 1.54688, -0.09375],
							"rotation": [-45, 0, 0],
							"uv": {
								"north": {"uv": [1, 22], "uv_size": [0.25, 0.25]},
								"east": {"uv": [22, 1], "uv_size": [0.25, 0.25]},
								"south": {"uv": [2, 22], "uv_size": [0.25, 0.25]},
								"west": {"uv": [22, 2], "uv_size": [0.25, 0.25]},
								"up": {"uv": [3, 22], "uv_size": [0.25, 0.25]},
								"down": {"uv": [22, 3.25], "uv_size": [0.25, -0.25]}
							}
						},
						{
							"origin": [-0.09435, 1.5, -0.375],
							"size": [0.1887, 0.07813, 0.07813],
							"pivot": [-0.03125, 1.54688, -0.34375],
							"rotation": [-45, 0, 0],
							"uv": {
								"north": {"uv": [4, 22], "uv_size": [0.25, 0.25]},
								"east": {"uv": [22, 4], "uv_size": [0.25, 0.25]},
								"south": {"uv": [5, 22], "uv_size": [0.25, 0.25]},
								"west": {"uv": [22, 5], "uv_size": [0.25, 0.25]},
								"up": {"uv": [6, 22], "uv_size": [0.25, 0.25]},
								"down": {"uv": [22, 6.25], "uv_size": [0.25, -0.25]}
							}
						},
						{
							"origin": [-0.09435, 1.5, -1.59375],
							"size": [0.1887, 0.07813, 0.07813],
							"pivot": [-0.03125, 1.54688, -1.5625],
							"rotation": [-45, 0, 0],
							"uv": {
								"north": {"uv": [7, 22], "uv_size": [0.25, 0.25]},
								"east": {"uv": [22, 7], "uv_size": [0.25, 0.25]},
								"south": {"uv": [8, 22], "uv_size": [0.25, 0.25]},
								"west": {"uv": [22, 8], "uv_size": [0.25, 0.25]},
								"up": {"uv": [9, 22], "uv_size": [0.25, 0.25]},
								"down": {"uv": [22, 9.25], "uv_size": [0.25, -0.25]}
							}
						},
						{
							"origin": [-0.09435, 1.5, -1.84375],
							"size": [0.1887, 0.07813, 0.07813],
							"pivot": [-0.03125, 1.54688, -1.8125],
							"rotation": [-45, 0, 0],
							"uv": {
								"north": {"uv": [10, 22], "uv_size": [0.25, 0.25]},
								"east": {"uv": [22, 10], "uv_size": [0.25, 0.25]},
								"south": {"uv": [11, 22], "uv_size": [0.25, 0.25]},
								"west": {"uv": [22, 11], "uv_size": [0.25, 0.25]},
								"up": {"uv": [12, 22], "uv_size": [0.25, 0.25]},
								"down": {"uv": [22, 12.25], "uv_size": [0.25, -0.25]}
							}
						},
						{
							"origin": [-0.15685, 0.4375, -1.84375],
							"size": [0.3137, 0.07813, 0.07813],
							"pivot": [-0.03125, 0.48438, -1.8125],
							"rotation": [-45, 0, 0],
							"uv": {
								"north": {"uv": [13, 22], "uv_size": [0.25, 0.25]},
								"east": {"uv": [22, 13], "uv_size": [0.25, 0.25]},
								"south": {"uv": [14, 22], "uv_size": [0.25, 0.25]},
								"west": {"uv": [22, 14], "uv_size": [0.25, 0.25]},
								"up": {"uv": [15, 22], "uv_size": [0.25, 0.25]},
								"down": {"uv": [22, 15.25], "uv_size": [0.25, -0.25]}
							}
						},
						{
							"origin": [-0.15685, 0.4375, -1.59375],
							"size": [0.3137, 0.07813, 0.07813],
							"pivot": [-0.03125, 0.48438, -1.5625],
							"rotation": [-45, 0, 0],
							"uv": {
								"north": {"uv": [16, 22], "uv_size": [0.25, 0.25]},
								"east": {"uv": [22, 16], "uv_size": [0.25, 0.25]},
								"south": {"uv": [17, 22], "uv_size": [0.25, 0.25]},
								"west": {"uv": [22, 17], "uv_size": [0.25, 0.25]},
								"up": {"uv": [18, 22], "uv_size": [0.25, 0.25]},
								"down": {"uv": [22, 18.25], "uv_size": [0.25, -0.25]}
							}
						},
						{
							"origin": [-0.15685, 0.4375, -0.375],
							"size": [0.3137, 0.07813, 0.07813],
							"pivot": [-0.03125, 0.48438, -0.34375],
							"rotation": [-45, 0, 0],
							"uv": {
								"north": {"uv": [19, 22], "uv_size": [0.25, 0.25]},
								"east": {"uv": [22, 19], "uv_size": [0.25, 0.25]},
								"south": {"uv": [20, 22], "uv_size": [0.25, 0.25]},
								"west": {"uv": [22, 20], "uv_size": [0.25, 0.25]},
								"up": {"uv": [21, 22], "uv_size": [0.25, 0.25]},
								"down": {"uv": [22, 21.25], "uv_size": [0.25, -0.25]}
							}
						},
						{
							"origin": [-0.15685, 0.4375, -0.125],
							"size": [0.3137, 0.07813, 0.07813],
							"pivot": [-0.03125, 0.48438, -0.09375],
							"rotation": [-45, 0, 0],
							"uv": {
								"north": {"uv": [22, 22], "uv_size": [0.25, 0.25]},
								"east": {"uv": [0, 23], "uv_size": [0.25, 0.25]},
								"south": {"uv": [23, 0], "uv_size": [0.25, 0.25]},
								"west": {"uv": [1, 23], "uv_size": [0.25, 0.25]},
								"up": {"uv": [23, 1], "uv_size": [0.25, 0.25]},
								"down": {"uv": [2, 23.25], "uv_size": [0.25, -0.25]}
							}
						},
						{
							"origin": [-0.06472, 1.375, 0.78125],
							"size": [0.12944, 0.125, 0.3125],
							"pivot": [0, 1.48387, 0.9375],
							"rotation": [0, -90, 0],
							"uv": {
								"north": {"uv": [23, 2], "uv_size": [0.25, 0.25]},
								"south": {"uv": [3, 23], "uv_size": [0.25, 0.25]},
								"up": {"uv": [23, 3], "uv_size": [0.25, 0.25]},
								"down": {"uv": [4, 23.25], "uv_size": [0.25, -0.25]}
							}
						},
						{
							"origin": [-0.06472, 1.375, 0.78125],
							"size": [0.12944, 0.125, 0.3125],
							"pivot": [0, 1.48387, 0.9375],
							"rotation": [0, -45, 0],
							"uv": {
								"north": {"uv": [23, 4], "uv_size": [0.25, 0.25]},
								"south": {"uv": [5, 23], "uv_size": [0.25, 0.25]}
							}
						},
						{
							"origin": [-0.15625, 1.375, 0.87278],
							"size": [0.3125, 0.125, 0.12944],
							"pivot": [0, 1.48387, 0.9375],
							"rotation": [0, -90, 0],
							"uv": {
								"east": {"uv": [23, 5], "uv_size": [0.25, 0.25]},
								"west": {"uv": [6, 23], "uv_size": [0.25, 0.25]},
								"up": {"uv": [23, 6], "uv_size": [0.25, 0.25]},
								"down": {"uv": [7, 23.25], "uv_size": [0.25, -0.25]}
							}
						},
						{
							"origin": [-0.15625, 1.375, 0.87278],
							"size": [0.3125, 0.125, 0.12944],
							"pivot": [0, 1.48387, 0.9375],
							"rotation": [0, -45, 0],
							"uv": {
								"east": {"uv": [23, 7], "uv_size": [0.25, 0.25]},
								"west": {"uv": [8, 23], "uv_size": [0.25, 0.25]}
							}
						},
						{
							"origin": [-0.06472, 1.43245, 0.96093],
							"size": [0.12944, 0.125, 0.125],
							"pivot": [0, 1.48387, 0.9375],
							"rotation": [25, -45, 0],
							"uv": {
								"north": {"uv": [23, 8], "uv_size": [0.25, 0.25]},
								"east": {"uv": [9, 23], "uv_size": [0.25, 0.25]},
								"south": {"uv": [23, 9], "uv_size": [0.25, 0.25]},
								"west": {"uv": [10, 23], "uv_size": [0.25, 0.25]},
								"up": {"uv": [23, 10], "uv_size": [0.25, 0.25]}
							}
						},
						{
							"origin": [0.02343, 1.43245, 0.87278],
							"size": [0.125, 0.125, 0.12944],
							"pivot": [0, 1.48387, 0.9375],
							"rotation": [22.90981, -39.85571, -33.4032],
							"uv": {
								"north": {"uv": [11, 23], "uv_size": [0.25, 0.25]},
								"east": {"uv": [23, 11], "uv_size": [0.25, 0.25]},
								"south": {"uv": [12, 23], "uv_size": [0.25, 0.25]},
								"west": {"uv": [23, 12], "uv_size": [0.25, 0.25]},
								"up": {"uv": [13, 23], "uv_size": [0.25, 0.25]}
							}
						},
						{
							"origin": [-0.14843, 1.43245, 0.87278],
							"size": [0.125, 0.125, 0.12944],
							"pivot": [0, 1.48387, 0.9375],
							"rotation": [-22.90981, -39.85571, 33.4032],
							"uv": {
								"north": {"uv": [23, 13], "uv_size": [0.25, 0.25]},
								"east": {"uv": [14, 23], "uv_size": [0.25, 0.25]},
								"south": {"uv": [23, 14], "uv_size": [0.25, 0.25]},
								"west": {"uv": [15, 23], "uv_size": [0.25, 0.25]},
								"up": {"uv": [23, 15], "uv_size": [0.25, 0.25]}
							}
						},
						{
							"origin": [-0.06472, 1.43245, 0.78907],
							"size": [0.12944, 0.125, 0.125],
							"pivot": [0, 1.48387, 0.9375],
							"rotation": [-25, -45, 0],
							"uv": {
								"north": {"uv": [16, 23], "uv_size": [0.25, 0.25]},
								"east": {"uv": [23, 16], "uv_size": [0.25, 0.25]},
								"south": {"uv": [17, 23], "uv_size": [0.25, 0.25]},
								"west": {"uv": [23, 17], "uv_size": [0.25, 0.25]},
								"up": {"uv": [18, 23], "uv_size": [0.25, 0.25]}
							}
						},
						{
							"origin": [0.43528, 0.9375, 0.78125],
							"size": [0.12944, 0.125, 0.3125],
							"pivot": [0.5, 1.04637, 0.9375],
							"rotation": [0, -90, 90],
							"uv": {
								"north": {"uv": [8, 17], "uv_size": [0.25, 0.25]},
								"south": {"uv": [17, 8], "uv_size": [0.25, 0.25]},
								"up": {"uv": [9, 17], "uv_size": [0.25, 0.25]},
								"down": {"uv": [17, 9.25], "uv_size": [0.25, -0.25]}
							}
						},
						{
							"origin": [0.43528, 0.9375, 0.78125],
							"size": [0.12944, 0.125, 0.3125],
							"pivot": [0.5, 1.04637, 0.9375],
							"rotation": [0, -45, 90],
							"uv": {
								"north": {"uv": [23, 18], "uv_size": [0.25, 0.25]},
								"south": {"uv": [19, 23], "uv_size": [0.25, 0.25]}
							}
						},
						{
							"origin": [0.34375, 0.9375, 0.87278],
							"size": [0.3125, 0.125, 0.12944],
							"pivot": [0.5, 1.04637, 0.9375],
							"rotation": [0, -90, 90],
							"uv": {
								"east": {"uv": [23, 19], "uv_size": [0.25, 0.25]},
								"west": {"uv": [20, 23], "uv_size": [0.25, 0.25]},
								"up": {"uv": [23, 20], "uv_size": [0.25, 0.25]},
								"down": {"uv": [21, 23.25], "uv_size": [0.25, -0.25]}
							}
						},
						{
							"origin": [0.34375, 0.9375, 0.87278],
							"size": [0.3125, 0.125, 0.12944],
							"pivot": [0.5, 1.04637, 0.9375],
							"rotation": [0, -45, 90],
							"uv": {
								"east": {"uv": [23, 21], "uv_size": [0.25, 0.25]},
								"west": {"uv": [22, 23], "uv_size": [0.25, 0.25]}
							}
						},
						{
							"origin": [0.43528, 0.99495, 0.96093],
							"size": [0.12944, 0.125, 0.125],
							"pivot": [0.5, 1.04637, 0.9375],
							"rotation": [25, -45, 90],
							"uv": {
								"north": {"uv": [23, 22], "uv_size": [0.25, 0.25]},
								"east": {"uv": [23, 23], "uv_size": [0.25, 0.25]},
								"south": {"uv": [0, 24], "uv_size": [0.25, 0.25]},
								"west": {"uv": [24, 0], "uv_size": [0.25, 0.25]},
								"up": {"uv": [1, 24], "uv_size": [0.25, 0.25]}
							}
						},
						{
							"origin": [0.52343, 0.99495, 0.87278],
							"size": [0.125, 0.125, 0.12944],
							"pivot": [0.5, 1.04637, 0.9375],
							"rotation": [22.90981, -39.85571, 56.5968],
							"uv": {
								"north": {"uv": [24, 1], "uv_size": [0.25, 0.25]},
								"east": {"uv": [2, 24], "uv_size": [0.25, 0.25]},
								"south": {"uv": [24, 2], "uv_size": [0.25, 0.25]},
								"west": {"uv": [3, 24], "uv_size": [0.25, 0.25]},
								"up": {"uv": [24, 3], "uv_size": [0.25, 0.25]}
							}
						},
						{
							"origin": [0.35157, 0.99495, 0.87278],
							"size": [0.125, 0.125, 0.12944],
							"pivot": [0.5, 1.04637, 0.9375],
							"rotation": [-22.90981, -39.85571, 123.4032],
							"uv": {
								"north": {"uv": [4, 24], "uv_size": [0.25, 0.25]},
								"east": {"uv": [24, 4], "uv_size": [0.25, 0.25]},
								"south": {"uv": [5, 24], "uv_size": [0.25, 0.25]},
								"west": {"uv": [24, 5], "uv_size": [0.25, 0.25]},
								"up": {"uv": [6, 24], "uv_size": [0.25, 0.25]}
							}
						},
						{
							"origin": [0.43528, 0.99495, 0.78907],
							"size": [0.12944, 0.125, 0.125],
							"pivot": [0.5, 1.04637, 0.9375],
							"rotation": [-25, -45, 90],
							"uv": {
								"north": {"uv": [24, 6], "uv_size": [0.25, 0.25]},
								"east": {"uv": [7, 24], "uv_size": [0.25, 0.25]},
								"south": {"uv": [24, 7], "uv_size": [0.25, 0.25]},
								"west": {"uv": [8, 24], "uv_size": [0.25, 0.25]},
								"up": {"uv": [24, 8], "uv_size": [0.25, 0.25]}
							}
						},
						{
							"origin": [-0.0625, 1.42188, 1.03125],
							"size": [0.125, 0.0625, 0.125],
							"pivot": [0, 1.01562, 1.09375],
							"rotation": [0, 45, 45],
							"uv": {
								"east": {"uv": [9, 24], "uv_size": [0.25, 0.25]},
								"south": {"uv": [24, 9], "uv_size": [0.25, 0.25]},
								"west": {"uv": [10, 24], "uv_size": [0.25, 0.25]},
								"up": {"uv": [24, 10], "uv_size": [0.25, 0.25]}
							}
						},
						{
							"origin": [0.40625, -0.5625, -1.875],
							"size": [0.0625, 0.5625, 0.625],
							"inflate": 0.001,
							"uv": {
								"north": {"uv": [16, 15], "uv_size": [0.25, 0.5]},
								"east": {"uv": [9, 4], "uv_size": [0.75, 0.5]},
								"south": {"uv": [16, 16], "uv_size": [0.25, 0.5]},
								"west": {"uv": [5, 9], "uv_size": [0.75, 0.5]}
							}
						},
						{
							"origin": [0.40625, -0.0625, -1.25],
							"size": [0.0625, 0.0625, 0.25],
							"inflate": 0.001,
							"uv": {
								"east": {"uv": [11, 24], "uv_size": [0.25, 0.25]},
								"south": {"uv": [24, 11], "uv_size": [0.25, 0.25]},
								"west": {"uv": [12, 24], "uv_size": [0.25, 0.25]}
							}
						},
						{
							"origin": [0.40625, -0.3125, -1.08314],
							"size": [0.0625, 0.25, 0.08314],
							"pivot": [0.53125, -0.0625, -1],
							"rotation": [-40, 0, 0],
							"uv": {
								"east": {"uv": [24, 12], "uv_size": [0.25, 0.25]},
								"south": {"uv": [13, 24], "uv_size": [0.25, 0.25]},
								"west": {"uv": [24, 13], "uv_size": [0.25, 0.25]}
							}
						},
						{
							"origin": [0.40625, -0.45808, -1.3248],
							"size": [0.0625, 0.39969, 0.16411],
							"inflate": 0.0005,
							"pivot": [0.53125, -0.25401, -1.1607],
							"rotation": [-25.95195, 0, 0],
							"uv": {
								"east": {"uv": [0, 17], "uv_size": [0.25, 0.5]},
								"south": {"uv": [17, 0], "uv_size": [0.25, 0.5]},
								"west": {"uv": [1, 17], "uv_size": [0.25, 0.5]}
							}
						},
						{
							"origin": [-0.46875, -0.0625, -1.25],
							"size": [0.0625, 0.0625, 0.25],
							"inflate": 0.001,
							"uv": {
								"east": {"uv": [14, 24], "uv_size": [0.25, 0.25]},
								"south": {"uv": [24, 14], "uv_size": [0.25, 0.25]},
								"west": {"uv": [15, 24], "uv_size": [0.25, 0.25]}
							}
						},
						{
							"origin": [-0.46875, -0.3125, -1.08314],
							"size": [0.0625, 0.25, 0.08314],
							"pivot": [-0.53125, -0.0625, -1],
							"rotation": [-40, 0, 0],
							"uv": {
								"east": {"uv": [24, 15], "uv_size": [0.25, 0.25]},
								"south": {"uv": [16, 24], "uv_size": [0.25, 0.25]},
								"west": {"uv": [24, 16], "uv_size": [0.25, 0.25]}
							}
						},
						{
							"origin": [-0.46875, -0.5625, -1.875],
							"size": [0.0625, 0.5625, 0.625],
							"inflate": 0.001,
							"uv": {
								"north": {"uv": [17, 1], "uv_size": [0.25, 0.5]},
								"east": {"uv": [9, 5], "uv_size": [0.75, 0.5]},
								"south": {"uv": [2, 17], "uv_size": [0.25, 0.5]},
								"west": {"uv": [6, 9], "uv_size": [0.75, 0.5]}
							}
						},
						{
							"origin": [-0.46875, -0.45808, -1.3248],
							"size": [0.0625, 0.39969, 0.16411],
							"inflate": 0.0005,
							"pivot": [-0.53125, -0.25401, -1.1607],
							"rotation": [-25.95195, 0, 0],
							"uv": {
								"east": {"uv": [17, 2], "uv_size": [0.25, 0.5]},
								"south": {"uv": [3, 17], "uv_size": [0.25, 0.5]},
								"west": {"uv": [17, 3], "uv_size": [0.25, 0.5]}
							}
						},
						{
							"origin": [0, -0.17787, -1.875],
							"size": [0.0625, 0.61537, 0.9375],
							"inflate": 0.001,
							"pivot": [0.0625, 0.375, -1.90625],
							"rotation": [0, 0, -47.29061],
							"uv": {
								"north": {"uv": [4, 17], "uv_size": [0.25, 0.5]},
								"east": {"uv": [9, 2], "uv_size": [1, 0.5]},
								"south": {"uv": [17, 4], "uv_size": [0.25, 0.5]},
								"west": {"uv": [3, 9], "uv_size": [1, 0.5]},
								"down": {"uv": [9, 12], "uv_size": [0.25, -1]}
							}
						},
						{
							"origin": [0.40625, 0, -1.25],
							"size": [0.0625, 0.36537, 0.3125],
							"pivot": [0.46875, 0, -0.9375],
							"rotation": [-35, 0, -47.29061],
							"uv": {
								"north": {"uv": [17, 24], "uv_size": [0.25, 0.25]},
								"east": {"uv": [24, 17], "uv_size": [0.25, 0.25]},
								"south": {"uv": [18, 24], "uv_size": [0.25, 0.25]},
								"west": {"uv": [24, 18], "uv_size": [0.25, 0.25]},
								"up": {"uv": [19, 24], "uv_size": [0.25, 0.25]},
								"down": {"uv": [24, 19.25], "uv_size": [0.25, -0.25]}
							}
						},
						{
							"origin": [0.18633, 0.203, -1.04043],
							"size": [0.0625, 0.3125, 0.3125],
							"inflate": 0.0005,
							"pivot": [0.24883, 0.203, -0.72793],
							"rotation": [-25, 0, -47.29061],
							"uv": {
								"east": {"uv": [20, 24], "uv_size": [0.25, 0.25]},
								"south": {"uv": [24, 20], "uv_size": [0.25, 0.25]},
								"west": {"uv": [21, 24], "uv_size": [0.25, 0.25]},
								"down": {"uv": [24, 21.25], "uv_size": [0.25, -0.25]}
							}
						},
						{
							"origin": [-0.24883, 0.203, -1.04043],
							"size": [0.0625, 0.3125, 0.3125],
							"inflate": 0.0005,
							"pivot": [-0.24883, 0.203, -0.72793],
							"rotation": [-25, 0, 47.29061],
							"uv": {
								"east": {"uv": [22, 24], "uv_size": [0.25, 0.25]},
								"south": {"uv": [24, 22], "uv_size": [0.25, 0.25]},
								"west": {"uv": [23, 24], "uv_size": [0.25, 0.25]},
								"down": {"uv": [24, 23.25], "uv_size": [0.25, -0.25]}
							}
						},
						{
							"origin": [-0.46875, 0, -1.25],
							"size": [0.0625, 0.36537, 0.3125],
							"pivot": [-0.46875, 0, -0.9375],
							"rotation": [-35, 0, 47.29061],
							"uv": {
								"north": {"uv": [24, 24], "uv_size": [0.25, 0.25]},
								"east": {"uv": [0, 25], "uv_size": [0.25, 0.25]},
								"south": {"uv": [25, 0], "uv_size": [0.25, 0.25]},
								"west": {"uv": [1, 25], "uv_size": [0.25, 0.25]},
								"up": {"uv": [25, 1], "uv_size": [0.25, 0.25]},
								"down": {"uv": [2, 25.25], "uv_size": [0.25, -0.25]}
							}
						},
						{
							"origin": [-0.0625, -0.17787, -1.875],
							"size": [0.0625, 0.61537, 0.9375],
							"inflate": 0.001,
							"pivot": [-0.0625, 0.375, -1.90625],
							"rotation": [0, 0, 47.29061],
							"uv": {
								"north": {"uv": [5, 17], "uv_size": [0.25, 0.5]},
								"east": {"uv": [9, 3], "uv_size": [1, 0.5]},
								"south": {"uv": [17, 5], "uv_size": [0.25, 0.5]},
								"west": {"uv": [4, 9], "uv_size": [1, 0.5]},
								"down": {"uv": [11, 10], "uv_size": [0.25, -1]}
							}
						},
						{
							"origin": [0.40625, -0.75, -1.875],
							"size": [0.0625, 0.1875, 0.625],
							"pivot": [0.46875, -0.5625, -1.25],
							"rotation": [0, 0, 20],
							"uv": {
								"north": {"uv": [25, 2], "uv_size": [0.25, 0.25]},
								"east": {"uv": [0, 13], "uv_size": [0.75, 0.25]},
								"south": {"uv": [3, 25], "uv_size": [0.25, 0.25]},
								"west": {"uv": [13, 0], "uv_size": [0.75, 0.25]},
								"down": {"uv": [1, 13.75], "uv_size": [0.25, -0.75]}
							}
						},
						{
							"origin": [0.34375, -1.125, -1.875],
							"size": [0.0625, 0.40625, 0.625],
							"inflate": 0.001,
							"uv": {
								"north": {"uv": [6, 17], "uv_size": [0.25, 0.5]},
								"east": {"uv": [9, 6], "uv_size": [0.75, 0.5]},
								"south": {"uv": [17, 6], "uv_size": [0.25, 0.5]},
								"west": {"uv": [7, 9], "uv_size": [0.75, 0.5]}
							}
						},
						{
							"origin": [0.34375, -1.3125, -1.6875],
							"size": [0.0625, 0.1875, 0.25],
							"inflate": 0.001,
							"uv": {
								"east": {"uv": [25, 3], "uv_size": [0.25, 0.25]},
								"west": {"uv": [4, 25], "uv_size": [0.25, 0.25]},
								"down": {"uv": [25, 4.25], "uv_size": [0.25, -0.25]}
							}
						},
						{
							"origin": [0.34375, -1.3125, -1.95267],
							"size": [0.0625, 0.13258, 0.26517],
							"pivot": [0.40625, -1.3125, -1.6875],
							"rotation": [-45, 0, 0],
							"uv": {
								"east": {"uv": [5, 25], "uv_size": [0.25, 0.25]},
								"west": {"uv": [25, 5], "uv_size": [0.25, 0.25]},
								"down": {"uv": [6, 25.25], "uv_size": [0.25, -0.25]}
							}
						},
						{
							"origin": [0.34375, -1.3125, -1.4375],
							"size": [0.0625, 0.13258, 0.26517],
							"pivot": [0.40625, -1.3125, -1.4375],
							"rotation": [45, 0, 0],
							"uv": {
								"east": {"uv": [25, 6], "uv_size": [0.25, 0.25]},
								"west": {"uv": [7, 25], "uv_size": [0.25, 0.25]},
								"down": {"uv": [25, 7.25], "uv_size": [0.25, -0.25]}
							}
						},
						{
							"origin": [-0.46875, -1.1875, -1.6875],
							"size": [0.9375, 0.1875, 0.1875],
							"pivot": [0.40625, -1.125, -1.5625],
							"rotation": [-45, 0, 0],
							"uv": {
								"north": {"uv": [10, 11], "uv_size": [1, 0.25]},
								"east": {"uv": [8, 25], "uv_size": [0.25, 0.25]},
								"south": {"uv": [11, 10], "uv_size": [1, 0.25]},
								"west": {"uv": [25, 8], "uv_size": [0.25, 0.25]},
								"up": {"uv": [11, 11], "uv_size": [1, 0.25]},
								"down": {"uv": [0, 12.25], "uv_size": [1, -0.25]}
							}
						},
						{
							"origin": [-0.46875, -0.75, -1.875],
							"size": [0.0625, 0.1875, 0.625],
							"pivot": [-0.46875, -0.5625, -1.25],
							"rotation": [0, 0, -20],
							"uv": {
								"north": {"uv": [9, 25], "uv_size": [0.25, 0.25]},
								"east": {"uv": [13, 1], "uv_size": [0.75, 0.25]},
								"south": {"uv": [25, 9], "uv_size": [0.25, 0.25]},
								"west": {"uv": [2, 13], "uv_size": [0.75, 0.25]},
								"down": {"uv": [13, 2.75], "uv_size": [0.25, -0.75]}
							}
						},
						{
							"origin": [-0.40625, -1.3125, -1.95267],
							"size": [0.0625, 0.13258, 0.26517],
							"pivot": [-0.40625, -1.3125, -1.6875],
							"rotation": [-45, 0, 0],
							"uv": {
								"east": {"uv": [10, 25], "uv_size": [0.25, 0.25]},
								"west": {"uv": [25, 10], "uv_size": [0.25, 0.25]},
								"down": {"uv": [11, 25.25], "uv_size": [0.25, -0.25]}
							}
						},
						{
							"origin": [-0.40625, -1.3125, -1.6875],
							"size": [0.0625, 0.1875, 0.25],
							"inflate": 0.001,
							"uv": {
								"east": {"uv": [25, 11], "uv_size": [0.25, 0.25]},
								"west": {"uv": [12, 25], "uv_size": [0.25, 0.25]},
								"down": {"uv": [25, 12.25], "uv_size": [0.25, -0.25]}
							}
						},
						{
							"origin": [-0.40625, -1.3125, -1.4375],
							"size": [0.0625, 0.13258, 0.26517],
							"pivot": [-0.40625, -1.3125, -1.4375],
							"rotation": [45, 0, 0],
							"uv": {
								"east": {"uv": [13, 25], "uv_size": [0.25, 0.25]},
								"west": {"uv": [25, 13], "uv_size": [0.25, 0.25]},
								"down": {"uv": [14, 25.25], "uv_size": [0.25, -0.25]}
							}
						},
						{
							"origin": [-0.40625, -1.125, -1.875],
							"size": [0.0625, 0.40625, 0.625],
							"inflate": 0.001,
							"uv": {
								"north": {"uv": [7, 17], "uv_size": [0.25, 0.5]},
								"east": {"uv": [9, 7], "uv_size": [0.75, 0.5]},
								"south": {"uv": [17, 7], "uv_size": [0.25, 0.5]},
								"west": {"uv": [8, 9], "uv_size": [0.75, 0.5]}
							}
						},
						{
							"origin": [-0.0625, 1.42188, 0.21875],
							"size": [0.125, 0.0625, 0.125],
							"pivot": [0, 1.01562, 0.28125],
							"rotation": [0, 45, 90],
							"uv": {
								"north": {"uv": [25, 14], "uv_size": [0.25, 0.25]},
								"east": {"uv": [15, 25], "uv_size": [0.25, 0.25]},
								"south": {"uv": [25, 15], "uv_size": [0.25, 0.25]},
								"west": {"uv": [16, 25], "uv_size": [0.25, 0.25]},
								"up": {"uv": [25, 16], "uv_size": [0.25, 0.25]},
								"down": {"uv": [17, 25.25], "uv_size": [0.25, -0.25]}
							}
						},
						{
							"origin": [-0.0625, 1.42188, 0.21875],
							"size": [0.125, 0.0625, 0.125],
							"pivot": [0, 1.01562, 0.28125],
							"rotation": [0, 45, 0],
							"uv": {
								"north": {"uv": [25, 17], "uv_size": [0.25, 0.25]},
								"east": {"uv": [18, 25], "uv_size": [0.25, 0.25]},
								"south": {"uv": [25, 18], "uv_size": [0.25, 0.25]},
								"west": {"uv": [19, 25], "uv_size": [0.25, 0.25]},
								"up": {"uv": [25, 19], "uv_size": [0.25, 0.25]},
								"down": {"uv": [20, 25.25], "uv_size": [0.25, -0.25]}
							}
						},
						{
							"origin": [-0.0625, 1.42188, 0.21875],
							"size": [0.125, 0.0625, 0.125],
							"pivot": [0, 1.01562, 0.28125],
							"rotation": [0, 45, 45],
							"uv": {
								"north": {"uv": [25, 20], "uv_size": [0.25, 0.25]},
								"east": {"uv": [21, 25], "uv_size": [0.25, 0.25]},
								"south": {"uv": [25, 21], "uv_size": [0.25, 0.25]},
								"west": {"uv": [22, 25], "uv_size": [0.25, 0.25]},
								"up": {"uv": [25, 22], "uv_size": [0.25, 0.25]},
								"down": {"uv": [23, 25.25], "uv_size": [0.25, -0.25]}
							}
						}
					]
				},
				{
					"name": "ocular",
					"parent": "scope_body",
					"pivot": [0, 1.01563, 2.46875],
					"cubes": [
						{
							"origin": [-0.10048, 0.64063, 2.34375],
							"size": [0.20096, 0.75, 0.25],
							"inflate": 0.002,
							"pivot": [0, 1.01563, 1.59375],
							"rotation": [0, 0, 90],
							"uv": {
								"south": {"uv": [11, 12], "uv_size": [0.25, 0.75]}
							}
						},
						{
							"origin": [-0.10048, 0.64063, 2.34375],
							"size": [0.20096, 0.75, 0.25],
							"inflate": 0.0005,
							"pivot": [0, 1.01563, 1.59375],
							"rotation": [0, 0, 150],
							"uv": {
								"south": {"uv": [12, 12], "uv_size": [0.25, 0.75]}
							}
						},
						{
							"origin": [-0.10048, 0.64063, 2.34375],
							"size": [0.20096, 0.75, 0.25],
							"pivot": [0, 1.01563, 1.59375],
							"rotation": [0, 0, 120],
							"uv": {
								"south": {"uv": [12, 11], "uv_size": [0.25, 0.75]}
							}
						},
						{
							"origin": [-0.10048, 0.64063, 2.34375],
							"size": [0.20096, 0.75, 0.25],
							"pivot": [0, 1.01563, 1.59375],
							"rotation": [0, 0, 60],
							"uv": {
								"south": {"uv": [12, 10], "uv_size": [0.25, 0.75]}
							}
						},
						{
							"origin": [-0.10048, 0.64063, 2.34375],
							"size": [0.20096, 0.75, 0.25],
							"inflate": 0.0005,
							"pivot": [0, 1.01563, 1.59375],
							"rotation": [0, 0, 30],
							"uv": {
								"south": {"uv": [10, 12], "uv_size": [0.25, 0.75]}
							}
						},
						{
							"origin": [-0.10048, 0.64063, 2.34375],
							"size": [0.20096, 0.75, 0.25],
							"inflate": 0.001,
							"uv": {
								"south": {"uv": [12, 9], "uv_size": [0.25, 0.75]}
							}
						}
					]
				},
				{
					"name": "ocular_ring",
					"parent": "scope_body",
					"pivot": [0, 1.01563, 3.28125],
					"cubes": [
						{
							"origin": [-0.13397, 1.39063, 2.34375],
							"size": [0.26795, 0.125, 0.375],
							"pivot": [0, 1.01563, 2.71875],
							"rotation": [0, 0, -60],
							"uv": {
								"north": {"uv": [19, 18], "uv_size": [0.25, 0.25]},
								"south": {"uv": [19, 19], "uv_size": [0.25, 0.25]},
								"up": {"uv": [8, 15], "uv_size": [0.25, 0.5]},
								"down": {"uv": [15, 8.5], "uv_size": [0.25, -0.5]}
							}
						},
						{
							"origin": [-0.13397, 1.39063, 2.34375],
							"size": [0.26795, 0.125, 0.375],
							"pivot": [0, 1.01563, 2.71875],
							"rotation": [0, 0, -90],
							"uv": {
								"north": {"uv": [19, 17], "uv_size": [0.25, 0.25]},
								"south": {"uv": [18, 19], "uv_size": [0.25, 0.25]},
								"up": {"uv": [7, 15], "uv_size": [0.25, 0.5]},
								"down": {"uv": [15, 7.5], "uv_size": [0.25, -0.5]}
							}
						},
						{
							"origin": [-0.13397, 0.51563, 2.34375],
							"size": [0.26795, 0.125, 0.375],
							"pivot": [0, 1.01563, 2.71875],
							"rotation": [0, 0, 60],
							"uv": {
								"north": {"uv": [20, 11], "uv_size": [0.25, 0.25]},
								"south": {"uv": [12, 20], "uv_size": [0.25, 0.25]},
								"up": {"uv": [16, 5], "uv_size": [0.25, 0.5]},
								"down": {"uv": [6, 16.5], "uv_size": [0.25, -0.5]}
							}
						},
						{
							"origin": [-0.13397, 0.51563, 2.34375],
							"size": [0.26795, 0.125, 0.375],
							"pivot": [0, 1.01563, 2.71875],
							"rotation": [0, 0, 30],
							"uv": {
								"north": {"uv": [20, 9], "uv_size": [0.25, 0.25]},
								"south": {"uv": [10, 20], "uv_size": [0.25, 0.25]},
								"up": {"uv": [16, 3], "uv_size": [0.25, 0.5]},
								"down": {"uv": [4, 16.5], "uv_size": [0.25, -0.5]}
							}
						},
						{
							"origin": [-0.13397, 0.51563, 2.34375],
							"size": [0.26795, 0.125, 0.375],
							"uv": {
								"north": {"uv": [7, 20], "uv_size": [0.25, 0.25]},
								"south": {"uv": [20, 7], "uv_size": [0.25, 0.25]},
								"up": {"uv": [16, 0], "uv_size": [0.25, 0.5]},
								"down": {"uv": [1, 16.5], "uv_size": [0.25, -0.5]}
							}
						},
						{
							"origin": [-0.13397, 0.51563, 2.34375],
							"size": [0.26795, 0.125, 0.375],
							"pivot": [0, 1.01563, 2.71875],
							"rotation": [0, 0, -30],
							"uv": {
								"north": {"uv": [5, 20], "uv_size": [0.25, 0.25]},
								"south": {"uv": [20, 5], "uv_size": [0.25, 0.25]},
								"up": {"uv": [14, 15], "uv_size": [0.25, 0.5]},
								"down": {"uv": [15, 14.5], "uv_size": [0.25, -0.5]}
							}
						},
						{
							"origin": [-0.13397, 0.51563, 2.34375],
							"size": [0.26795, 0.125, 0.375],
							"pivot": [0, 1.01563, 2.71875],
							"rotation": [0, 0, -60],
							"uv": {
								"north": {"uv": [4, 20], "uv_size": [0.25, 0.25]},
								"south": {"uv": [20, 4], "uv_size": [0.25, 0.25]},
								"up": {"uv": [13, 15], "uv_size": [0.25, 0.5]},
								"down": {"uv": [15, 13.5], "uv_size": [0.25, -0.5]}
							}
						},
						{
							"origin": [-0.13397, 1.39063, 2.34375],
							"size": [0.26795, 0.125, 0.375],
							"pivot": [0, 1.01563, 2.71875],
							"rotation": [0, 0, 90],
							"uv": {
								"north": {"uv": [18, 15], "uv_size": [0.25, 0.25]},
								"south": {"uv": [16, 18], "uv_size": [0.25, 0.25]},
								"up": {"uv": [14, 3], "uv_size": [0.25, 0.5]},
								"down": {"uv": [4, 14.5], "uv_size": [0.25, -0.5]}
							}
						},
						{
							"origin": [-0.13397, 1.39063, 2.34375],
							"size": [0.26795, 0.125, 0.375],
							"pivot": [0, 1.01563, 2.71875],
							"rotation": [0, 0, 60],
							"uv": {
								"north": {"uv": [18, 14], "uv_size": [0.25, 0.25]},
								"south": {"uv": [15, 18], "uv_size": [0.25, 0.25]},
								"up": {"uv": [14, 2], "uv_size": [0.25, 0.5]},
								"down": {"uv": [3, 14.5], "uv_size": [0.25, -0.5]}
							}
						},
						{
							"origin": [-0.13397, 1.39063, 2.34375],
							"size": [0.26795, 0.125, 0.375],
							"pivot": [0, 1.01563, 2.71875],
							"rotation": [0, 0, 30],
							"uv": {
								"north": {"uv": [18, 13], "uv_size": [0.25, 0.25]},
								"south": {"uv": [14, 18], "uv_size": [0.25, 0.25]},
								"up": {"uv": [14, 1], "uv_size": [0.25, 0.5]},
								"down": {"uv": [2, 14.5], "uv_size": [0.25, -0.5]}
							}
						},
						{
							"origin": [-0.13397, 1.39063, 2.34375],
							"size": [0.26795, 0.125, 0.375],
							"uv": {
								"north": {"uv": [18, 12], "uv_size": [0.25, 0.25]},
								"south": {"uv": [13, 18], "uv_size": [0.25, 0.25]},
								"up": {"uv": [14, 0], "uv_size": [0.25, 0.5]},
								"down": {"uv": [1, 14.5], "uv_size": [0.25, -0.5]}
							}
						},
						{
							"origin": [-0.13397, 1.39063, 2.34375],
							"size": [0.26795, 0.125, 0.375],
							"pivot": [0, 1.01563, 2.71875],
							"rotation": [0, 0, -30],
							"uv": {
								"north": {"uv": [2, 20], "uv_size": [0.25, 0.25]},
								"south": {"uv": [20, 2], "uv_size": [0.25, 0.25]},
								"up": {"uv": [11, 15], "uv_size": [0.25, 0.5]},
								"down": {"uv": [15, 11.5], "uv_size": [0.25, -0.5]}
							}
						},
						{
							"origin": [-0.1256, 1.42188, 2.28125],
							"size": [0.2512, 0.0625, 0.5],
							"uv": {
								"south": {"uv": [18, 16], "uv_size": [0.25, 0.25]},
								"up": {"uv": [14, 4], "uv_size": [0.25, 0.5]},
								"down": {"uv": [5, 14.5], "uv_size": [0.25, -0.5]}
							}
						},
						{
							"origin": [-0.1256, 1.42188, 2.28125],
							"size": [0.2512, 0.0625, 0.5],
							"pivot": [0, 1.01563, 3.28125],
							"rotation": [0, 0, -30],
							"uv": {
								"north": {"uv": [1, 20], "uv_size": [0.25, 0.25]},
								"south": {"uv": [20, 1], "uv_size": [0.25, 0.25]},
								"up": {"uv": [10, 15], "uv_size": [0.25, 0.5]},
								"down": {"uv": [15, 10.5], "uv_size": [0.25, -0.5]}
							}
						},
						{
							"origin": [-0.1256, 1.42188, 2.28125],
							"size": [0.2512, 0.0625, 0.5],
							"pivot": [0, 1.01563, 3.28125],
							"rotation": [0, 0, -60],
							"uv": {
								"north": {"uv": [0, 20], "uv_size": [0.25, 0.25]},
								"south": {"uv": [20, 0], "uv_size": [0.25, 0.25]},
								"up": {"uv": [9, 15], "uv_size": [0.25, 0.5]},
								"down": {"uv": [15, 9.5], "uv_size": [0.25, -0.5]}
							}
						},
						{
							"origin": [-0.1256, 1.42188, 2.28125],
							"size": [0.2512, 0.0625, 0.5],
							"pivot": [0, 1.01563, 3.28125],
							"rotation": [0, 0, -90],
							"uv": {
								"north": {"uv": [19, 16], "uv_size": [0.25, 0.25]},
								"south": {"uv": [17, 19], "uv_size": [0.25, 0.25]},
								"up": {"uv": [6, 15], "uv_size": [0.25, 0.5]},
								"down": {"uv": [15, 6.5], "uv_size": [0.25, -0.5]}
							}
						},
						{
							"origin": [-0.1256, 0.54688, 2.28125],
							"size": [0.2512, 0.0625, 0.5],
							"pivot": [0, 1.01563, 3.28125],
							"rotation": [0, 0, 60],
							"uv": {
								"north": {"uv": [20, 10], "uv_size": [0.25, 0.25]},
								"south": {"uv": [11, 20], "uv_size": [0.25, 0.25]},
								"up": {"uv": [16, 4], "uv_size": [0.25, 0.5]},
								"down": {"uv": [5, 16.5], "uv_size": [0.25, -0.5]}
							}
						},
						{
							"origin": [-0.1256, 0.54688, 2.28125],
							"size": [0.2512, 0.0625, 0.5],
							"pivot": [0, 1.01563, 3.28125],
							"rotation": [0, 0, 30],
							"uv": {
								"north": {"uv": [20, 8], "uv_size": [0.25, 0.25]},
								"south": {"uv": [9, 20], "uv_size": [0.25, 0.25]},
								"up": {"uv": [16, 2], "uv_size": [0.25, 0.5]},
								"down": {"uv": [3, 16.5], "uv_size": [0.25, -0.5]}
							}
						},
						{
							"origin": [-0.1256, 0.54688, 2.28125],
							"size": [0.2512, 0.0625, 0.5],
							"uv": {
								"south": {"uv": [8, 20], "uv_size": [0.25, 0.25]},
								"up": {"uv": [16, 1], "uv_size": [0.25, 0.5]},
								"down": {"uv": [2, 16.5], "uv_size": [0.25, -0.5]}
							}
						},
						{
							"origin": [-0.1256, 0.54688, 2.28125],
							"size": [0.2512, 0.0625, 0.5],
							"pivot": [0, 1.01563, 3.28125],
							"rotation": [0, 0, -30],
							"uv": {
								"north": {"uv": [6, 20], "uv_size": [0.25, 0.25]},
								"south": {"uv": [20, 6], "uv_size": [0.25, 0.25]},
								"up": {"uv": [15, 15], "uv_size": [0.25, 0.5]},
								"down": {"uv": [0, 16.5], "uv_size": [0.25, -0.5]}
							}
						},
						{
							"origin": [-0.1256, 0.54688, 2.28125],
							"size": [0.2512, 0.0625, 0.5],
							"pivot": [0, 1.01563, 3.28125],
							"rotation": [0, 0, -60],
							"uv": {
								"north": {"uv": [3, 20], "uv_size": [0.25, 0.25]},
								"south": {"uv": [20, 3], "uv_size": [0.25, 0.25]},
								"up": {"uv": [12, 15], "uv_size": [0.25, 0.5]},
								"down": {"uv": [15, 12.5], "uv_size": [0.25, -0.5]}
							}
						},
						{
							"origin": [-0.1256, 1.42188, 2.28125],
							"size": [0.2512, 0.0625, 0.5],
							"pivot": [0, 1.01563, 3.28125],
							"rotation": [0, 0, 90],
							"uv": {
								"north": {"uv": [19, 0], "uv_size": [0.25, 0.25]},
								"south": {"uv": [1, 19], "uv_size": [0.25, 0.25]},
								"up": {"uv": [14, 7], "uv_size": [0.25, 0.5]},
								"down": {"uv": [8, 14.5], "uv_size": [0.25, -0.5]}
							}
						},
						{
							"origin": [-0.1256, 1.42188, 2.28125],
							"size": [0.2512, 0.0625, 0.5],
							"pivot": [0, 1.01563, 3.28125],
							"rotation": [0, 0, 60],
							"uv": {
								"north": {"uv": [18, 18], "uv_size": [0.25, 0.25]},
								"south": {"uv": [0, 19], "uv_size": [0.25, 0.25]},
								"up": {"uv": [14, 6], "uv_size": [0.25, 0.5]},
								"down": {"uv": [7, 14.5], "uv_size": [0.25, -0.5]}
							}
						},
						{
							"origin": [-0.1256, 1.42188, 2.28125],
							"size": [0.2512, 0.0625, 0.5],
							"pivot": [0, 1.01563, 3.28125],
							"rotation": [0, 0, 30],
							"uv": {
								"north": {"uv": [17, 18], "uv_size": [0.25, 0.25]},
								"south": {"uv": [18, 17], "uv_size": [0.25, 0.25]},
								"up": {"uv": [14, 5], "uv_size": [0.25, 0.5]},
								"down": {"uv": [6, 14.5], "uv_size": [0.25, -0.5]}
							}
						}
					]
				},
				{
					"name": "scope_view",
					"pivot": [0, 1.01563, 6.5]
				},
				{
					"name": "division",
					"pivot": [-0.08437, 1.04688, -164.575],
					"cubes": [
						{
							"origin": [-26.1875, -25.21874, -165.75],
							"size": [52.375, 52.40625, 0.25],
							"uv": {
								"south": {"uv": [35.76563, 33.76563], "uv_size": [92.21875, 92.21875]}
							}
						},
						{
							"origin": [-92.89375, -75.20312, -165.75],
							"size": [66.70625, 152.375, 0.25],
							"uv": {
								"south": {"uv": [40.96875, 116.875], "uv_size": [1, 1]}
							}
						},
						{
							"origin": [-26.1875, 27.17188, -165.75],
							"size": [52.375, 50, 0.25],
							"uv": {
								"south": {"uv": [40.125, 116], "uv_size": [1, 1]}
							}
						},
						{
							"origin": [26.1875, -75.20312, -165.75],
							"size": [62.26875, 152.375, 0.25],
							"uv": {
								"south": {"uv": [41.10558, 117.0625], "uv_size": [0.92567, 1]}
							}
						},
						{
							"origin": [-26.1875, -75.20312, -165.75],
							"size": [52.375, 50, 0.25],
							"uv": {
								"south": {"uv": [39, 116.42125], "uv_size": [1, 0.86]}
							}
						}
					]
				},
				{
					"name": "crosshair_illuminated",
					"parent": "division",
					"pivot": [-1.07231, -4.80149, -165.375],
					"cubes": [
						{
							"origin": [-26.75, 1.26563, -165.375],
							"size": [27, 0.21875, 0],
							"pivot": [-0.00001, 1.375, -165.375],
							"rotation": [0, 0, -90],
							"uv": {
								"south": {"uv": [38.5, 38], "uv_size": [14.5, 0.375]}
							}
						},
						{
							"origin": [-26.75, 0.76563, -165.375],
							"size": [17.5, 1.21875, 0],
							"pivot": [-0.00001, 1.375, -165.375],
							"rotation": [0, 0, -90],
							"uv": {
								"south": {"uv": [38.5, 38], "uv_size": [14.5, 0.375]}
							}
						},
						{
							"origin": [-0.25242, -7.875, -165.375],
							"size": [0.86179, 0.86179, 0],
							"pivot": [0.60937, -7.875, -165.374],
							"rotation": [0, 0, -45],
							"uv": {
								"south": {"uv": [38.5, 38], "uv_size": [14.5, 0.375]}
							}
						},
						{
							"origin": [-0.10937, -25.24999, -165.375],
							"size": [0.21875, 24.375, 0],
							"pivot": [0, 1.6875, -165.375],
							"rotation": [0, 0, -90],
							"uv": {
								"south": {"uv": [41.5, 33.25], "uv_size": [0.375, 14.5]}
							}
						},
						{
							"origin": [-0.10938, -25.24999, -165.375],
							"size": [0.21875, 24.375, 0],
							"pivot": [0, 1.6875, -165.375],
							"rotation": [0, 0, 90],
							"uv": {
								"south": {"uv": [41.875, 33.25], "uv_size": [-0.375, 14.5]}
							}
						}
					]
				},
				{
					"name": "cross_illuminated",
					"parent": "division",
					"pivot": [0, 1.625, -165.3125]
				}
			]
		}
	]
}