{
	"format_version": "1.12.0",
	"minecraft:geometry": [
		{
			"description": {
				"identifier": "geometry.unknown",
				"texture_width": 128,
				"texture_height": 256,
				"visible_bounds_width": 13,
				"visible_bounds_height": 11,
				"visible_bounds_offset": [0, 0.5, 0]
			},
			"bones": [
				{
					"name": "scope_body",
					"pivot": [0, 1.375, -3.15625],
					"cubes": [
						{
							"origin": [-0.18026, 2.15625, 3.5],
							"size": [0.36053, 0.125, 1.4375],
							"pivot": [0, 1.375, 4.4375],
							"rotation": [0, 0, 22.5],
							"uv": {
								"north": {"uv": [5, 38], "uv_size": [0.25, 0.25]},
								"south": {"uv": [38, 5], "uv_size": [0.25, 0.25]},
								"up": {"uv": [25, 9.46667], "uv_size": [0.25, 1.53333]},
								"down": {"uv": [12, 27], "uv_size": [0.25, -1.53333]}
							}
						},
						{
							"origin": [-0.18026, 2.15625, 3.5],
							"size": [0.36053, 0.125, 1.4375],
							"pivot": [0, 1.375, 4.4375],
							"rotation": [0, 0, 45],
							"uv": {
								"north": {"uv": [6, 38], "uv_size": [0.25, 0.25]},
								"south": {"uv": [38, 6], "uv_size": [0.25, 0.25]},
								"up": {"uv": [25, 12.46667], "uv_size": [0.25, 1.53333]},
								"down": {"uv": [13, 27], "uv_size": [0.25, -1.53333]}
							}
						},
						{
							"origin": [0.78125, 1.19474, 3.5],
							"size": [0.125, 0.36053, 1.4375],
							"pivot": [0, 1.375, 4.4375],
							"rotation": [0, 0, -22.5],
							"uv": {
								"north": {"uv": [7, 38], "uv_size": [0.25, 0.25]},
								"east": {"uv": [25.46667, 14], "uv_size": [1.53333, 0.25]},
								"south": {"uv": [38, 7], "uv_size": [0.25, 0.25]},
								"west": {"uv": [25, 15], "uv_size": [1.53333, 0.25]}
							}
						},
						{
							"origin": [0.78125, 1.19474, 3.5],
							"size": [0.125, 0.36053, 1.4375],
							"uv": {
								"north": {"uv": [8, 38], "uv_size": [0.25, 0.25]},
								"east": {"uv": [16.46667, 25], "uv_size": [1.53333, 0.25]},
								"south": {"uv": [38, 8], "uv_size": [0.25, 0.25]},
								"west": {"uv": [18, 25], "uv_size": [1.53333, 0.25]}
							}
						},
						{
							"origin": [0.78125, 1.19474, 3.5],
							"size": [0.125, 0.36053, 1.4375],
							"pivot": [0, 1.375, 4.4375],
							"rotation": [0, 0, 22.5],
							"uv": {
								"north": {"uv": [9, 38], "uv_size": [0.25, 0.25]},
								"east": {"uv": [25.46667, 18], "uv_size": [1.53333, 0.25]},
								"south": {"uv": [38, 9], "uv_size": [0.25, 0.25]},
								"west": {"uv": [25, 19], "uv_size": [1.53333, 0.25]}
							}
						},
						{
							"origin": [-0.18026, 0.46875, 3.5],
							"size": [0.36053, 0.125, 1.4375],
							"pivot": [0, 1.375, 4.4375],
							"rotation": [0, 0, -45],
							"uv": {
								"north": {"uv": [10, 38], "uv_size": [0.25, 0.25]},
								"south": {"uv": [38, 10], "uv_size": [0.25, 0.25]},
								"up": {"uv": [25, 20.46667], "uv_size": [0.25, 1.53333]},
								"down": {"uv": [21, 27], "uv_size": [0.25, -1.53333]}
							}
						},
						{
							"origin": [-0.18026, 0.46875, 3.5],
							"size": [0.36053, 0.125, 1.4375],
							"pivot": [0, 1.375, 4.4375],
							"rotation": [0, 0, -22.5],
							"uv": {
								"north": {"uv": [11, 38], "uv_size": [0.25, 0.25]},
								"south": {"uv": [38, 11], "uv_size": [0.25, 0.25]},
								"up": {"uv": [22, 25.46667], "uv_size": [0.25, 1.53333]},
								"down": {"uv": [25, 24], "uv_size": [0.25, -1.53333]}
							}
						},
						{
							"origin": [-0.18026, 0.46875, 3.5],
							"size": [0.36053, 0.125, 1.4375],
							"uv": {
								"north": {"uv": [12, 38], "uv_size": [0.25, 0.25]},
								"south": {"uv": [38, 12], "uv_size": [0.25, 0.25]},
								"up": {"uv": [23, 25.46667], "uv_size": [0.25, 1.53333]},
								"down": {"uv": [24, 27], "uv_size": [0.25, -1.53333]}
							}
						},
						{
							"origin": [-0.18026, 0.46875, 3.5],
							"size": [0.36053, 0.125, 1.4375],
							"pivot": [0, 1.375, 4.4375],
							"rotation": [0, 0, 22.5],
							"uv": {
								"north": {"uv": [13, 38], "uv_size": [0.25, 0.25]},
								"south": {"uv": [38, 13], "uv_size": [0.25, 0.25]},
								"up": {"uv": [25, 24.46667], "uv_size": [0.25, 1.53333]},
								"down": {"uv": [0, 28], "uv_size": [0.25, -1.53333]}
							}
						},
						{
							"origin": [-0.18026, 0.46875, 3.5],
							"size": [0.36053, 0.125, 1.4375],
							"pivot": [0, 1.375, 4.4375],
							"rotation": [0, 0, 45],
							"uv": {
								"north": {"uv": [14, 38], "uv_size": [0.25, 0.25]},
								"south": {"uv": [38, 14], "uv_size": [0.25, 0.25]},
								"up": {"uv": [26, 0.46667], "uv_size": [0.25, 1.53333]},
								"down": {"uv": [1, 28], "uv_size": [0.25, -1.53333]}
							}
						},
						{
							"origin": [-0.90625, 1.19474, 3.5],
							"size": [0.125, 0.36053, 1.4375],
							"pivot": [0, 1.375, 4.4375],
							"rotation": [0, 0, -22.5],
							"uv": {
								"north": {"uv": [15, 38], "uv_size": [0.25, 0.25]},
								"east": {"uv": [26.46667, 2], "uv_size": [1.53333, 0.25]},
								"south": {"uv": [38, 15], "uv_size": [0.25, 0.25]},
								"west": {"uv": [26, 3], "uv_size": [1.53333, 0.25]}
							}
						},
						{
							"origin": [-0.90625, 1.19474, 3.5],
							"size": [0.125, 0.36053, 1.4375],
							"uv": {
								"north": {"uv": [16, 38], "uv_size": [0.25, 0.25]},
								"east": {"uv": [26.46667, 4], "uv_size": [1.53333, 0.25]},
								"south": {"uv": [38, 16], "uv_size": [0.25, 0.25]},
								"west": {"uv": [26, 5], "uv_size": [1.53333, 0.25]}
							}
						},
						{
							"origin": [-0.90625, 1.19474, 3.5],
							"size": [0.125, 0.36053, 1.4375],
							"pivot": [0, 1.375, 4.4375],
							"rotation": [0, 0, 22.5],
							"uv": {
								"north": {"uv": [17, 38], "uv_size": [0.25, 0.25]},
								"east": {"uv": [26.46667, 6], "uv_size": [1.53333, 0.25]},
								"south": {"uv": [38, 17], "uv_size": [0.25, 0.25]},
								"west": {"uv": [26, 7], "uv_size": [1.53333, 0.25]}
							}
						},
						{
							"origin": [-0.18026, 2.15625, 3.5],
							"size": [0.36053, 0.125, 1.4375],
							"pivot": [0, 1.375, 4.4375],
							"rotation": [0, 0, -45],
							"uv": {
								"north": {"uv": [18, 38], "uv_size": [0.25, 0.25]},
								"south": {"uv": [38, 18], "uv_size": [0.25, 0.25]},
								"up": {"uv": [26, 8.46667], "uv_size": [0.25, 1.53333]},
								"down": {"uv": [26, 12], "uv_size": [0.25, -1.53333]}
							}
						},
						{
							"origin": [-0.18026, 2.15625, 3.5],
							"size": [0.36053, 0.125, 1.4375],
							"pivot": [0, 1.375, 4.4375],
							"rotation": [0, 0, -22.5],
							"uv": {
								"north": {"uv": [19, 38], "uv_size": [0.25, 0.25]},
								"south": {"uv": [38, 19], "uv_size": [0.25, 0.25]},
								"up": {"uv": [26, 12.46667], "uv_size": [0.25, 1.53333]},
								"down": {"uv": [14, 28], "uv_size": [0.25, -1.53333]}
							}
						},
						{
							"origin": [-0.18026, 2.15625, 3.5],
							"size": [0.36053, 0.125, 1.4375],
							"uv": {
								"north": {"uv": [20, 38], "uv_size": [0.25, 0.25]},
								"south": {"uv": [38, 20], "uv_size": [0.25, 0.25]},
								"up": {"uv": [15, 26.46667], "uv_size": [0.25, 1.53333]},
								"down": {"uv": [16, 28], "uv_size": [0.25, -1.53333]}
							}
						},
						{
							"origin": [-0.59375, 1.2569, -7.8125],
							"size": [1.1875, 0.23621, 9.3125],
							"pivot": [0, 1.375, -3.15625],
							"rotation": [0, 0, 22.5],
							"uv": {
								"east": {"uv": [12, 14], "uv_size": [9.25, 0.25]},
								"south": {"uv": [33, 32], "uv_size": [1.25, 0.25]},
								"west": {"uv": [12, 15], "uv_size": [9.25, 0.25]}
							}
						},
						{
							"origin": [-0.59375, 1.2569, -7.8125],
							"size": [1.1875, 0.23621, 9.3125],
							"uv": {
								"east": {"uv": [2, 16], "uv_size": [9.25, 0.25]},
								"south": {"uv": [34, 0], "uv_size": [1.25, 0.25]},
								"west": {"uv": [12, 16], "uv_size": [9.25, 0.25]}
							}
						},
						{
							"origin": [-0.59375, 1.2569, -7.8125],
							"size": [1.1875, 0.23621, 9.3125],
							"pivot": [0, 1.375, -3.15625],
							"rotation": [0, 0, -22.5],
							"uv": {
								"east": {"uv": [2, 17], "uv_size": [9.25, 0.25]},
								"south": {"uv": [34, 1], "uv_size": [1.25, 0.25]},
								"west": {"uv": [12, 17], "uv_size": [9.25, 0.25]}
							}
						},
						{
							"origin": [-0.1181, 0.78125, -7.8125],
							"size": [0.23621, 1.1875, 9.3125],
							"pivot": [0, 1.375, -3.15625],
							"rotation": [0, 0, 45],
							"uv": {
								"south": {"uv": [34, 2], "uv_size": [0.25, 1.25]},
								"up": {"uv": [2, 18], "uv_size": [0.25, 9.25]},
								"down": {"uv": [3, 27.25], "uv_size": [0.25, -9.25]}
							}
						},
						{
							"origin": [-0.1181, 0.78125, -7.8125],
							"size": [0.23621, 1.1875, 9.3125],
							"pivot": [0, 1.375, -3.15625],
							"rotation": [0, 0, 22.5],
							"uv": {
								"south": {"uv": [4, 34], "uv_size": [0.25, 1.25]},
								"up": {"uv": [4, 18], "uv_size": [0.25, 9.25]},
								"down": {"uv": [5, 27.25], "uv_size": [0.25, -9.25]}
							}
						},
						{
							"origin": [-0.1181, 0.78125, -7.8125],
							"size": [0.23621, 1.1875, 9.3125],
							"uv": {
								"south": {"uv": [5, 34], "uv_size": [0.25, 1.25]},
								"up": {"uv": [6, 18], "uv_size": [0.25, 9.25]},
								"down": {"uv": [7, 27.25], "uv_size": [0.25, -9.25]}
							}
						},
						{
							"origin": [-0.1181, 0.78125, -7.8125],
							"size": [0.23621, 1.1875, 9.3125],
							"pivot": [0, 1.375, -3.15625],
							"rotation": [0, 0, -22.5],
							"uv": {
								"south": {"uv": [34, 6], "uv_size": [0.25, 1.25]},
								"up": {"uv": [8, 18], "uv_size": [0.25, 9.25]},
								"down": {"uv": [9, 27.25], "uv_size": [0.25, -9.25]}
							}
						},
						{
							"origin": [-0.1181, 0.78125, -7.8125],
							"size": [0.23621, 1.1875, 9.3125],
							"pivot": [0, 1.375, -3.15625],
							"rotation": [0, 0, -45],
							"uv": {
								"south": {"uv": [8, 34], "uv_size": [0.25, 1.25]},
								"up": {"uv": [10, 18], "uv_size": [0.25, 9.25]},
								"down": {"uv": [11, 27.25], "uv_size": [0.25, -9.25]}
							}
						},
						{
							"origin": [0.78125, 1.19474, 1.46875],
							"size": [0.125, 0.17303, 2.03125],
							"inflate": 0.0005,
							"pivot": [0.90625, 1.19474, 3.5],
							"rotation": [-1.75, 8.9, 0],
							"uv": {
								"north": {"uv": [21, 38], "uv_size": [0.25, 0.25]},
								"east": {"uv": [26, 16], "uv_size": [2, 0.25]},
								"west": {"uv": [17, 26], "uv_size": [2, 0.25]},
								"up": {"uv": [19, 26], "uv_size": [0.25, 2]}
							}
						},
						{
							"origin": [0.78125, 1.00608, 1.46875],
							"size": [0.125, 0.18865, 2.03125],
							"pivot": [0.90625, 1.19474, 3.5],
							"rotation": [1.75, 8.9, 22.5],
							"uv": {
								"north": {"uv": [22, 38], "uv_size": [0.25, 0.25]},
								"east": {"uv": [26, 17], "uv_size": [2, 0.25]},
								"west": {"uv": [26, 20], "uv_size": [2, 0.25]},
								"up": {"uv": [26, 21], "uv_size": [0.25, 2]},
								"down": {"uv": [26, 25], "uv_size": [0.25, -2]}
							}
						},
						{
							"origin": [0.64328, 0.86165, 1.46875],
							"size": [0.125, 0.17303, 2.03125],
							"inflate": 0.0005,
							"pivot": [0.76828, 0.86165, 3.5],
							"rotation": [-1.75, 8.9, 22.5],
							"uv": {
								"north": {"uv": [23, 38], "uv_size": [0.25, 0.25]},
								"east": {"uv": [25, 26], "uv_size": [2, 0.25]},
								"west": {"uv": [26, 25], "uv_size": [2, 0.25]},
								"up": {"uv": [27, 0], "uv_size": [0.25, 2]},
								"down": {"uv": [27, 10], "uv_size": [0.25, -2]}
							}
						},
						{
							"origin": [0.57963, 0.86165, 1.46875],
							"size": [0.18865, 0.125, 2.03125],
							"pivot": [0.76828, 0.86165, 3.5],
							"rotation": [-8.9041, 1.7289, -45.2708],
							"uv": {
								"north": {"uv": [24, 38], "uv_size": [0.25, 0.25]},
								"east": {"uv": [27, 10], "uv_size": [2, 0.25]},
								"south": {"uv": [38, 24], "uv_size": [0.25, 0.25]},
								"west": {"uv": [27, 11], "uv_size": [2, 0.25]},
								"up": {"uv": [12, 27], "uv_size": [0.25, 2]},
								"down": {"uv": [27, 14], "uv_size": [0.25, -2]}
							}
						},
						{
							"origin": [0.51335, 0.60672, 1.46875],
							"size": [0.17303, 0.125, 2.03125],
							"inflate": 0.0005,
							"pivot": [0.51335, 0.60672, 3.5],
							"rotation": [-8.9041, -1.7289, -44.7292],
							"uv": {
								"north": {"uv": [25, 38], "uv_size": [0.25, 0.25]},
								"south": {"uv": [38, 25], "uv_size": [0.25, 0.25]},
								"west": {"uv": [27, 15], "uv_size": [2, 0.25]},
								"up": {"uv": [13, 27], "uv_size": [0.25, 2]},
								"down": {"uv": [17, 29], "uv_size": [0.25, -2]}
							}
						},
						{
							"origin": [-0.90625, 1.19474, 1.46875],
							"size": [0.125, 0.17303, 2.03125],
							"pivot": [-0.90625, 1.19474, 3.5],
							"rotation": [-1.75, -8.9, 0],
							"uv": {
								"north": {"uv": [26, 38], "uv_size": [0.25, 0.25]},
								"east": {"uv": [27, 18], "uv_size": [2, 0.25]},
								"west": {"uv": [27, 19], "uv_size": [2, 0.25]},
								"up": {"uv": [18, 27], "uv_size": [0.25, 2]}
							}
						},
						{
							"origin": [-0.90625, 1.00608, 1.46875],
							"size": [0.125, 0.18865, 2.03125],
							"inflate": 0.0005,
							"pivot": [-0.90625, 1.19474, 3.5],
							"rotation": [1.75, -8.9, -22.5],
							"uv": {
								"north": {"uv": [27, 38], "uv_size": [0.25, 0.25]},
								"east": {"uv": [27, 21], "uv_size": [2, 0.25]},
								"west": {"uv": [22, 27], "uv_size": [2, 0.25]},
								"up": {"uv": [27, 22], "uv_size": [0.25, 2]},
								"down": {"uv": [24, 29], "uv_size": [0.25, -2]}
							}
						},
						{
							"origin": [-0.76828, 0.86165, 1.46875],
							"size": [0.18865, 0.125, 2.03125],
							"inflate": 0.0005,
							"pivot": [-0.76828, 0.86165, 3.5],
							"rotation": [-8.9041, -1.7289, 45.2708],
							"uv": {
								"north": {"uv": [28, 38], "uv_size": [0.25, 0.25]},
								"east": {"uv": [27, 24], "uv_size": [2, 0.25]},
								"south": {"uv": [38, 28], "uv_size": [0.25, 0.25]},
								"west": {"uv": [25, 27], "uv_size": [2, 0.25]},
								"up": {"uv": [27, 26], "uv_size": [0.25, 2]},
								"down": {"uv": [0, 30], "uv_size": [0.25, -2]}
							}
						},
						{
							"origin": [-0.76828, 0.86165, 1.46875],
							"size": [0.125, 0.17303, 2.03125],
							"pivot": [-0.76828, 0.86165, 3.5],
							"rotation": [-1.75, -8.9, -22.5],
							"uv": {
								"north": {"uv": [29, 38], "uv_size": [0.25, 0.25]},
								"east": {"uv": [28, 0], "uv_size": [2, 0.25]},
								"west": {"uv": [1, 28], "uv_size": [2, 0.25]},
								"up": {"uv": [28, 1], "uv_size": [0.25, 2]},
								"down": {"uv": [3, 30], "uv_size": [0.25, -2]}
							}
						},
						{
							"origin": [-0.68638, 0.60672, 1.46875],
							"size": [0.17303, 0.125, 2.03125],
							"pivot": [-0.51335, 0.60672, 3.5],
							"rotation": [-8.9041, 1.7289, 44.7292],
							"uv": {
								"north": {"uv": [30, 38], "uv_size": [0.25, 0.25]},
								"east": {"uv": [28, 3], "uv_size": [2, 0.25]},
								"south": {"uv": [38, 30], "uv_size": [0.25, 0.25]},
								"up": {"uv": [28, 4], "uv_size": [0.25, 2]},
								"down": {"uv": [6, 30], "uv_size": [0.25, -2]}
							}
						},
						{
							"origin": [0.3247, 0.60672, 1.46875],
							"size": [0.18865, 0.125, 2.03125],
							"pivot": [0.51335, 0.60672, 3.5],
							"rotation": [-8.9041, 1.7289, -22.7708],
							"uv": {
								"north": {"uv": [31, 38], "uv_size": [0.25, 0.25]},
								"east": {"uv": [28, 6], "uv_size": [2, 0.25]},
								"south": {"uv": [38, 31], "uv_size": [0.25, 0.25]},
								"up": {"uv": [28, 7], "uv_size": [0.25, 2]},
								"down": {"uv": [9, 30], "uv_size": [0.25, -2]}
							}
						},
						{
							"origin": [0.18026, 0.46875, 1.46875],
							"size": [0.17303, 0.125, 2.03125],
							"inflate": 0.0005,
							"pivot": [0.18026, 0.46875, 3.5],
							"rotation": [-8.9041, -1.7289, -22.2292],
							"uv": {
								"north": {"uv": [32, 38], "uv_size": [0.25, 0.25]},
								"south": {"uv": [38, 32], "uv_size": [0.25, 0.25]},
								"west": {"uv": [10, 28], "uv_size": [2, 0.25]},
								"up": {"uv": [28, 12], "uv_size": [0.25, 2]},
								"down": {"uv": [14, 30], "uv_size": [0.25, -2]}
							}
						},
						{
							"origin": [-0.00839, 0.46875, 1.46875],
							"size": [0.18865, 0.125, 2.03125],
							"pivot": [0.18026, 0.46875, 3.5],
							"rotation": [-8.9041, 1.7289, -0.2708],
							"uv": {
								"north": {"uv": [33, 38], "uv_size": [0.25, 0.25]},
								"south": {"uv": [38, 33], "uv_size": [0.25, 0.25]},
								"up": {"uv": [19, 28], "uv_size": [0.25, 2]},
								"down": {"uv": [20, 30], "uv_size": [0.25, -2]}
							}
						},
						{
							"origin": [-0.18026, 0.46875, 1.46875],
							"size": [0.18865, 0.125, 2.03125],
							"inflate": 0.0005,
							"pivot": [-0.18026, 0.46875, 3.5],
							"rotation": [-8.9041, -1.7289, 0.2708],
							"uv": {
								"north": {"uv": [34, 38], "uv_size": [0.25, 0.25]},
								"south": {"uv": [38, 34], "uv_size": [0.25, 0.25]},
								"up": {"uv": [22, 28], "uv_size": [0.25, 2]},
								"down": {"uv": [28, 24], "uv_size": [0.25, -2]}
							}
						},
						{
							"origin": [-0.51335, 0.60672, 1.46875],
							"size": [0.18865, 0.125, 2.03125],
							"inflate": 0.0005,
							"pivot": [-0.51335, 0.60672, 3.5],
							"rotation": [-8.9041, -1.7289, 22.7708],
							"uv": {
								"north": {"uv": [35, 38], "uv_size": [0.25, 0.25]},
								"south": {"uv": [38, 35], "uv_size": [0.25, 0.25]},
								"west": {"uv": [28, 25], "uv_size": [2, 0.25]},
								"up": {"uv": [23, 28], "uv_size": [0.25, 2]},
								"down": {"uv": [28, 28], "uv_size": [0.25, -2]}
							}
						},
						{
							"origin": [-0.35329, 0.46875, 1.46875],
							"size": [0.17303, 0.125, 2.03125],
							"pivot": [-0.18026, 0.46875, 3.5],
							"rotation": [-8.9041, 1.7289, 22.2292],
							"uv": {
								"north": {"uv": [36, 38], "uv_size": [0.25, 0.25]},
								"east": {"uv": [27, 28], "uv_size": [2, 0.25]},
								"south": {"uv": [38, 36], "uv_size": [0.25, 0.25]},
								"up": {"uv": [29, 1], "uv_size": [0.25, 2]},
								"down": {"uv": [4, 31], "uv_size": [0.25, -2]}
							}
						},
						{
							"origin": [-0.00839, 2.15625, 1.46875],
							"size": [0.18865, 0.125, 2.03125],
							"inflate": 0.0005,
							"pivot": [0.18026, 2.28125, 3.5],
							"rotation": [8.9041, 1.7289, 0.2708],
							"uv": {
								"north": {"uv": [37, 38], "uv_size": [0.25, 0.25]},
								"south": {"uv": [38, 37], "uv_size": [0.25, 0.25]},
								"up": {"uv": [5, 29], "uv_size": [0.25, 2]},
								"down": {"uv": [7, 31], "uv_size": [0.25, -2]}
							}
						},
						{
							"origin": [-0.35329, 2.15625, 1.46875],
							"size": [0.17303, 0.125, 2.03125],
							"inflate": 0.0005,
							"pivot": [-0.18026, 2.28125, 3.5],
							"rotation": [8.9041, 1.7289, -22.2292],
							"uv": {
								"north": {"uv": [38, 38], "uv_size": [0.25, 0.25]},
								"east": {"uv": [29, 7], "uv_size": [2, 0.25]},
								"south": {"uv": [0, 39], "uv_size": [0.25, 0.25]},
								"up": {"uv": [8, 29], "uv_size": [0.25, 2]},
								"down": {"uv": [10, 31], "uv_size": [0.25, -2]}
							}
						},
						{
							"origin": [-0.51335, 2.01828, 1.46875],
							"size": [0.18865, 0.125, 2.03125],
							"pivot": [-0.51335, 2.14328, 3.5],
							"rotation": [8.9041, -1.7289, -22.7708],
							"uv": {
								"north": {"uv": [39, 0], "uv_size": [0.25, 0.25]},
								"south": {"uv": [1, 39], "uv_size": [0.25, 0.25]},
								"west": {"uv": [11, 29], "uv_size": [2, 0.25]},
								"up": {"uv": [29, 11], "uv_size": [0.25, 2]},
								"down": {"uv": [13, 31], "uv_size": [0.25, -2]}
							}
						},
						{
							"origin": [-0.76828, 1.76335, 1.46875],
							"size": [0.18865, 0.125, 2.03125],
							"pivot": [-0.76828, 1.88835, 3.5],
							"rotation": [8.9041, -1.7289, -45.2708],
							"uv": {
								"north": {"uv": [39, 1], "uv_size": [0.25, 0.25]},
								"east": {"uv": [29, 13], "uv_size": [2, 0.25]},
								"south": {"uv": [2, 39], "uv_size": [0.25, 0.25]},
								"west": {"uv": [29, 14], "uv_size": [2, 0.25]},
								"up": {"uv": [15, 29], "uv_size": [0.25, 2]},
								"down": {"uv": [16, 31], "uv_size": [0.25, -2]}
							}
						},
						{
							"origin": [-0.68638, 2.01828, 1.46875],
							"size": [0.17303, 0.125, 2.03125],
							"inflate": 0.0005,
							"pivot": [-0.51335, 2.14328, 3.5],
							"rotation": [8.9041, 1.7289, -44.7292],
							"uv": {
								"north": {"uv": [39, 2], "uv_size": [0.25, 0.25]},
								"east": {"uv": [29, 15], "uv_size": [2, 0.25]},
								"south": {"uv": [3, 39], "uv_size": [0.25, 0.25]},
								"up": {"uv": [29, 18], "uv_size": [0.25, 2]},
								"down": {"uv": [21, 31], "uv_size": [0.25, -2]}
							}
						},
						{
							"origin": [-0.76828, 1.71532, 1.46875],
							"size": [0.125, 0.17303, 2.03125],
							"inflate": 0.0005,
							"pivot": [-0.76828, 1.88835, 3.5],
							"rotation": [1.75, -8.9, 22.5],
							"uv": {
								"north": {"uv": [39, 3], "uv_size": [0.25, 0.25]},
								"east": {"uv": [29, 21], "uv_size": [2, 0.25]},
								"west": {"uv": [29, 22], "uv_size": [2, 0.25]},
								"up": {"uv": [29, 23], "uv_size": [0.25, 2]},
								"down": {"uv": [24, 31], "uv_size": [0.25, -2]}
							}
						},
						{
							"origin": [-0.90625, 1.55526, 1.46875],
							"size": [0.125, 0.18865, 2.03125],
							"pivot": [-0.90625, 1.55526, 3.5],
							"rotation": [-1.75, -8.9, 22.5],
							"uv": {
								"north": {"uv": [39, 4], "uv_size": [0.25, 0.25]},
								"east": {"uv": [25, 29], "uv_size": [2, 0.25]},
								"west": {"uv": [29, 26], "uv_size": [2, 0.25]},
								"up": {"uv": [27, 29], "uv_size": [0.25, 2]},
								"down": {"uv": [29, 29], "uv_size": [0.25, -2]}
							}
						},
						{
							"origin": [-0.90625, 1.36661, 1.46875],
							"size": [0.125, 0.18865, 2.03125],
							"inflate": 0.0005,
							"pivot": [-0.90625, 1.55526, 3.5],
							"rotation": [1.75, -8.9, 0],
							"uv": {
								"north": {"uv": [39, 5], "uv_size": [0.25, 0.25]},
								"east": {"uv": [28, 29], "uv_size": [2, 0.25]},
								"west": {"uv": [0, 30], "uv_size": [2, 0.25]},
								"down": {"uv": [2, 32], "uv_size": [0.25, -2]}
							}
						},
						{
							"origin": [0.78125, 1.36661, 1.46875],
							"size": [0.125, 0.18865, 2.03125],
							"pivot": [0.90625, 1.55526, 3.5],
							"rotation": [1.75, 8.9, 0],
							"uv": {
								"north": {"uv": [39, 6], "uv_size": [0.25, 0.25]},
								"east": {"uv": [30, 2], "uv_size": [2, 0.25]},
								"west": {"uv": [30, 3], "uv_size": [2, 0.25]},
								"down": {"uv": [6, 32], "uv_size": [0.25, -2]}
							}
						},
						{
							"origin": [-0.18026, 2.15625, 1.46875],
							"size": [0.18865, 0.125, 2.03125],
							"pivot": [-0.18026, 2.28125, 3.5],
							"rotation": [8.9041, -1.7289, -0.2708],
							"uv": {
								"north": {"uv": [39, 7], "uv_size": [0.25, 0.25]},
								"south": {"uv": [8, 39], "uv_size": [0.25, 0.25]},
								"up": {"uv": [9, 30], "uv_size": [0.25, 2]},
								"down": {"uv": [11, 32], "uv_size": [0.25, -2]}
							}
						},
						{
							"origin": [0.18026, 2.15625, 1.46875],
							"size": [0.17303, 0.125, 2.03125],
							"pivot": [0.18026, 2.28125, 3.5],
							"rotation": [8.9041, -1.7289, 22.2292],
							"uv": {
								"north": {"uv": [39, 8], "uv_size": [0.25, 0.25]},
								"south": {"uv": [9, 39], "uv_size": [0.25, 0.25]},
								"west": {"uv": [30, 12], "uv_size": [2, 0.25]},
								"up": {"uv": [12, 30], "uv_size": [0.25, 2]},
								"down": {"uv": [14, 32], "uv_size": [0.25, -2]}
							}
						},
						{
							"origin": [0.3247, 2.01828, 1.46875],
							"size": [0.18865, 0.125, 2.03125],
							"inflate": 0.0005,
							"pivot": [0.51335, 2.14328, 3.5],
							"rotation": [8.9041, 1.7289, 22.7708],
							"uv": {
								"north": {"uv": [39, 9], "uv_size": [0.25, 0.25]},
								"east": {"uv": [30, 16], "uv_size": [2, 0.25]},
								"south": {"uv": [10, 39], "uv_size": [0.25, 0.25]},
								"up": {"uv": [30, 17], "uv_size": [0.25, 2]},
								"down": {"uv": [19, 32], "uv_size": [0.25, -2]}
							}
						},
						{
							"origin": [0.64328, 1.71532, 1.46875],
							"size": [0.125, 0.17303, 2.03125],
							"pivot": [0.76828, 1.88835, 3.5],
							"rotation": [1.75, 8.9, -22.5],
							"uv": {
								"north": {"uv": [39, 10], "uv_size": [0.25, 0.25]},
								"east": {"uv": [30, 19], "uv_size": [2, 0.25]},
								"west": {"uv": [30, 20], "uv_size": [2, 0.25]},
								"up": {"uv": [20, 30], "uv_size": [0.25, 2]},
								"down": {"uv": [22, 32], "uv_size": [0.25, -2]}
							}
						},
						{
							"origin": [0.78125, 1.55526, 1.46875],
							"size": [0.125, 0.18865, 2.03125],
							"inflate": 0.0005,
							"pivot": [0.90625, 1.55526, 3.5],
							"rotation": [-1.75, 8.9, -22.5],
							"uv": {
								"north": {"uv": [39, 11], "uv_size": [0.25, 0.25]},
								"east": {"uv": [30, 23], "uv_size": [2, 0.25]},
								"west": {"uv": [30, 24], "uv_size": [2, 0.25]},
								"up": {"uv": [23, 30], "uv_size": [0.25, 2]},
								"down": {"uv": [25, 32], "uv_size": [0.25, -2]}
							}
						},
						{
							"origin": [0.51335, 2.01828, 1.46875],
							"size": [0.17303, 0.125, 2.03125],
							"pivot": [0.51335, 2.14328, 3.5],
							"rotation": [8.9041, -1.7289, 44.7292],
							"uv": {
								"north": {"uv": [39, 12], "uv_size": [0.25, 0.25]},
								"south": {"uv": [13, 39], "uv_size": [0.25, 0.25]},
								"west": {"uv": [30, 27], "uv_size": [2, 0.25]},
								"up": {"uv": [26, 30], "uv_size": [0.25, 2]},
								"down": {"uv": [28, 32], "uv_size": [0.25, -2]}
							}
						},
						{
							"origin": [0.57963, 1.76335, 1.46875],
							"size": [0.18865, 0.125, 2.03125],
							"inflate": 0.0005,
							"pivot": [0.76828, 1.88835, 3.5],
							"rotation": [8.9041, 1.7289, 45.2708],
							"uv": {
								"north": {"uv": [39, 13], "uv_size": [0.25, 0.25]},
								"east": {"uv": [30, 28], "uv_size": [2, 0.25]},
								"south": {"uv": [14, 39], "uv_size": [0.25, 0.25]},
								"west": {"uv": [29, 30], "uv_size": [2, 0.25]},
								"up": {"uv": [0, 31], "uv_size": [0.25, 2]},
								"down": {"uv": [31, 2], "uv_size": [0.25, -2]}
							}
						},
						{
							"origin": [-0.71875, 1.23203, -0.4375],
							"size": [1.4375, 0.28594, 0.6875],
							"pivot": [0, 1.375, -0.09375],
							"rotation": [0, 0, 22.5],
							"uv": {
								"north": {"uv": [32, 6], "uv_size": [1.5, 0.25]},
								"east": {"uv": [2, 36], "uv_size": [0.75, 0.25]},
								"south": {"uv": [7, 32], "uv_size": [1.5, 0.25]},
								"west": {"uv": [36, 2], "uv_size": [0.75, 0.25]}
							}
						},
						{
							"origin": [-0.71875, 1.23203, -0.4375],
							"size": [1.4375, 0.28594, 0.6875],
							"inflate": 0.0005,
							"uv": {
								"north": {"uv": [32, 7], "uv_size": [1.5, 0.25]},
								"east": {"uv": [3, 36], "uv_size": [0.75, 0.25]},
								"south": {"uv": [32, 8], "uv_size": [1.5, 0.25]},
								"west": {"uv": [36, 3], "uv_size": [0.75, 0.25]}
							}
						},
						{
							"origin": [-0.71875, 1.23203, -0.4375],
							"size": [1.4375, 0.28594, 0.6875],
							"pivot": [0, 1.375, -0.09375],
							"rotation": [0, 0, -22.5],
							"uv": {
								"north": {"uv": [9, 32], "uv_size": [1.5, 0.25]},
								"east": {"uv": [4, 36], "uv_size": [0.75, 0.25]},
								"south": {"uv": [32, 9], "uv_size": [1.5, 0.25]},
								"west": {"uv": [36, 4], "uv_size": [0.75, 0.25]}
							}
						},
						{
							"origin": [-0.14297, 0.65625, -0.4375],
							"size": [0.28594, 1.4375, 0.6875],
							"inflate": 0.0005,
							"pivot": [0, 1.375, -0.09375],
							"rotation": [0, 0, 45],
							"uv": {
								"north": {"uv": [32, 10], "uv_size": [0.25, 1.5]},
								"south": {"uv": [11, 32], "uv_size": [0.25, 1.5]},
								"up": {"uv": [5, 36], "uv_size": [0.25, 0.75]},
								"down": {"uv": [36, 5.75], "uv_size": [0.25, -0.75]}
							}
						},
						{
							"origin": [-0.31869, 0.60094, -0.3125],
							"size": [0.1875, 0.3125, 0.4375],
							"pivot": [-0.25619, 0.60094, 0.25],
							"rotation": [0, 0, 70],
							"uv": {
								"north": {"uv": [39, 14], "uv_size": [0.25, 0.25]},
								"east": {"uv": [37, 1], "uv_size": [0.5, 0.25]},
								"south": {"uv": [15, 39], "uv_size": [0.25, 0.25]},
								"down": {"uv": [3, 37.5], "uv_size": [0.25, -0.5]}
							}
						},
						{
							"origin": [-0.40714, 0.76567, -0.4375],
							"size": [0.22344, 0.25, 0.6875],
							"pivot": [-0.40714, 0.76567, 0.25],
							"rotation": [0, 0, 47.5],
							"uv": {
								"north": {"uv": [39, 15], "uv_size": [0.25, 0.25]},
								"east": {"uv": [6, 36], "uv_size": [0.75, 0.25]},
								"south": {"uv": [16, 39], "uv_size": [0.25, 0.25]},
								"west": {"uv": [36, 6], "uv_size": [0.75, 0.25]},
								"up": {"uv": [7, 36], "uv_size": [0.25, 0.75]},
								"down": {"uv": [36, 7.75], "uv_size": [0.25, -0.75]}
							}
						},
						{
							"origin": [-0.14297, 0.84375, -0.4375],
							"size": [0.28594, 1.25, 0.6875],
							"pivot": [0, 1.375, -0.09375],
							"rotation": [0, 0, 22.5],
							"uv": {
								"north": {"uv": [12, 32], "uv_size": [0.25, 1.5]},
								"south": {"uv": [32, 12], "uv_size": [0.25, 1.5]},
								"up": {"uv": [8, 36], "uv_size": [0.25, 0.75]},
								"down": {"uv": [36, 8.75], "uv_size": [0.25, -0.75]}
							}
						},
						{
							"origin": [-0.26797, 1.875, -6.1875],
							"size": [0.53594, 0.3125, 0.3125],
							"pivot": [0, 2.03125, -6.03125],
							"rotation": [45, 0, 0],
							"uv": {
								"north": {"uv": [37, 3], "uv_size": [0.5, 0.25]},
								"east": {"uv": [39, 16], "uv_size": [0.25, 0.25]},
								"south": {"uv": [4, 37], "uv_size": [0.5, 0.25]},
								"west": {"uv": [17, 39], "uv_size": [0.25, 0.25]},
								"up": {"uv": [37, 4], "uv_size": [0.5, 0.25]},
								"down": {"uv": [5, 37.25], "uv_size": [0.5, -0.25]}
							}
						},
						{
							"origin": [-0.26797, 2.03125, -6.1875],
							"size": [0.53594, 0.25, 0.3125],
							"inflate": 0.0005,
							"uv": {
								"north": {"uv": [37, 5], "uv_size": [0.5, 0.25]},
								"east": {"uv": [39, 17], "uv_size": [0.25, 0.25]},
								"south": {"uv": [6, 37], "uv_size": [0.5, 0.25]},
								"west": {"uv": [18, 39], "uv_size": [0.25, 0.25]},
								"up": {"uv": [37, 6], "uv_size": [0.5, 0.25]}
							}
						},
						{
							"origin": [-0.26797, 2.1875, -6.04967],
							"size": [0.53594, 0.09375, 0.17467],
							"inflate": 0.0002,
							"pivot": [0.14297, 2.28125, -5.875],
							"rotation": [-27.5, 0, 0],
							"uv": {
								"north": {"uv": [37, 7], "uv_size": [0.5, 0.25]},
								"east": {"uv": [39, 18], "uv_size": [0.25, 0.25]},
								"south": {"uv": [8, 37], "uv_size": [0.5, 0.25]},
								"west": {"uv": [19, 39], "uv_size": [0.25, 0.25]},
								"up": {"uv": [37, 8], "uv_size": [0.5, 0.25]},
								"down": {"uv": [9, 37.25], "uv_size": [0.5, -0.25]}
							}
						},
						{
							"origin": [-0.26797, 2.1875, -6.1875],
							"size": [0.53594, 0.09375, 0.17467],
							"pivot": [0.14297, 2.28125, -6.1875],
							"rotation": [27.5, 0, 0],
							"uv": {
								"north": {"uv": [37, 9], "uv_size": [0.5, 0.25]},
								"east": {"uv": [39, 19], "uv_size": [0.25, 0.25]},
								"south": {"uv": [10, 37], "uv_size": [0.5, 0.25]},
								"west": {"uv": [20, 39], "uv_size": [0.25, 0.25]},
								"up": {"uv": [37, 10], "uv_size": [0.5, 0.25]},
								"down": {"uv": [11, 37.25], "uv_size": [0.5, -0.25]}
							}
						},
						{
							"origin": [-0.26797, 2.1875, -0.25],
							"size": [0.53594, 0.09375, 0.17467],
							"pivot": [0.14297, 2.28125, -0.25],
							"rotation": [27.5, 0, 0],
							"uv": {
								"north": {"uv": [37, 11], "uv_size": [0.5, 0.25]},
								"east": {"uv": [39, 20], "uv_size": [0.25, 0.25]},
								"south": {"uv": [12, 37], "uv_size": [0.5, 0.25]},
								"west": {"uv": [21, 39], "uv_size": [0.25, 0.25]},
								"up": {"uv": [37, 12], "uv_size": [0.5, 0.25]},
								"down": {"uv": [13, 37.25], "uv_size": [0.5, -0.25]}
							}
						},
						{
							"origin": [-0.26797, 2.1875, -0.11217],
							"size": [0.53594, 0.09375, 0.17467],
							"inflate": 0.0002,
							"pivot": [0.14297, 2.28125, 0.0625],
							"rotation": [-27.5, 0, 0],
							"uv": {
								"north": {"uv": [37, 13], "uv_size": [0.5, 0.25]},
								"east": {"uv": [39, 21], "uv_size": [0.25, 0.25]},
								"south": {"uv": [14, 37], "uv_size": [0.5, 0.25]},
								"west": {"uv": [22, 39], "uv_size": [0.25, 0.25]},
								"up": {"uv": [37, 14], "uv_size": [0.5, 0.25]},
								"down": {"uv": [15, 37.25], "uv_size": [0.5, -0.25]}
							}
						},
						{
							"origin": [-0.26797, 1.875, -0.25],
							"size": [0.53594, 0.3125, 0.3125],
							"pivot": [0, 2.03125, -0.09375],
							"rotation": [45, 0, 0],
							"uv": {
								"north": {"uv": [37, 15], "uv_size": [0.5, 0.25]},
								"east": {"uv": [39, 22], "uv_size": [0.25, 0.25]},
								"south": {"uv": [16, 37], "uv_size": [0.5, 0.25]},
								"west": {"uv": [23, 39], "uv_size": [0.25, 0.25]},
								"up": {"uv": [37, 16], "uv_size": [0.5, 0.25]},
								"down": {"uv": [17, 37.25], "uv_size": [0.5, -0.25]}
							}
						},
						{
							"origin": [-0.33047, 2.14063, -6.09375],
							"size": [0.66094, 0.125, 0.125],
							"pivot": [0, 2.20313, -6.03125],
							"rotation": [45, 0, 0],
							"uv": {
								"north": {"uv": [9, 36], "uv_size": [0.75, 0.25]},
								"east": {"uv": [39, 23], "uv_size": [0.25, 0.25]},
								"south": {"uv": [36, 9], "uv_size": [0.75, 0.25]},
								"west": {"uv": [24, 39], "uv_size": [0.25, 0.25]},
								"up": {"uv": [10, 36], "uv_size": [0.75, 0.25]},
								"down": {"uv": [36, 10.25], "uv_size": [0.75, -0.25]}
							}
						},
						{
							"origin": [-0.33047, 2.14063, -0.15625],
							"size": [0.66094, 0.125, 0.125],
							"pivot": [0, 2.20313, -0.09375],
							"rotation": [45, 0, 0],
							"uv": {
								"north": {"uv": [11, 36], "uv_size": [0.75, 0.25]},
								"east": {"uv": [39, 24], "uv_size": [0.25, 0.25]},
								"south": {"uv": [36, 11], "uv_size": [0.75, 0.25]},
								"west": {"uv": [25, 39], "uv_size": [0.25, 0.25]},
								"up": {"uv": [12, 36], "uv_size": [0.75, 0.25]},
								"down": {"uv": [36, 12.25], "uv_size": [0.75, -0.25]}
							}
						},
						{
							"origin": [-0.26797, 2.03125, -0.25],
							"size": [0.53594, 0.25, 0.3125],
							"inflate": 0.0005,
							"uv": {
								"north": {"uv": [37, 17], "uv_size": [0.5, 0.25]},
								"east": {"uv": [39, 25], "uv_size": [0.25, 0.25]},
								"south": {"uv": [18, 37], "uv_size": [0.5, 0.25]},
								"west": {"uv": [26, 39], "uv_size": [0.25, 0.25]},
								"up": {"uv": [37, 18], "uv_size": [0.5, 0.25]}
							}
						},
						{
							"origin": [-0.14297, 0.65625, -0.4375],
							"size": [0.28594, 1.4375, 0.6875],
							"inflate": 0.0005,
							"uv": {
								"north": {"uv": [13, 32], "uv_size": [0.25, 1.5]},
								"south": {"uv": [14, 32], "uv_size": [0.25, 1.5]},
								"up": {"uv": [13, 36], "uv_size": [0.25, 0.75]}
							}
						},
						{
							"origin": [-0.14297, 0.65625, -0.4375],
							"size": [0.28594, 1.4375, 0.6875],
							"pivot": [0, 1.375, -0.09375],
							"rotation": [0, 0, -22.5],
							"uv": {
								"north": {"uv": [32, 14], "uv_size": [0.25, 1.5]},
								"south": {"uv": [15, 32], "uv_size": [0.25, 1.5]},
								"up": {"uv": [14, 36], "uv_size": [0.25, 0.75]},
								"down": {"uv": [36, 14.75], "uv_size": [0.25, -0.75]}
							}
						},
						{
							"origin": [-0.14297, 0.65625, -0.4375],
							"size": [0.28594, 1.4375, 0.6875],
							"inflate": 0.0005,
							"pivot": [0, 1.375, -0.09375],
							"rotation": [0, 0, -45],
							"uv": {
								"north": {"uv": [16, 32], "uv_size": [0.25, 1.5]},
								"south": {"uv": [32, 16], "uv_size": [0.25, 1.5]},
								"up": {"uv": [15, 36], "uv_size": [0.25, 0.75]},
								"down": {"uv": [36, 15.75], "uv_size": [0.25, -0.75]}
							}
						},
						{
							"origin": [-0.71875, 1.23203, -6.375],
							"size": [1.4375, 0.28594, 0.6875],
							"pivot": [0, 1.375, -6.03125],
							"rotation": [0, 0, 22.5],
							"uv": {
								"north": {"uv": [17, 32], "uv_size": [1.5, 0.25]},
								"east": {"uv": [16, 36], "uv_size": [0.75, 0.25]},
								"south": {"uv": [32, 18], "uv_size": [1.5, 0.25]},
								"west": {"uv": [36, 16], "uv_size": [0.75, 0.25]}
							}
						},
						{
							"origin": [-0.71875, 1.23203, -6.375],
							"size": [1.4375, 0.28594, 0.6875],
							"inflate": 0.0005,
							"uv": {
								"north": {"uv": [19, 32], "uv_size": [1.5, 0.25]},
								"east": {"uv": [17, 36], "uv_size": [0.75, 0.25]},
								"south": {"uv": [32, 19], "uv_size": [1.5, 0.25]},
								"west": {"uv": [36, 17], "uv_size": [0.75, 0.25]}
							}
						},
						{
							"origin": [-0.71875, 1.23203, -6.375],
							"size": [1.4375, 0.28594, 0.6875],
							"pivot": [0, 1.375, -6.03125],
							"rotation": [0, 0, -22.5],
							"uv": {
								"north": {"uv": [32, 20], "uv_size": [1.5, 0.25]},
								"east": {"uv": [18, 36], "uv_size": [0.75, 0.25]},
								"south": {"uv": [21, 32], "uv_size": [1.5, 0.25]},
								"west": {"uv": [36, 18], "uv_size": [0.75, 0.25]}
							}
						},
						{
							"origin": [-0.14297, 0.65625, -6.375],
							"size": [0.28594, 1.4375, 0.6875],
							"inflate": 0.0005,
							"pivot": [0, 1.375, -6.03125],
							"rotation": [0, 0, 45],
							"uv": {
								"north": {"uv": [23, 32], "uv_size": [0.25, 1.5]},
								"south": {"uv": [32, 23], "uv_size": [0.25, 1.5]},
								"up": {"uv": [19, 36], "uv_size": [0.25, 0.75]},
								"down": {"uv": [36, 19.75], "uv_size": [0.25, -0.75]}
							}
						},
						{
							"origin": [-0.14297, 0.65625, -6.375],
							"size": [0.28594, 1.4375, 0.6875],
							"pivot": [0, 1.375, -6.03125],
							"rotation": [0, 0, 22.5],
							"uv": {
								"north": {"uv": [25, 32], "uv_size": [0.25, 1.5]},
								"south": {"uv": [26, 32], "uv_size": [0.25, 1.5]},
								"up": {"uv": [20, 36], "uv_size": [0.25, 0.75]}
							}
						},
						{
							"origin": [-0.59464, -0.08732, -6.4375],
							"size": [1.18928, 0.24357, 0.14063],
							"pivot": [0.59464, 0.15625, -6.4375],
							"rotation": [-30, 0, 0],
							"uv": {
								"north": {"uv": [34, 8], "uv_size": [1.25, 0.25]},
								"east": {"uv": [39, 26], "uv_size": [0.25, 0.25]},
								"south": {"uv": [9, 34], "uv_size": [1.25, 0.25]},
								"west": {"uv": [27, 39], "uv_size": [0.25, 0.25]},
								"up": {"uv": [34, 9], "uv_size": [1.25, 0.25]},
								"down": {"uv": [34, 10.25], "uv_size": [1.25, -0.25]}
							}
						},
						{
							"origin": [-0.59464, -0.08732, -5.6875],
							"size": [1.18928, 0.24357, 0.14063],
							"pivot": [0.59464, 0.15625, -5.54687],
							"rotation": [30, 0, 0],
							"uv": {
								"north": {"uv": [11, 34], "uv_size": [1.25, 0.25]},
								"east": {"uv": [39, 27], "uv_size": [0.25, 0.25]},
								"south": {"uv": [34, 10.5], "uv_size": [1.18928, 0.24357]},
								"west": {"uv": [28, 39], "uv_size": [0.25, 0.25]},
								"up": {"uv": [34, 12], "uv_size": [1.25, 0.25]},
								"down": {"uv": [13, 34.25], "uv_size": [1.25, -0.25]}
							}
						},
						{
							"origin": [-0.59464, -0.04262, -6.4375],
							"size": [0.19887, 0.19887, 0.89063],
							"pivot": [-0.59464, 0.15625, -5.54687],
							"rotation": [0, 0, 45],
							"uv": {
								"north": {"uv": [39, 28], "uv_size": [0.25, 0.25]},
								"east": {"uv": [35, 6], "uv_size": [1, 0.25]},
								"south": {"uv": [29, 39], "uv_size": [0.25, 0.25]},
								"down": {"uv": [10, 36], "uv_size": [0.25, -1]}
							}
						},
						{
							"origin": [0.39577, -0.04262, -6.4375],
							"size": [0.19887, 0.19887, 0.89063],
							"pivot": [0.59464, 0.15625, -5.54687],
							"rotation": [0, 0, -45],
							"uv": {
								"north": {"uv": [39, 29], "uv_size": [0.25, 0.25]},
								"south": {"uv": [30, 39], "uv_size": [0.25, 0.25]},
								"west": {"uv": [12, 35], "uv_size": [1, 0.25]},
								"down": {"uv": [14, 36], "uv_size": [0.25, -1]}
							}
						},
						{
							"origin": [-0.59464, -0.125, -6.4375],
							"size": [1.18928, 0.28125, 0.89063],
							"uv": {
								"north": {"uv": [34, 13], "uv_size": [1.25, 0.25]},
								"south": {"uv": [34, 14], "uv_size": [1.25, 0.25]},
								"up": {"uv": [20, 8], "uv_size": [1.25, 1]},
								"down": {"uv": [20, 10], "uv_size": [1.25, -1]}
							}
						},
						{
							"origin": [-0.40714, 0.15625, -6.375],
							"size": [0.81428, 0.60942, 0.6875],
							"uv": {
								"north": {"uv": [32, 21], "uv_size": [0.75, 0.5]},
								"east": {"uv": [32, 25], "uv_size": [0.75, 0.5]},
								"south": {"uv": [32, 27], "uv_size": [0.75, 0.5]},
								"west": {"uv": [28, 32], "uv_size": [0.75, 0.5]}
							}
						},
						{
							"origin": [-0.14297, 0.65625, -6.375],
							"size": [0.28594, 1.4375, 0.6875],
							"inflate": 0.0005,
							"uv": {
								"north": {"uv": [32, 28], "uv_size": [0.25, 1.5]},
								"south": {"uv": [32, 30], "uv_size": [0.25, 1.5]},
								"up": {"uv": [21, 36], "uv_size": [0.25, 0.75]}
							}
						},
						{
							"origin": [-0.14297, 0.65625, -6.375],
							"size": [0.28594, 1.4375, 0.6875],
							"pivot": [0, 1.375, -6.03125],
							"rotation": [0, 0, -22.5],
							"uv": {
								"north": {"uv": [32, 32], "uv_size": [0.25, 1.5]},
								"south": {"uv": [0, 33], "uv_size": [0.25, 1.5]},
								"up": {"uv": [22, 36], "uv_size": [0.25, 0.75]}
							}
						},
						{
							"origin": [-0.14297, 0.65625, -6.375],
							"size": [0.28594, 1.4375, 0.6875],
							"inflate": 0.0005,
							"pivot": [0, 1.375, -6.03125],
							"rotation": [0, 0, -45],
							"uv": {
								"north": {"uv": [33, 0], "uv_size": [0.25, 1.5]},
								"south": {"uv": [33, 2], "uv_size": [0.25, 1.5]},
								"up": {"uv": [23, 36], "uv_size": [0.25, 0.75]},
								"down": {"uv": [36, 23.75], "uv_size": [0.25, -0.75]}
							}
						},
						{
							"origin": [-0.65625, 1.24446, -8.375],
							"size": [1.3125, 0.26107, 0.5625],
							"pivot": [0, 1.375, -8.09375],
							"rotation": [0, 0, 22.5],
							"uv": {
								"north": {"uv": [15, 34], "uv_size": [1.25, 0.25]},
								"east": {"uv": [37, 19], "uv_size": [0.5, 0.25]},
								"south": {"uv": [34, 15], "uv_size": [1.25, 0.25]},
								"west": {"uv": [20, 37], "uv_size": [0.5, 0.25]}
							}
						},
						{
							"origin": [-0.65625, 1.24446, -8.375],
							"size": [1.3125, 0.26107, 0.5625],
							"inflate": 0.0015,
							"uv": {
								"north": {"uv": [34, 16], "uv_size": [1.25, 0.25]},
								"east": {"uv": [37, 20], "uv_size": [0.5, 0.25]},
								"south": {"uv": [17, 34], "uv_size": [1.25, 0.25]},
								"west": {"uv": [21, 37], "uv_size": [0.5, 0.25]}
							}
						},
						{
							"origin": [-0.65625, 1.24446, -8.375],
							"size": [1.3125, 0.26107, 0.5625],
							"pivot": [0, 1.375, -8.09375],
							"rotation": [0, 0, -22.5],
							"uv": {
								"north": {"uv": [34, 17], "uv_size": [1.25, 0.25]},
								"east": {"uv": [37, 21], "uv_size": [0.5, 0.25]},
								"south": {"uv": [34, 18], "uv_size": [1.25, 0.25]},
								"west": {"uv": [22, 37], "uv_size": [0.5, 0.25]}
							}
						},
						{
							"origin": [-0.13054, 0.71875, -8.375],
							"size": [0.26107, 1.3125, 0.5625],
							"inflate": 0.0005,
							"pivot": [0, 1.375, -8.09375],
							"rotation": [0, 0, 45],
							"uv": {
								"north": {"uv": [19, 34], "uv_size": [0.25, 1.25]},
								"south": {"uv": [34, 19], "uv_size": [0.25, 1.25]},
								"up": {"uv": [37, 22], "uv_size": [0.25, 0.5]},
								"down": {"uv": [23, 37.5], "uv_size": [0.25, -0.5]}
							}
						},
						{
							"origin": [-0.13054, 0.71875, -8.375],
							"size": [0.26107, 1.3125, 0.5625],
							"pivot": [0, 1.375, -8.09375],
							"rotation": [0, 0, 22.5],
							"uv": {
								"north": {"uv": [20, 34], "uv_size": [0.25, 1.25]},
								"south": {"uv": [21, 34], "uv_size": [0.25, 1.25]},
								"up": {"uv": [37, 23], "uv_size": [0.25, 0.5]},
								"down": {"uv": [24, 37.5], "uv_size": [0.25, -0.5]}
							}
						},
						{
							"origin": [-0.13054, 0.71875, -8.375],
							"size": [0.26107, 1.3125, 0.5625],
							"inflate": 0.001,
							"uv": {
								"north": {"uv": [22, 34], "uv_size": [0.25, 1.25]},
								"south": {"uv": [23, 34], "uv_size": [0.25, 1.25]},
								"up": {"uv": [37, 24], "uv_size": [0.25, 0.5]},
								"down": {"uv": [25, 37.5], "uv_size": [0.25, -0.5]}
							}
						},
						{
							"origin": [-0.13054, 0.71875, -8.375],
							"size": [0.26107, 1.3125, 0.5625],
							"pivot": [0, 1.375, -8.09375],
							"rotation": [0, 0, -22.5],
							"uv": {
								"north": {"uv": [24, 34], "uv_size": [0.25, 1.25]},
								"south": {"uv": [34, 24], "uv_size": [0.25, 1.25]},
								"up": {"uv": [37, 25], "uv_size": [0.25, 0.5]},
								"down": {"uv": [26, 37.5], "uv_size": [0.25, -0.5]}
							}
						},
						{
							"origin": [-0.13054, 0.71875, -8.375],
							"size": [0.26107, 1.3125, 0.5625],
							"inflate": 0.0005,
							"pivot": [0, 1.375, -8.09375],
							"rotation": [0, 0, -45],
							"uv": {
								"north": {"uv": [25, 34], "uv_size": [0.25, 1.25]},
								"south": {"uv": [26, 34], "uv_size": [0.25, 1.25]},
								"up": {"uv": [37, 26], "uv_size": [0.25, 0.5]},
								"down": {"uv": [27, 37.5], "uv_size": [0.25, -0.5]}
							}
						},
						{
							"origin": [0.9375, 0.21875, -0.20312],
							"size": [0.0625, 0.3125, 0.3125],
							"pivot": [0.46875, 0.375, -0.04687],
							"rotation": [45, 0, 0],
							"uv": {
								"north": {"uv": [39, 36], "uv_size": [0.25, 0.25]},
								"east": {"uv": [37, 39], "uv_size": [0.25, 0.25]},
								"south": {"uv": [39, 37], "uv_size": [0.25, 0.25]},
								"west": {"uv": [38, 39], "uv_size": [0.25, 0.25]},
								"up": {"uv": [39, 38], "uv_size": [0.25, 0.25]},
								"down": {"uv": [39, 39.25], "uv_size": [0.25, -0.25]}
							}
						},
						{
							"origin": [-0.25, 0.28125, -0.125],
							"size": [1.375, 0.125, 0.125],
							"pivot": [0.46875, 0.375, -0.09375],
							"rotation": [45, 0, 0],
							"uv": {
								"north": {"uv": [21, 33], "uv_size": [1.5, 0.25]},
								"east": {"uv": [0, 40], "uv_size": [0.25, 0.25]},
								"south": {"uv": [33, 21], "uv_size": [1.5, 0.25]},
								"west": {"uv": [40, 0], "uv_size": [0.25, 0.25]},
								"up": {"uv": [33, 22], "uv_size": [1.5, 0.25]},
								"down": {"uv": [33, 23.25], "uv_size": [1.5, -0.25]}
							}
						},
						{
							"origin": [-0.1875, 0, -0.4375],
							"size": [0.54688, 0.67188, 0.75],
							"uv": {
								"north": {"uv": [24, 33], "uv_size": [0.5, 0.75]},
								"east": {"uv": [0, 25], "uv_size": [0.75, 0.75]},
								"south": {"uv": [33, 24], "uv_size": [0.5, 0.75]},
								"up": {"uv": [33, 25], "uv_size": [0.5, 0.75]},
								"down": {"uv": [33, 26.75], "uv_size": [0.5, -0.75]}
							}
						},
						{
							"origin": [0.35938, 0, -0.4375],
							"size": [0.57813, 0.76563, 0.75],
							"inflate": 0.001,
							"uv": {
								"north": {"uv": [27, 33], "uv_size": [0.5, 0.75]},
								"east": {"uv": [25, 7], "uv_size": [0.75, 0.75]},
								"south": {"uv": [33, 27], "uv_size": [0.5, 0.75]},
								"west": {"uv": [25, 8], "uv_size": [0.75, 0.75]},
								"up": {"uv": [28, 33], "uv_size": [0.5, 0.75]}
							}
						},
						{
							"origin": [0.6875, 0.5625, -0.4375],
							"size": [0.25, 0.20313, 0.75],
							"inflate": 0.0005,
							"pivot": [0.9375, 0.76563, -0.4375],
							"rotation": [0, 0, 20],
							"uv": {
								"north": {"uv": [1, 40], "uv_size": [0.25, 0.25]},
								"east": {"uv": [30, 36], "uv_size": [0.75, 0.25]},
								"south": {"uv": [40, 1], "uv_size": [0.25, 0.25]},
								"up": {"uv": [31, 36], "uv_size": [0.25, 0.75]},
								"down": {"uv": [36, 31.75], "uv_size": [0.25, -0.75]}
							}
						},
						{
							"origin": [0.54633, 0.38238, -0.4375],
							"size": [0.21875, 0.46875, 0.75],
							"pivot": [0.70258, 0.85113, -0.4375],
							"rotation": [0, 0, 50],
							"uv": {
								"north": {"uv": [37, 33], "uv_size": [0.25, 0.5]},
								"east": {"uv": [29, 33], "uv_size": [0.75, 0.5]},
								"south": {"uv": [34, 37], "uv_size": [0.25, 0.5]},
								"up": {"uv": [32, 36], "uv_size": [0.25, 0.75]}
							}
						},
						{
							"origin": [-0.625, 2.17188, -5.18076],
							"size": [1.25, 0.375, 0.51777],
							"inflate": 0.001,
							"uv": {
								"east": {"uv": [35, 33], "uv_size": [0.5, 0.5]},
								"west": {"uv": [34, 35], "uv_size": [0.5, 0.5]},
								"up": {"uv": [24, 1], "uv_size": [1.25, 0.5]},
								"down": {"uv": [24, 2.5], "uv_size": [1.25, -0.5]}
							}
						},
						{
							"origin": [-0.625, 2.17188, -5.18076],
							"size": [1.25, 0.375, 0.51777],
							"pivot": [0, 2.35938, -4.92187],
							"rotation": [0, -45, 0],
							"uv": {
								"east": {"uv": [35, 34], "uv_size": [0.5, 0.5]},
								"west": {"uv": [35, 35], "uv_size": [0.5, 0.5]},
								"up": {"uv": [24, 5], "uv_size": [1.25, 0.5]},
								"down": {"uv": [24, 6.5], "uv_size": [1.25, -0.5]}
							}
						},
						{
							"origin": [-0.25888, 1.85938, -4.29687],
							"size": [0.26777, 0.625, 0.125],
							"pivot": [-0.25888, 2.48438, -4.17187],
							"rotation": [0, -15, 0],
							"uv": {
								"north": {"uv": [33, 36], "uv_size": [0.25, 0.75]},
								"east": {"uv": [36, 33], "uv_size": [0.25, 0.75]},
								"south": {"uv": [34, 36], "uv_size": [0.25, 0.75]},
								"west": {"uv": [36, 34], "uv_size": [0.25, 0.75]},
								"up": {"uv": [2, 40], "uv_size": [0.25, 0.25]},
								"down": {"uv": [40, 2.25], "uv_size": [0.25, -0.25]}
							}
						},
						{
							"origin": [-0.00888, 1.85938, -4.29687],
							"size": [0.26777, 0.625, 0.125],
							"inflate": 0.0003,
							"pivot": [0.25888, 2.48438, -4.17187],
							"rotation": [0, 15, 0],
							"uv": {
								"north": {"uv": [35, 36], "uv_size": [0.25, 0.75]},
								"east": {"uv": [36, 35], "uv_size": [0.25, 0.75]},
								"south": {"uv": [36, 36], "uv_size": [0.25, 0.75]},
								"west": {"uv": [0, 37], "uv_size": [0.25, 0.75]},
								"up": {"uv": [3, 40], "uv_size": [0.25, 0.25]},
								"down": {"uv": [40, 3.25], "uv_size": [0.25, -0.25]}
							}
						},
						{
							"origin": [-0.25888, 1.85938, -4.29687],
							"size": [0.51777, 0.625, 0.125],
							"inflate": 0.0005,
							"uv": {
								"east": {"uv": [37, 0], "uv_size": [0.25, 0.75]},
								"south": {"uv": [33, 30], "uv_size": [0.5, 0.75]},
								"west": {"uv": [1, 37], "uv_size": [0.25, 0.75]},
								"up": {"uv": [3, 38], "uv_size": [0.5, 0.25]}
							}
						},
						{
							"origin": [-0.25888, 1.85938, -5.42187],
							"size": [0.51777, 0.3125, 1.125],
							"uv": {
								"north": {"uv": [4, 38], "uv_size": [0.5, 0.25]},
								"east": {"uv": [34, 26], "uv_size": [1.25, 0.25]},
								"west": {"uv": [27, 34], "uv_size": [1.25, 0.25]}
							}
						},
						{
							"origin": [-0.25888, 2.17188, -5.54687],
							"size": [0.51777, 0.375, 1.25],
							"inflate": 0.0005,
							"uv": {
								"north": {"uv": [0, 36], "uv_size": [0.5, 0.5]},
								"south": {"uv": [36, 0], "uv_size": [0.5, 0.5]},
								"up": {"uv": [14, 24], "uv_size": [0.5, 1.25]},
								"down": {"uv": [15, 25.25], "uv_size": [0.5, -1.25]}
							}
						},
						{
							"origin": [-0.25888, 2.17188, -5.54687],
							"size": [0.51777, 0.375, 1.25],
							"pivot": [0, 2.35938, -4.92187],
							"rotation": [0, -45, 0],
							"uv": {
								"north": {"uv": [1, 36], "uv_size": [0.5, 0.5]},
								"south": {"uv": [36, 1], "uv_size": [0.5, 0.5]},
								"up": {"uv": [24, 18], "uv_size": [0.5, 1.25]},
								"down": {"uv": [20, 25.25], "uv_size": [0.5, -1.25]}
							}
						}
					]
				},
				{
					"name": "ocular_ring",
					"parent": "scope_body",
					"pivot": [0, 1.375, 4.4375],
					"cubes": [
						{
							"origin": [-0.18026, 2.15625, 4.9375],
							"size": [0.36053, 0.125, 0.4375],
							"pivot": [0, 1.375, 4.4375],
							"rotation": [0, 0, 22.5],
							"uv": {
								"north": {"uv": [5, 38], "uv_size": [0.25, 0.25]},
								"south": {"uv": [38, 5], "uv_size": [0.25, 0.25]},
								"up": {"uv": [25, 9], "uv_size": [0.25, 0.46667]},
								"down": {"uv": [12, 25.46667], "uv_size": [0.25, -0.46667]}
							}
						},
						{
							"origin": [0.78125, 1.19474, 4.9375],
							"size": [0.125, 0.36053, 0.4375],
							"pivot": [0, 1.375, 4.4375],
							"rotation": [0, 0, -22.5],
							"uv": {
								"north": {"uv": [7, 38], "uv_size": [0.25, 0.25]},
								"east": {"uv": [25, 14], "uv_size": [0.46667, 0.25]},
								"south": {"uv": [38, 7], "uv_size": [0.25, 0.25]},
								"west": {"uv": [26.53333, 15], "uv_size": [0.46667, 0.25]}
							}
						},
						{
							"origin": [-0.18026, 2.15625, 4.9375],
							"size": [0.36053, 0.125, 0.4375],
							"pivot": [0, 1.375, 4.4375],
							"rotation": [0, 0, 45],
							"uv": {
								"north": {"uv": [6, 38], "uv_size": [0.25, 0.25]},
								"south": {"uv": [38, 6], "uv_size": [0.25, 0.25]},
								"up": {"uv": [25, 12], "uv_size": [0.25, 0.46667]},
								"down": {"uv": [13, 25.46667], "uv_size": [0.25, -0.46667]}
							}
						},
						{
							"origin": [0.78125, 1.19474, 4.9375],
							"size": [0.125, 0.36053, 0.4375],
							"uv": {
								"north": {"uv": [8, 38], "uv_size": [0.25, 0.25]},
								"east": {"uv": [16, 25], "uv_size": [0.46667, 0.25]},
								"south": {"uv": [38, 8], "uv_size": [0.25, 0.25]},
								"west": {"uv": [19.53333, 25], "uv_size": [0.46667, 0.25]}
							}
						},
						{
							"origin": [0.78125, 1.19474, 4.9375],
							"size": [0.125, 0.36053, 0.4375],
							"pivot": [0, 1.375, 4.4375],
							"rotation": [0, 0, 22.5],
							"uv": {
								"north": {"uv": [9, 38], "uv_size": [0.25, 0.25]},
								"east": {"uv": [25, 18], "uv_size": [0.46667, 0.25]},
								"south": {"uv": [38, 9], "uv_size": [0.25, 0.25]},
								"west": {"uv": [26.53333, 19], "uv_size": [0.46667, 0.25]}
							}
						},
						{
							"origin": [0.78125, 1.19474, 5.375],
							"size": [0.125, 0.36053, 0],
							"pivot": [0, 1.375, 4.4375],
							"rotation": [0, 0, 22.5],
							"uv": {
								"north": {"uv": [9, 38], "uv_size": [0.25, 0.25]},
								"east": {"uv": [25, 18], "uv_size": [0, 0.25]},
								"south": {"uv": [38, 9], "uv_size": [0.25, 0.25]},
								"west": {"uv": [27, 19], "uv_size": [0, 0.25]}
							}
						},
						{
							"origin": [-0.18026, 0.46875, 4.9375],
							"size": [0.36053, 0.125, 0.4375],
							"pivot": [0, 1.375, 4.4375],
							"rotation": [0, 0, -45],
							"uv": {
								"north": {"uv": [10, 38], "uv_size": [0.25, 0.25]},
								"south": {"uv": [38, 10], "uv_size": [0.25, 0.25]},
								"up": {"uv": [25, 20], "uv_size": [0.25, 0.46667]},
								"down": {"uv": [21, 25.46667], "uv_size": [0.25, -0.46667]}
							}
						},
						{
							"origin": [-0.18026, 0.46875, 4.9375],
							"size": [0.36053, 0.125, 0.4375],
							"pivot": [0, 1.375, 4.4375],
							"rotation": [0, 0, -22.5],
							"uv": {
								"north": {"uv": [11, 38], "uv_size": [0.25, 0.25]},
								"south": {"uv": [38, 11], "uv_size": [0.25, 0.25]},
								"up": {"uv": [22, 25], "uv_size": [0.25, 0.46667]},
								"down": {"uv": [25, 22.46667], "uv_size": [0.25, -0.46667]}
							}
						},
						{
							"origin": [-0.18026, 0.46875, 4.9375],
							"size": [0.36053, 0.125, 0.4375],
							"uv": {
								"north": {"uv": [12, 38], "uv_size": [0.25, 0.25]},
								"south": {"uv": [38, 12], "uv_size": [0.25, 0.25]},
								"up": {"uv": [23, 25], "uv_size": [0.25, 0.46667]},
								"down": {"uv": [24, 25.46667], "uv_size": [0.25, -0.46667]}
							}
						},
						{
							"origin": [-0.18026, 0.46875, 4.9375],
							"size": [0.36053, 0.125, 0.4375],
							"pivot": [0, 1.375, 4.4375],
							"rotation": [0, 0, 22.5],
							"uv": {
								"north": {"uv": [13, 38], "uv_size": [0.25, 0.25]},
								"south": {"uv": [38, 13], "uv_size": [0.25, 0.25]},
								"up": {"uv": [25, 24], "uv_size": [0.25, 0.46667]},
								"down": {"uv": [0, 26.46667], "uv_size": [0.25, -0.46667]}
							}
						},
						{
							"origin": [-0.18026, 0.46875, 4.9375],
							"size": [0.36053, 0.125, 0.4375],
							"pivot": [0, 1.375, 4.4375],
							"rotation": [0, 0, 45],
							"uv": {
								"north": {"uv": [14, 38], "uv_size": [0.25, 0.25]},
								"south": {"uv": [38, 14], "uv_size": [0.25, 0.25]},
								"up": {"uv": [26, 0], "uv_size": [0.25, 0.46667]},
								"down": {"uv": [1, 26.46667], "uv_size": [0.25, -0.46667]}
							}
						},
						{
							"origin": [-0.90625, 1.19474, 4.9375],
							"size": [0.125, 0.36053, 0.4375],
							"pivot": [0, 1.375, 4.4375],
							"rotation": [0, 0, -22.5],
							"uv": {
								"north": {"uv": [15, 38], "uv_size": [0.25, 0.25]},
								"east": {"uv": [26, 2], "uv_size": [0.46667, 0.25]},
								"south": {"uv": [38, 15], "uv_size": [0.25, 0.25]},
								"west": {"uv": [27.53333, 3], "uv_size": [0.46667, 0.25]}
							}
						},
						{
							"origin": [-0.90625, 1.19474, 4.9375],
							"size": [0.125, 0.36053, 0.4375],
							"uv": {
								"north": {"uv": [16, 38], "uv_size": [0.25, 0.25]},
								"east": {"uv": [26, 4], "uv_size": [0.46667, 0.25]},
								"south": {"uv": [38, 16], "uv_size": [0.25, 0.25]},
								"west": {"uv": [27.53333, 5], "uv_size": [0.46667, 0.25]}
							}
						},
						{
							"origin": [-0.90625, 1.19474, 4.9375],
							"size": [0.125, 0.36053, 0.4375],
							"pivot": [0, 1.375, 4.4375],
							"rotation": [0, 0, 22.5],
							"uv": {
								"north": {"uv": [17, 38], "uv_size": [0.25, 0.25]},
								"east": {"uv": [26, 6], "uv_size": [0.46667, 0.25]},
								"south": {"uv": [38, 17], "uv_size": [0.25, 0.25]},
								"west": {"uv": [27.53333, 7], "uv_size": [0.46667, 0.25]}
							}
						},
						{
							"origin": [-0.18026, 2.15625, 4.9375],
							"size": [0.36053, 0.125, 0.4375],
							"pivot": [0, 1.375, 4.4375],
							"rotation": [0, 0, -45],
							"uv": {
								"north": {"uv": [18, 38], "uv_size": [0.25, 0.25]},
								"south": {"uv": [38, 18], "uv_size": [0.25, 0.25]},
								"up": {"uv": [26, 8], "uv_size": [0.25, 0.46667]},
								"down": {"uv": [26, 10.46667], "uv_size": [0.25, -0.46667]}
							}
						},
						{
							"origin": [-0.18026, 2.15625, 4.9375],
							"size": [0.36053, 0.125, 0.4375],
							"pivot": [0, 1.375, 4.4375],
							"rotation": [0, 0, -22.5],
							"uv": {
								"north": {"uv": [19, 38], "uv_size": [0.25, 0.25]},
								"south": {"uv": [38, 19], "uv_size": [0.25, 0.25]},
								"up": {"uv": [26, 12], "uv_size": [0.25, 0.46667]},
								"down": {"uv": [14, 26.46667], "uv_size": [0.25, -0.46667]}
							}
						},
						{
							"origin": [-0.18026, 2.15625, 4.9375],
							"size": [0.36053, 0.125, 0.4375],
							"uv": {
								"north": {"uv": [20, 38], "uv_size": [0.25, 0.25]},
								"south": {"uv": [38, 20], "uv_size": [0.25, 0.25]},
								"up": {"uv": [15, 26], "uv_size": [0.25, 0.46667]},
								"down": {"uv": [16, 26.46667], "uv_size": [0.25, -0.46667]}
							}
						}
					]
				},
				{
					"name": "ocular",
					"parent": "scope_body",
					"pivot": [0, 1.375, 4.5],
					"cubes": [
						{
							"origin": [-0.1554, 0.59375, 4],
							"size": [0.3108, 1.5625, 1],
							"inflate": 0.0027,
							"pivot": [0, 1.375, 4.5],
							"rotation": [0, 0, 45],
							"uv": {
								"south": {"uv": [27, 31], "uv_size": [0.25, 1.5]}
							}
						},
						{
							"origin": [-0.1554, 0.59375, 4],
							"size": [0.3108, 1.5625, 1],
							"inflate": 0.0005,
							"pivot": [0, 1.375, 4.5],
							"rotation": [0, 0, 22.5],
							"uv": {
								"south": {"uv": [31, 29], "uv_size": [0.25, 1.5]}
							}
						},
						{
							"origin": [-0.1554, 0.59375, 4],
							"size": [0.3108, 1.5625, 1],
							"inflate": 0.0015,
							"uv": {
								"south": {"uv": [31, 31], "uv_size": [0.25, 1.5]}
							}
						},
						{
							"origin": [-0.1554, 0.59375, 4],
							"size": [0.3108, 1.5625, 1],
							"inflate": 0.0008,
							"pivot": [0, 1.375, 4.5],
							"rotation": [0, 0, -22.5],
							"uv": {
								"south": {"uv": [1, 32], "uv_size": [0.25, 1.5]}
							}
						},
						{
							"origin": [-0.1554, 0.59375, 4],
							"size": [0.3108, 1.5625, 1],
							"inflate": 0.0025,
							"pivot": [0, 1.375, 4.5],
							"rotation": [0, 0, -45],
							"uv": {
								"south": {"uv": [32, 2], "uv_size": [0.25, 1.5]}
							}
						},
						{
							"origin": [-0.78125, 1.2196, 4],
							"size": [1.5625, 0.3108, 1],
							"inflate": 0.0005,
							"pivot": [0, 1.375, 4.5],
							"rotation": [0, 0, 22.5],
							"uv": {
								"south": {"uv": [31, 26], "uv_size": [1.5, 0.25]}
							}
						},
						{
							"origin": [-0.78125, 1.2196, 4],
							"size": [1.5625, 0.3108, 1],
							"inflate": 0.003,
							"uv": {
								"south": {"uv": [32, 4], "uv_size": [1.5, 0.25]}
							}
						},
						{
							"origin": [-0.78125, 1.2196, 4],
							"size": [1.5625, 0.3108, 1],
							"inflate": 0.0007,
							"pivot": [0, 1.375, 4.5],
							"rotation": [0, 0, -22.5],
							"uv": {
								"south": {"uv": [32, 5], "uv_size": [1.5, 0.25]}
							}
						}
					]
				},
				{
					"name": "division",
					"pivot": [-0.08437, 1.04688, -109.575],
					"cubes": [
						{
							"origin": [-26.1875, -25.21874, -110.75],
							"size": [52.375, 52.40625, 0.25],
							"uv": {
								"south": {"uv": [1.25, 159.21875], "uv_size": [95.96875, 96.03125]}
							}
						},
						{
							"origin": [-92.89375, -75.20312, -110.75],
							"size": [66.70625, 152.375, 0.25],
							"uv": {
								"south": {"uv": [5.46875, 164.875], "uv_size": [1, 1]}
							}
						},
						{
							"origin": [26.1875, -75.20312, -110.75],
							"size": [67.26875, 152.375, 0.25],
							"uv": {
								"south": {"uv": [5.53125, 165.0625], "uv_size": [1, 1]}
							}
						},
						{
							"origin": [-26.1875, 27.17188, -110.75],
							"size": [52.375, 50, 0.25],
							"uv": {
								"south": {"uv": [4.625, 164], "uv_size": [1, 1]}
							}
						},
						{
							"origin": [-26.1875, -75.20312, -110.75],
							"size": [52.375, 50, 0.25],
							"uv": {
								"south": {"uv": [3.5, 164.28125], "uv_size": [1, 1]}
							}
						}
					]
				},
				{
					"name": "crosshair_illuminated",
					"parent": "division",
					"pivot": [-1.07231, -4.80149, -110.375],
					"cubes": [
						{
							"origin": [-26.75, 1.26563, -110.375],
							"size": [53.5, 0.21875, 0],
							"pivot": [-0.00001, 1.375, -110.375],
							"rotation": [0, 0, -90],
							"uv": {
								"south": {"uv": [3.75, 165], "uv_size": [14.5, 0.375]}
							}
						},
						{
							"origin": [-0.10937, -25.24999, -110.375],
							"size": [0.21875, 53.875, 0],
							"pivot": [0, 1.6875, -110.375],
							"rotation": [0, 0, -90],
							"uv": {
								"south": {"uv": [10.25, 160.25], "uv_size": [0.375, 14.5]}
							}
						}
					]
				},
				{
					"name": "cross_illuminated",
					"parent": "division",
					"pivot": [0, 1.625, -110.3125]
				},
				{
					"name": "scope_view",
					"pivot": [0, 1.375, 9.5]
				}
			]
		}
	]
}