{
	"format_version": "1.12.0",
	"minecraft:geometry": [
		{
			"description": {
				"identifier": "geometry.unknown",
				"texture_width": 128,
				"texture_height": 128,
				"visible_bounds_width": 13,
				"visible_bounds_height": 11,
				"visible_bounds_offset": [0, 0.5, 0]
			},
			"bones": [
				{
					"name": "scope_body",
					"pivot": [0, 0, 5.25],
					"cubes": [
						{
							"origin": [-0.56526, -0.14593, -0.5],
							"size": [1.13053, 0.29187, 10.0625],
							"uv": {
								"north": {"uv": [0, 33], "uv_size": [1.25, 0.25]},
								"east": {"uv": [12, 0], "uv_size": [10, 0.25]},
								"south": {"uv": [33, 1], "uv_size": [1.25, 0.25]},
								"west": {"uv": [12, 1], "uv_size": [10, 0.25]},
								"up": {"uv": [0, 0], "uv_size": [1.25, 10]},
								"down": {"uv": [2, 10], "uv_size": [1.25, -10]}
							}
						},
						{
							"origin": [-0.5625, -0.15625, -0.5],
							"size": [1.125, 0.3125, 10.0625],
							"pivot": [0, 0, 5.25],
							"rotation": [0, 0, -30],
							"uv": {
								"north": {"uv": [2, 33], "uv_size": [1.25, 0.25]},
								"east": {"uv": [12, 2], "uv_size": [10, 0.25]},
								"south": {"uv": [5, 33], "uv_size": [1.25, 0.25]},
								"west": {"uv": [12, 3], "uv_size": [10, 0.25]},
								"up": {"uv": [4, 0], "uv_size": [1.25, 10]},
								"down": {"uv": [6, 10], "uv_size": [1.25, -10]}
							}
						},
						{
							"origin": [-0.56526, -0.14593, -0.5],
							"size": [1.13053, 0.29187, 10.0625],
							"pivot": [0, 0, 5.25],
							"rotation": [0, 0, -60],
							"uv": {
								"north": {"uv": [7, 33], "uv_size": [1.25, 0.25]},
								"east": {"uv": [12, 4], "uv_size": [10, 0.25]},
								"south": {"uv": [9, 33], "uv_size": [1.25, 0.25]},
								"west": {"uv": [12, 5], "uv_size": [10, 0.25]},
								"up": {"uv": [8, 0], "uv_size": [1.25, 10]},
								"down": {"uv": [0, 20], "uv_size": [1.25, -10]}
							}
						},
						{
							"origin": [-0.56526, -0.14593, -0.5],
							"size": [1.13053, 0.29187, 10.0625],
							"pivot": [0, 0, 5.25],
							"rotation": [0, 0, 60],
							"uv": {
								"north": {"uv": [11, 33], "uv_size": [1.25, 0.25]},
								"east": {"uv": [12, 6], "uv_size": [10, 0.25]},
								"south": {"uv": [33, 11], "uv_size": [1.25, 0.25]},
								"west": {"uv": [12, 7], "uv_size": [10, 0.25]},
								"up": {"uv": [10, 0], "uv_size": [1.25, 10]},
								"down": {"uv": [2, 20], "uv_size": [1.25, -10]}
							}
						},
						{
							"origin": [-0.5625, -0.15625, -0.5],
							"size": [1.125, 0.3125, 10.0625],
							"pivot": [0, 0, 5.25],
							"rotation": [0, 0, 30],
							"uv": {
								"north": {"uv": [13, 33], "uv_size": [1.25, 0.25]},
								"east": {"uv": [12, 8], "uv_size": [10, 0.25]},
								"south": {"uv": [33, 13], "uv_size": [1.25, 0.25]},
								"west": {"uv": [12, 9], "uv_size": [10, 0.25]},
								"up": {"uv": [4, 10], "uv_size": [1.25, 10]},
								"down": {"uv": [6, 20], "uv_size": [1.25, -10]}
							}
						},
						{
							"origin": [-0.5625, -0.15625, -0.5],
							"size": [1.125, 0.3125, 10.0625],
							"pivot": [0, 0, 5.25],
							"rotation": [0, 0, -90],
							"uv": {
								"north": {"uv": [33, 14], "uv_size": [1.25, 0.25]},
								"east": {"uv": [12, 10], "uv_size": [10, 0.25]},
								"south": {"uv": [15, 33], "uv_size": [1.25, 0.25]},
								"west": {"uv": [12, 11], "uv_size": [10, 0.25]},
								"up": {"uv": [8, 10], "uv_size": [1.25, 10]},
								"down": {"uv": [10, 20], "uv_size": [1.25, -10]}
							}
						},
						{
							"origin": [0.5, -0.16365, -0.75],
							"size": [0.1272, 0.3273, 0.75],
							"inflate": 0.0005,
							"uv": {
								"north": {"uv": [37, 13], "uv_size": [0.25, 0.25]},
								"east": {"uv": [23, 34], "uv_size": [0.75, 0.25]},
								"south": {"uv": [14, 37], "uv_size": [0.25, 0.25]},
								"west": {"uv": [34, 23], "uv_size": [0.75, 0.25]},
								"up": {"uv": [24, 34], "uv_size": [0.25, 0.75]},
								"down": {"uv": [34, 24.75], "uv_size": [0.25, -0.75]}
							}
						},
						{
							"origin": [-0.6272, -0.16365, -0.75],
							"size": [0.1272, 0.3273, 0.75],
							"inflate": 0.0005,
							"uv": {
								"north": {"uv": [37, 14], "uv_size": [0.25, 0.25]},
								"east": {"uv": [25, 34], "uv_size": [0.75, 0.25]},
								"south": {"uv": [15, 37], "uv_size": [0.25, 0.25]},
								"west": {"uv": [34, 25], "uv_size": [0.75, 0.25]},
								"up": {"uv": [26, 34], "uv_size": [0.25, 0.75]},
								"down": {"uv": [27, 34.75], "uv_size": [0.25, -0.75]}
							}
						},
						{
							"origin": [0.5, -0.17187, -0.75],
							"size": [0.125, 0.34375, 0.75],
							"pivot": [0, 0, -0.59375],
							"rotation": [0, 0, -30],
							"uv": {
								"north": {"uv": [37, 15], "uv_size": [0.25, 0.25]},
								"east": {"uv": [28, 34], "uv_size": [0.75, 0.25]},
								"south": {"uv": [16, 37], "uv_size": [0.25, 0.25]},
								"west": {"uv": [29, 34], "uv_size": [0.75, 0.25]},
								"up": {"uv": [30, 34], "uv_size": [0.25, 0.75]},
								"down": {"uv": [31, 34.75], "uv_size": [0.25, -0.75]}
							}
						},
						{
							"origin": [0.50382, -0.15763, -0.75],
							"size": [0.12941, 0.3273, 0.75],
							"inflate": 0.0005,
							"pivot": [0.00822, -0.0022, -0.59375],
							"rotation": [0, 0, -60],
							"uv": {
								"north": {"uv": [37, 16], "uv_size": [0.25, 0.25]},
								"east": {"uv": [32, 34], "uv_size": [0.75, 0.25]},
								"south": {"uv": [17, 37], "uv_size": [0.25, 0.25]},
								"west": {"uv": [33, 34], "uv_size": [0.75, 0.25]},
								"up": {"uv": [34, 34], "uv_size": [0.25, 0.75]},
								"down": {"uv": [0, 35.75], "uv_size": [0.25, -0.75]}
							}
						},
						{
							"origin": [-0.6272, -0.16365, -0.75],
							"size": [0.12941, 0.3273, 0.75],
							"inflate": 0.0005,
							"pivot": [0, 0, -0.59375],
							"rotation": [0, 0, 60],
							"uv": {
								"north": {"uv": [37, 17], "uv_size": [0.25, 0.25]},
								"east": {"uv": [1, 35], "uv_size": [0.75, 0.25]},
								"south": {"uv": [18, 37], "uv_size": [0.25, 0.25]},
								"west": {"uv": [35, 1], "uv_size": [0.75, 0.25]},
								"up": {"uv": [2, 35], "uv_size": [0.25, 0.75]},
								"down": {"uv": [3, 35.75], "uv_size": [0.25, -0.75]}
							}
						},
						{
							"origin": [-0.625, -0.17187, -0.75],
							"size": [0.125, 0.34375, 0.75],
							"pivot": [0, 0, -0.59375],
							"rotation": [0, 0, 30],
							"uv": {
								"north": {"uv": [37, 18], "uv_size": [0.25, 0.25]},
								"east": {"uv": [4, 35], "uv_size": [0.75, 0.25]},
								"south": {"uv": [19, 37], "uv_size": [0.25, 0.25]},
								"west": {"uv": [5, 35], "uv_size": [0.75, 0.25]},
								"up": {"uv": [35, 5], "uv_size": [0.25, 0.75]},
								"down": {"uv": [6, 35.75], "uv_size": [0.25, -0.75]}
							}
						},
						{
							"origin": [0.5, -0.17187, -0.75],
							"size": [0.125, 0.34375, 0.75],
							"pivot": [0, 0, -0.59375],
							"rotation": [0, 0, -90],
							"uv": {
								"north": {"uv": [37, 19], "uv_size": [0.25, 0.25]},
								"east": {"uv": [35, 6], "uv_size": [0.75, 0.25]},
								"south": {"uv": [20, 37], "uv_size": [0.25, 0.25]},
								"west": {"uv": [7, 35], "uv_size": [0.75, 0.25]},
								"up": {"uv": [35, 7], "uv_size": [0.25, 0.75]},
								"down": {"uv": [8, 35.75], "uv_size": [0.25, -0.75]}
							}
						},
						{
							"origin": [0.5, -0.17187, -0.75],
							"size": [0.125, 0.34375, 0.75],
							"pivot": [0, 0, -0.59375],
							"rotation": [0, 0, 30],
							"uv": {
								"north": {"uv": [37, 20], "uv_size": [0.25, 0.25]},
								"east": {"uv": [35, 8], "uv_size": [0.75, 0.25]},
								"south": {"uv": [21, 37], "uv_size": [0.25, 0.25]},
								"west": {"uv": [9, 35], "uv_size": [0.75, 0.25]},
								"up": {"uv": [35, 9], "uv_size": [0.25, 0.75]},
								"down": {"uv": [10, 35.75], "uv_size": [0.25, -0.75]}
							}
						},
						{
							"origin": [0.50382, -0.16967, -0.75],
							"size": [0.12941, 0.3273, 0.75],
							"inflate": 0.0005,
							"pivot": [0.00822, 0.0022, -0.59375],
							"rotation": [0, 0, 60],
							"uv": {
								"north": {"uv": [37, 21], "uv_size": [0.25, 0.25]},
								"east": {"uv": [35, 10], "uv_size": [0.75, 0.25]},
								"south": {"uv": [22, 37], "uv_size": [0.25, 0.25]},
								"west": {"uv": [11, 35], "uv_size": [0.75, 0.25]},
								"up": {"uv": [35, 11], "uv_size": [0.25, 0.75]},
								"down": {"uv": [12, 35.75], "uv_size": [0.25, -0.75]}
							}
						},
						{
							"origin": [0.5, -0.17187, -0.75],
							"size": [0.125, 0.34375, 0.75],
							"pivot": [0, 0, -0.59375],
							"rotation": [0, 0, 90],
							"uv": {
								"north": {"uv": [37, 22], "uv_size": [0.25, 0.25]},
								"east": {"uv": [35, 12], "uv_size": [0.75, 0.25]},
								"south": {"uv": [23, 37], "uv_size": [0.25, 0.25]},
								"west": {"uv": [13, 35], "uv_size": [0.75, 0.25]},
								"up": {"uv": [35, 13], "uv_size": [0.25, 0.75]},
								"down": {"uv": [14, 35.75], "uv_size": [0.25, -0.75]}
							}
						},
						{
							"origin": [-0.6272, -0.16365, -0.75],
							"size": [0.12941, 0.3273, 0.75],
							"inflate": 0.0005,
							"pivot": [0, 0, -0.59375],
							"rotation": [0, 0, -60],
							"uv": {
								"north": {"uv": [37, 23], "uv_size": [0.25, 0.25]},
								"east": {"uv": [35, 14], "uv_size": [0.75, 0.25]},
								"south": {"uv": [24, 37], "uv_size": [0.25, 0.25]},
								"west": {"uv": [15, 35], "uv_size": [0.75, 0.25]},
								"up": {"uv": [35, 15], "uv_size": [0.25, 0.75]},
								"down": {"uv": [16, 35.75], "uv_size": [0.25, -0.75]}
							}
						},
						{
							"origin": [-0.625, -0.17187, -0.75],
							"size": [0.125, 0.34375, 0.75],
							"pivot": [0, 0, -0.59375],
							"rotation": [0, 0, -30],
							"uv": {
								"north": {"uv": [37, 24], "uv_size": [0.25, 0.25]},
								"east": {"uv": [35, 16], "uv_size": [0.75, 0.25]},
								"south": {"uv": [25, 37], "uv_size": [0.25, 0.25]},
								"west": {"uv": [17, 35], "uv_size": [0.75, 0.25]},
								"up": {"uv": [35, 17], "uv_size": [0.25, 0.75]},
								"down": {"uv": [18, 35.75], "uv_size": [0.25, -0.75]}
							}
						},
						{
							"origin": [-0.625, -0.16365, 8],
							"size": [1.2522, 0.3273, 1.25],
							"uv": {
								"north": {"uv": [33, 15], "uv_size": [1.25, 0.25]},
								"east": {"uv": [33, 16], "uv_size": [1.25, 0.25]},
								"south": {"uv": [17, 33], "uv_size": [1.25, 0.25]},
								"west": {"uv": [33, 17], "uv_size": [1.25, 0.25]},
								"up": {"uv": [15, 17], "uv_size": [1.25, 1.25]},
								"down": {"uv": [17, 17.25], "uv_size": [1.25, -1.25]}
							}
						},
						{
							"origin": [-0.625, -0.17187, 8],
							"size": [1.25, 0.34375, 1.25],
							"inflate": 0.0005,
							"pivot": [0, 0, 8.15625],
							"rotation": [0, 0, -30],
							"uv": {
								"north": {"uv": [19, 33], "uv_size": [1.25, 0.25]},
								"east": {"uv": [33, 19], "uv_size": [1.25, 0.25]},
								"south": {"uv": [33, 20], "uv_size": [1.25, 0.25]},
								"west": {"uv": [33, 21], "uv_size": [1.25, 0.25]},
								"up": {"uv": [12, 18], "uv_size": [1.25, 1.25]},
								"down": {"uv": [18, 14.25], "uv_size": [1.25, -1.25]}
							}
						},
						{
							"origin": [-0.62118, -0.15763, 8],
							"size": [1.25441, 0.3273, 1.25],
							"pivot": [0.00822, -0.0022, 8.15625],
							"rotation": [0, 0, -60],
							"uv": {
								"north": {"uv": [33, 26], "uv_size": [1.25, 0.25]},
								"east": {"uv": [33, 27], "uv_size": [1.25, 0.25]},
								"south": {"uv": [28, 33], "uv_size": [1.25, 0.25]},
								"west": {"uv": [33, 28], "uv_size": [1.25, 0.25]},
								"up": {"uv": [17, 18], "uv_size": [1.25, 1.25]},
								"down": {"uv": [14, 20.25], "uv_size": [1.25, -1.25]}
							}
						},
						{
							"origin": [-0.625, -0.17187, 8],
							"size": [1.25, 0.34375, 1.25],
							"inflate": 0.0005,
							"pivot": [0, 0, 8.15625],
							"rotation": [0, 0, -90],
							"uv": {
								"north": {"uv": [33, 29], "uv_size": [1.25, 0.25]},
								"east": {"uv": [33, 30], "uv_size": [1.25, 0.25]},
								"south": {"uv": [33, 31], "uv_size": [1.25, 0.25]},
								"west": {"uv": [33, 32], "uv_size": [1.25, 0.25]},
								"up": {"uv": [19, 15], "uv_size": [1.25, 1.25]},
								"down": {"uv": [19, 18.25], "uv_size": [1.25, -1.25]}
							}
						},
						{
							"origin": [-0.6272, -0.16365, 8],
							"size": [1.25441, 0.3273, 1.25],
							"pivot": [0, 0, 8.15625],
							"rotation": [0, 0, 60],
							"uv": {
								"north": {"uv": [33, 33], "uv_size": [1.25, 0.25]},
								"east": {"uv": [0, 34], "uv_size": [1.25, 0.25]},
								"south": {"uv": [34, 0], "uv_size": [1.25, 0.25]},
								"west": {"uv": [2, 34], "uv_size": [1.25, 0.25]},
								"up": {"uv": [19, 19], "uv_size": [1.25, 1.25]},
								"down": {"uv": [0, 21.25], "uv_size": [1.25, -1.25]}
							}
						},
						{
							"origin": [-0.625, -0.17187, 8],
							"size": [1.25, 0.34375, 1.25],
							"inflate": 0.0005,
							"pivot": [0, 0, 8.15625],
							"rotation": [0, 0, 30],
							"uv": {
								"north": {"uv": [34, 2], "uv_size": [1.25, 0.25]},
								"east": {"uv": [34, 3], "uv_size": [1.25, 0.25]},
								"south": {"uv": [4, 34], "uv_size": [1.25, 0.25]},
								"west": {"uv": [34, 4], "uv_size": [1.25, 0.25]},
								"up": {"uv": [2, 20], "uv_size": [1.25, 1.25]},
								"down": {"uv": [4, 21.25], "uv_size": [1.25, -1.25]}
							}
						},
						{
							"origin": [-0.68914, -0.18137, 8.4375],
							"size": [1.37828, 0.36274, 0.3125],
							"uv": {
								"north": {"uv": [32, 0], "uv_size": [1.5, 0.25]},
								"east": {"uv": [37, 25], "uv_size": [0.25, 0.25]},
								"south": {"uv": [2, 32], "uv_size": [1.5, 0.25]},
								"west": {"uv": [26, 37], "uv_size": [0.25, 0.25]},
								"up": {"uv": [32, 2], "uv_size": [1.5, 0.25]},
								"down": {"uv": [32, 3.25], "uv_size": [1.5, -0.25]}
							}
						},
						{
							"origin": [-0.6875, -0.1875, 8.4375],
							"size": [1.375, 0.375, 0.3125],
							"inflate": 0.0005,
							"pivot": [0, 0, 8.59375],
							"rotation": [0, 0, -30],
							"uv": {
								"north": {"uv": [3, 22], "uv_size": [1.5, 0.5]},
								"east": {"uv": [35, 18], "uv_size": [0.25, 0.5]},
								"south": {"uv": [22, 4], "uv_size": [1.5, 0.5]},
								"west": {"uv": [19, 35], "uv_size": [0.25, 0.5]},
								"up": {"uv": [32, 4], "uv_size": [1.5, 0.25]},
								"down": {"uv": [32, 5.25], "uv_size": [1.5, -0.25]}
							}
						},
						{
							"origin": [-0.68914, -0.18137, 8.4375],
							"size": [1.37828, 0.36274, 0.3125],
							"pivot": [0, 0, 8.59375],
							"rotation": [0, 0, -60],
							"uv": {
								"north": {"uv": [32, 6], "uv_size": [1.5, 0.25]},
								"east": {"uv": [37, 26], "uv_size": [0.25, 0.25]},
								"south": {"uv": [32, 7], "uv_size": [1.5, 0.25]},
								"west": {"uv": [27, 37], "uv_size": [0.25, 0.25]},
								"up": {"uv": [8, 32], "uv_size": [1.5, 0.25]},
								"down": {"uv": [32, 8.25], "uv_size": [1.5, -0.25]}
							}
						},
						{
							"origin": [-0.68914, -0.18137, 8.4375],
							"size": [1.37828, 0.36274, 0.3125],
							"pivot": [0, 0, 8.59375],
							"rotation": [0, 0, 60],
							"uv": {
								"north": {"uv": [32, 9], "uv_size": [1.5, 0.25]},
								"east": {"uv": [37, 27], "uv_size": [0.25, 0.25]},
								"south": {"uv": [10, 32], "uv_size": [1.5, 0.25]},
								"west": {"uv": [28, 37], "uv_size": [0.25, 0.25]},
								"up": {"uv": [32, 10], "uv_size": [1.5, 0.25]},
								"down": {"uv": [12, 32.25], "uv_size": [1.5, -0.25]}
							}
						},
						{
							"origin": [-0.6875, -0.1875, 8.4375],
							"size": [1.375, 0.375, 0.3125],
							"inflate": 0.0005,
							"pivot": [0, 0, 8.59375],
							"rotation": [0, 0, 30],
							"uv": {
								"north": {"uv": [22, 5], "uv_size": [1.5, 0.5]},
								"east": {"uv": [35, 19], "uv_size": [0.25, 0.5]},
								"south": {"uv": [22, 6], "uv_size": [1.5, 0.5]},
								"west": {"uv": [20, 35], "uv_size": [0.25, 0.5]},
								"up": {"uv": [32, 12], "uv_size": [1.5, 0.25]},
								"down": {"uv": [14, 32.25], "uv_size": [1.5, -0.25]}
							}
						},
						{
							"origin": [-0.6875, -0.1875, 8.4375],
							"size": [1.375, 0.375, 0.3125],
							"inflate": 0.0005,
							"pivot": [0, 0, 8.59375],
							"rotation": [0, 0, -90],
							"uv": {
								"north": {"uv": [22, 7], "uv_size": [1.5, 0.5]},
								"east": {"uv": [35, 20], "uv_size": [0.25, 0.5]},
								"south": {"uv": [22, 8], "uv_size": [1.5, 0.5]},
								"west": {"uv": [21, 35], "uv_size": [0.25, 0.5]},
								"up": {"uv": [16, 32], "uv_size": [1.5, 0.25]},
								"down": {"uv": [18, 32.25], "uv_size": [1.5, -0.25]}
							}
						},
						{
							"origin": [-0.18026, -0.90625, 12.375],
							"size": [0.36053, 1.8125, 1],
							"inflate": 0.0005,
							"pivot": [0, 0, 13.09375],
							"rotation": [0, 0, -45],
							"uv": {
								"north": {"uv": [24, 30], "uv_size": [0.25, 1.75]},
								"east": {"uv": [12, 12], "uv_size": [1, 1.75]},
								"south": {"uv": [26, 30], "uv_size": [0.25, 1.75]},
								"west": {"uv": [13, 12], "uv_size": [1, 1.75]},
								"up": {"uv": [21, 33], "uv_size": [0.25, 1]},
								"down": {"uv": [23, 34], "uv_size": [0.25, -1]}
							}
						},
						{
							"origin": [-0.18026, -0.90625, 12.375],
							"size": [0.36053, 1.8125, 1],
							"pivot": [0, 0, 13.09375],
							"rotation": [0, 0, -22.5],
							"uv": {
								"north": {"uv": [27, 30], "uv_size": [0.25, 1.75]},
								"east": {"uv": [12, 14], "uv_size": [1, 1.75]},
								"south": {"uv": [30, 29], "uv_size": [0.25, 1.75]},
								"west": {"uv": [14, 12], "uv_size": [1, 1.75]},
								"up": {"uv": [25, 33], "uv_size": [0.25, 1]},
								"down": {"uv": [30, 34], "uv_size": [0.25, -1]}
							}
						},
						{
							"origin": [-0.18026, -0.90625, 12.375],
							"size": [0.36053, 1.8125, 1],
							"inflate": 0.0005,
							"uv": {
								"north": {"uv": [0, 31], "uv_size": [0.25, 1.75]},
								"east": {"uv": [13, 14], "uv_size": [1, 1.75]},
								"south": {"uv": [1, 31], "uv_size": [0.25, 1.75]},
								"west": {"uv": [14, 14], "uv_size": [1, 1.75]},
								"up": {"uv": [34, 5], "uv_size": [0.25, 1]},
								"down": {"uv": [6, 35], "uv_size": [0.25, -1]}
							}
						},
						{
							"origin": [-0.18026, -0.90625, 12.375],
							"size": [0.36053, 1.8125, 1],
							"pivot": [0, 0, 13.09375],
							"rotation": [0, 0, 22.5],
							"uv": {
								"north": {"uv": [5, 31], "uv_size": [0.25, 1.75]},
								"east": {"uv": [15, 12], "uv_size": [1, 1.75]},
								"south": {"uv": [31, 5], "uv_size": [0.25, 1.75]},
								"west": {"uv": [15, 14], "uv_size": [1, 1.75]},
								"up": {"uv": [34, 6], "uv_size": [0.25, 1]},
								"down": {"uv": [7, 35], "uv_size": [0.25, -1]}
							}
						},
						{
							"origin": [-0.18026, -0.90625, 12.375],
							"size": [0.36053, 1.8125, 1],
							"inflate": 0.0005,
							"pivot": [0, 0, 13.09375],
							"rotation": [0, 0, 45],
							"uv": {
								"north": {"uv": [6, 31], "uv_size": [0.25, 1.75]},
								"east": {"uv": [12, 16], "uv_size": [1, 1.75]},
								"south": {"uv": [7, 31], "uv_size": [0.25, 1.75]},
								"west": {"uv": [16, 12], "uv_size": [1, 1.75]},
								"up": {"uv": [34, 7], "uv_size": [0.25, 1]},
								"down": {"uv": [8, 35], "uv_size": [0.25, -1]}
							}
						},
						{
							"origin": [-0.90625, -0.18026, 12.375],
							"size": [1.8125, 0.36053, 1],
							"pivot": [0, 0, 13.09375],
							"rotation": [0, 0, -22.5],
							"uv": {
								"north": {"uv": [31, 1], "uv_size": [1.75, 0.25]},
								"east": {"uv": [34, 8], "uv_size": [1, 0.25]},
								"south": {"uv": [31, 11], "uv_size": [1.75, 0.25]},
								"west": {"uv": [9, 34], "uv_size": [1, 0.25]},
								"up": {"uv": [13, 16], "uv_size": [1.75, 1]},
								"down": {"uv": [16, 15], "uv_size": [1.75, -1]}
							}
						},
						{
							"origin": [-0.90625, -0.18026, 12.375],
							"size": [1.8125, 0.36053, 1],
							"inflate": 0.0005,
							"uv": {
								"north": {"uv": [31, 13], "uv_size": [1.75, 0.25]},
								"east": {"uv": [34, 9], "uv_size": [1, 0.25]},
								"south": {"uv": [31, 14], "uv_size": [1.75, 0.25]},
								"west": {"uv": [10, 34], "uv_size": [1, 0.25]},
								"up": {"uv": [15, 16], "uv_size": [1.75, 1]},
								"down": {"uv": [16, 16], "uv_size": [1.75, -1]}
							}
						},
						{
							"origin": [-0.90625, -0.18026, 12.375],
							"size": [1.8125, 0.36053, 1],
							"pivot": [0, 0, 13.09375],
							"rotation": [0, 0, 22.5],
							"uv": {
								"north": {"uv": [31, 15], "uv_size": [1.75, 0.25]},
								"east": {"uv": [34, 10], "uv_size": [1, 0.25]},
								"south": {"uv": [31, 16], "uv_size": [1.75, 0.25]},
								"west": {"uv": [11, 34], "uv_size": [1, 0.25]},
								"up": {"uv": [17, 12], "uv_size": [1.75, 1]},
								"down": {"uv": [13, 18], "uv_size": [1.75, -1]}
							}
						},
						{
							"origin": [-0.84375, -0.16783, 11.875],
							"size": [1.6875, 0.33566, 0.5],
							"pivot": [0, 0, 12.125],
							"rotation": [0, 0, 22.5],
							"uv": {
								"north": {"uv": [31, 17], "uv_size": [1.75, 0.25]},
								"east": {"uv": [18, 36], "uv_size": [0.5, 0.25]},
								"south": {"uv": [18, 31], "uv_size": [1.75, 0.25]},
								"west": {"uv": [36, 18], "uv_size": [0.5, 0.25]},
								"up": {"uv": [20, 14], "uv_size": [1.75, 0.5]},
								"down": {"uv": [21, 12.5], "uv_size": [1.75, -0.5]}
							}
						},
						{
							"origin": [-0.84375, -0.16783, 11.875],
							"size": [1.6875, 0.33566, 0.5],
							"uv": {
								"north": {"uv": [31, 19], "uv_size": [1.75, 0.25]},
								"east": {"uv": [19, 36], "uv_size": [0.5, 0.25]},
								"south": {"uv": [20, 31], "uv_size": [1.75, 0.25]},
								"west": {"uv": [36, 19], "uv_size": [0.5, 0.25]},
								"up": {"uv": [13, 21], "uv_size": [1.75, 0.5]},
								"down": {"uv": [15, 21.5], "uv_size": [1.75, -0.5]}
							}
						},
						{
							"origin": [-0.84375, -0.16783, 11.875],
							"size": [1.6875, 0.33566, 0.5],
							"pivot": [0, 0, 12.125],
							"rotation": [0, 0, -22.5],
							"uv": {
								"north": {"uv": [31, 20], "uv_size": [1.75, 0.25]},
								"east": {"uv": [20, 36], "uv_size": [0.5, 0.25]},
								"south": {"uv": [31, 21], "uv_size": [1.75, 0.25]},
								"west": {"uv": [36, 20], "uv_size": [0.5, 0.25]},
								"up": {"uv": [21, 15], "uv_size": [1.75, 0.5]},
								"down": {"uv": [21, 16.5], "uv_size": [1.75, -0.5]}
							}
						},
						{
							"origin": [-0.16783, -0.84375, 11.875],
							"size": [0.33566, 1.6875, 0.5],
							"pivot": [0, 0, 12.125],
							"rotation": [0, 0, 45],
							"uv": {
								"north": {"uv": [31, 22], "uv_size": [0.25, 1.75]},
								"east": {"uv": [21, 17], "uv_size": [0.5, 1.75]},
								"south": {"uv": [23, 31], "uv_size": [0.25, 1.75]},
								"west": {"uv": [19, 21], "uv_size": [0.5, 1.75]},
								"up": {"uv": [21, 36], "uv_size": [0.25, 0.5]},
								"down": {"uv": [36, 21.5], "uv_size": [0.25, -0.5]}
							}
						},
						{
							"origin": [-0.16783, -0.84375, 11.875],
							"size": [0.33566, 1.6875, 0.5],
							"pivot": [0, 0, 12.125],
							"rotation": [0, 0, 22.5],
							"uv": {
								"north": {"uv": [31, 24], "uv_size": [0.25, 1.75]},
								"east": {"uv": [21, 19], "uv_size": [0.5, 1.75]},
								"south": {"uv": [25, 31], "uv_size": [0.25, 1.75]},
								"west": {"uv": [20, 21], "uv_size": [0.5, 1.75]},
								"up": {"uv": [22, 36], "uv_size": [0.25, 0.5]},
								"down": {"uv": [36, 22.5], "uv_size": [0.25, -0.5]}
							}
						},
						{
							"origin": [-0.16783, -0.84375, 11.875],
							"size": [0.33566, 1.6875, 0.5],
							"uv": {
								"north": {"uv": [31, 26], "uv_size": [0.25, 1.75]},
								"east": {"uv": [21, 21], "uv_size": [0.5, 1.75]},
								"south": {"uv": [28, 31], "uv_size": [0.25, 1.75]},
								"west": {"uv": [0, 22], "uv_size": [0.5, 1.75]},
								"up": {"uv": [23, 36], "uv_size": [0.25, 0.5]},
								"down": {"uv": [36, 23.5], "uv_size": [0.25, -0.5]}
							}
						},
						{
							"origin": [0.59375, -0.16783, 9.5],
							"size": [0.25, 0.14816, 2.375],
							"pivot": [0.84375, -0.16783, 11.875],
							"rotation": [-1, 5, 0],
							"uv": {
								"north": {"uv": [7, 38], "uv_size": [0.25, 0.25]},
								"east": {"uv": [6, 23], "uv_size": [2.5, 0.25]},
								"south": {"uv": [38, 7], "uv_size": [0.25, 0.25]},
								"west": {"uv": [9, 23], "uv_size": [2.5, 0.25]},
								"up": {"uv": [3, 23], "uv_size": [0.25, 2.5]},
								"down": {"uv": [4, 25.5], "uv_size": [0.25, -2.5]}
							}
						},
						{
							"origin": [0.59375, -0.04283, 9.5],
							"size": [0.25, 0.21066, 2.375],
							"inflate": 0.0005,
							"pivot": [0.84375, 0.16783, 11.875],
							"rotation": [1, 5, 0],
							"uv": {
								"north": {"uv": [8, 38], "uv_size": [0.25, 0.25]},
								"east": {"uv": [12, 23], "uv_size": [2.5, 0.25]},
								"south": {"uv": [38, 8], "uv_size": [0.25, 0.25]},
								"west": {"uv": [23, 12], "uv_size": [2.5, 0.25]},
								"up": {"uv": [23, 15], "uv_size": [0.25, 2.5]},
								"down": {"uv": [23, 20.5], "uv_size": [0.25, -2.5]}
							}
						},
						{
							"origin": [0.59375, 0.16783, 9.5],
							"size": [0.25, 0.14816, 2.375],
							"pivot": [0.84375, 0.16783, 11.875],
							"rotation": [-1, 5, -22.5],
							"uv": {
								"north": {"uv": [9, 38], "uv_size": [0.25, 0.25]},
								"east": {"uv": [19, 23], "uv_size": [2.5, 0.25]},
								"south": {"uv": [38, 9], "uv_size": [0.25, 0.25]},
								"west": {"uv": [23, 21], "uv_size": [2.5, 0.25]},
								"up": {"uv": [22, 23], "uv_size": [0.25, 2.5]},
								"down": {"uv": [23, 24.5], "uv_size": [0.25, -2.5]}
							}
						},
						{
							"origin": [0.4653, 0.26728, 9.5],
							"size": [0.25, 0.21066, 2.375],
							"inflate": 0.0005,
							"pivot": [0.7153, 0.47795, 11.875],
							"rotation": [1, 5, -22.5],
							"uv": {
								"north": {"uv": [10, 38], "uv_size": [0.25, 0.25]},
								"east": {"uv": [0, 24], "uv_size": [2.5, 0.25]},
								"south": {"uv": [38, 10], "uv_size": [0.25, 0.25]},
								"west": {"uv": [24, 0], "uv_size": [2.5, 0.25]},
								"up": {"uv": [24, 1], "uv_size": [0.25, 2.5]},
								"down": {"uv": [24, 6.5], "uv_size": [0.25, -2.5]}
							}
						},
						{
							"origin": [0.56713, 0.22795, 9.5],
							"size": [0.14816, 0.25, 2.375],
							"pivot": [0.7153, 0.47795, 11.875],
							"rotation": [5.00076, 0.99619, 45.08716],
							"uv": {
								"north": {"uv": [11, 38], "uv_size": [0.25, 0.25]},
								"east": {"uv": [5, 24], "uv_size": [2.5, 0.25]},
								"south": {"uv": [38, 11], "uv_size": [0.25, 0.25]},
								"west": {"uv": [24, 7], "uv_size": [2.5, 0.25]},
								"up": {"uv": [8, 24], "uv_size": [0.25, 2.5]},
								"down": {"uv": [24, 10.5], "uv_size": [0.25, -2.5]}
							}
						},
						{
							"origin": [0.47795, 0.4653, 9.5],
							"size": [0.21066, 0.25, 2.375],
							"inflate": 0.0005,
							"pivot": [0.47795, 0.7153, 11.875],
							"rotation": [5.00076, -0.99619, 44.91284],
							"uv": {
								"north": {"uv": [12, 38], "uv_size": [0.25, 0.25]},
								"east": {"uv": [9, 24], "uv_size": [2.5, 0.25]},
								"south": {"uv": [38, 12], "uv_size": [0.25, 0.25]},
								"west": {"uv": [24, 11], "uv_size": [2.5, 0.25]},
								"up": {"uv": [12, 24], "uv_size": [0.25, 2.5]},
								"down": {"uv": [13, 26.5], "uv_size": [0.25, -2.5]}
							}
						},
						{
							"origin": [0.16783, 0.59375, 9.5],
							"size": [0.21066, 0.25, 2.375],
							"inflate": 0.0005,
							"pivot": [0.16783, 0.84375, 11.875],
							"rotation": [5.00076, -0.99619, 22.41284],
							"uv": {
								"north": {"uv": [13, 38], "uv_size": [0.25, 0.25]},
								"east": {"uv": [24, 13], "uv_size": [2.5, 0.25]},
								"south": {"uv": [38, 13], "uv_size": [0.25, 0.25]},
								"west": {"uv": [14, 24], "uv_size": [2.5, 0.25]},
								"up": {"uv": [24, 14], "uv_size": [0.25, 2.5]},
								"down": {"uv": [17, 26.5], "uv_size": [0.25, -2.5]}
							}
						},
						{
							"origin": [0.32993, 0.46579, 9.50584],
							"size": [0.14816, 0.25, 2.375],
							"pivot": [0.47809, 0.71579, 11.88084],
							"rotation": [5.00076, 0.99619, 22.58716],
							"uv": {
								"north": {"uv": [14, 38], "uv_size": [0.25, 0.25]},
								"east": {"uv": [24, 17], "uv_size": [2.5, 0.25]},
								"south": {"uv": [38, 14], "uv_size": [0.25, 0.25]},
								"west": {"uv": [18, 24], "uv_size": [2.5, 0.25]},
								"up": {"uv": [24, 18], "uv_size": [0.25, 2.5]},
								"down": {"uv": [21, 26.5], "uv_size": [0.25, -2.5]}
							}
						},
						{
							"origin": [-0.47809, 0.46579, 9.50584],
							"size": [0.14816, 0.25, 2.375],
							"inflate": 0.0005,
							"pivot": [-0.47809, 0.71579, 11.88084],
							"rotation": [5.00076, -0.99619, -22.58716],
							"uv": {
								"north": {"uv": [15, 38], "uv_size": [0.25, 0.25]},
								"east": {"uv": [24, 22], "uv_size": [2.5, 0.25]},
								"south": {"uv": [38, 15], "uv_size": [0.25, 0.25]},
								"west": {"uv": [24, 23], "uv_size": [2.5, 0.25]},
								"up": {"uv": [24, 24], "uv_size": [0.25, 2.5]},
								"down": {"uv": [0, 27.5], "uv_size": [0.25, -2.5]}
							}
						},
						{
							"origin": [-0.3785, 0.59375, 9.5],
							"size": [0.21066, 0.25, 2.375],
							"pivot": [-0.16783, 0.84375, 11.875],
							"rotation": [5.00076, 0.99619, -22.41284],
							"uv": {
								"north": {"uv": [16, 38], "uv_size": [0.25, 0.25]},
								"east": {"uv": [25, 1], "uv_size": [2.5, 0.25]},
								"south": {"uv": [38, 16], "uv_size": [0.25, 0.25]},
								"west": {"uv": [25, 2], "uv_size": [2.5, 0.25]},
								"up": {"uv": [1, 25], "uv_size": [0.25, 2.5]},
								"down": {"uv": [2, 27.5], "uv_size": [0.25, -2.5]}
							}
						},
						{
							"origin": [-0.7153, 0.22795, 9.5],
							"size": [0.14816, 0.25, 2.375],
							"inflate": 0.0005,
							"pivot": [-0.7153, 0.47795, 11.875],
							"rotation": [5.00076, -0.99619, -45.08716],
							"uv": {
								"north": {"uv": [17, 38], "uv_size": [0.25, 0.25]},
								"east": {"uv": [25, 3], "uv_size": [2.5, 0.25]},
								"south": {"uv": [38, 17], "uv_size": [0.25, 0.25]},
								"west": {"uv": [25, 4], "uv_size": [2.5, 0.25]},
								"up": {"uv": [5, 25], "uv_size": [0.25, 2.5]},
								"down": {"uv": [6, 27.5], "uv_size": [0.25, -2.5]}
							}
						},
						{
							"origin": [-0.68861, 0.4653, 9.5],
							"size": [0.21066, 0.25, 2.375],
							"pivot": [-0.47795, 0.7153, 11.875],
							"rotation": [5.00076, 0.99619, -44.91284],
							"uv": {
								"north": {"uv": [18, 38], "uv_size": [0.25, 0.25]},
								"east": {"uv": [25, 5], "uv_size": [2.5, 0.25]},
								"south": {"uv": [38, 18], "uv_size": [0.25, 0.25]},
								"west": {"uv": [25, 6], "uv_size": [2.5, 0.25]},
								"up": {"uv": [7, 25], "uv_size": [0.25, 2.5]},
								"down": {"uv": [25, 10.5], "uv_size": [0.25, -2.5]}
							}
						},
						{
							"origin": [-0.7153, 0.26728, 9.5],
							"size": [0.25, 0.21066, 2.375],
							"pivot": [-0.7153, 0.47795, 11.875],
							"rotation": [1, -5, 22.5],
							"uv": {
								"north": {"uv": [19, 38], "uv_size": [0.25, 0.25]},
								"east": {"uv": [9, 25], "uv_size": [2.5, 0.25]},
								"south": {"uv": [38, 19], "uv_size": [0.25, 0.25]},
								"west": {"uv": [14, 25], "uv_size": [2.5, 0.25]},
								"up": {"uv": [25, 14], "uv_size": [0.25, 2.5]},
								"down": {"uv": [18, 27.5], "uv_size": [0.25, -2.5]}
							}
						},
						{
							"origin": [-0.84375, 0.16783, 9.5],
							"size": [0.25, 0.14816, 2.375],
							"inflate": 0.0005,
							"pivot": [-0.84375, 0.16783, 11.875],
							"rotation": [-1, -5, 22.5],
							"uv": {
								"north": {"uv": [20, 38], "uv_size": [0.25, 0.25]},
								"east": {"uv": [25, 18], "uv_size": [2.5, 0.25]},
								"south": {"uv": [38, 20], "uv_size": [0.25, 0.25]},
								"west": {"uv": [25, 19], "uv_size": [2.5, 0.25]},
								"up": {"uv": [19, 25], "uv_size": [0.25, 2.5]},
								"down": {"uv": [20, 27.5], "uv_size": [0.25, -2.5]}
							}
						},
						{
							"origin": [-0.84375, -0.16783, 9.5],
							"size": [0.25, 0.14816, 2.375],
							"inflate": 0.0005,
							"pivot": [-0.84375, -0.16783, 11.875],
							"rotation": [-1, -5, 0],
							"uv": {
								"north": {"uv": [21, 38], "uv_size": [0.25, 0.25]},
								"east": {"uv": [25, 20], "uv_size": [2.5, 0.25]},
								"south": {"uv": [38, 21], "uv_size": [0.25, 0.25]},
								"west": {"uv": [25, 24], "uv_size": [2.5, 0.25]},
								"up": {"uv": [23, 25], "uv_size": [0.25, 2.5]},
								"down": {"uv": [25, 27.5], "uv_size": [0.25, -2.5]}
							}
						},
						{
							"origin": [-0.84375, -0.04283, 9.5],
							"size": [0.25, 0.21066, 2.375],
							"pivot": [-0.84375, 0.16783, 11.875],
							"rotation": [1, -5, 0],
							"uv": {
								"north": {"uv": [22, 38], "uv_size": [0.25, 0.25]},
								"east": {"uv": [26, 8], "uv_size": [2.5, 0.25]},
								"south": {"uv": [38, 22], "uv_size": [0.25, 0.25]},
								"west": {"uv": [9, 26], "uv_size": [2.5, 0.25]},
								"up": {"uv": [3, 26], "uv_size": [0.25, 2.5]},
								"down": {"uv": [4, 28.5], "uv_size": [0.25, -2.5]}
							}
						},
						{
							"origin": [-0.16783, 0.59375, 9.5],
							"size": [0.21066, 0.25, 2.375],
							"inflate": 0.0005,
							"pivot": [-0.16783, 0.84375, 11.875],
							"rotation": [5.00076, -0.99619, -0.08716],
							"uv": {
								"north": {"uv": [23, 38], "uv_size": [0.25, 0.25]},
								"east": {"uv": [26, 9], "uv_size": [2.5, 0.25]},
								"south": {"uv": [38, 23], "uv_size": [0.25, 0.25]},
								"west": {"uv": [26, 10], "uv_size": [2.5, 0.25]},
								"up": {"uv": [14, 26], "uv_size": [0.25, 2.5]},
								"down": {"uv": [26, 16.5], "uv_size": [0.25, -2.5]}
							}
						},
						{
							"origin": [0.01967, 0.59375, 9.5],
							"size": [0.14816, 0.25, 2.375],
							"pivot": [0.16783, 0.84375, 11.875],
							"rotation": [5.00076, 0.99619, 0.08716],
							"uv": {
								"north": {"uv": [24, 38], "uv_size": [0.25, 0.25]},
								"east": {"uv": [26, 12], "uv_size": [2.5, 0.25]},
								"south": {"uv": [38, 24], "uv_size": [0.25, 0.25]},
								"west": {"uv": [26, 21], "uv_size": [2.5, 0.25]},
								"up": {"uv": [15, 26], "uv_size": [0.25, 2.5]},
								"down": {"uv": [16, 28.5], "uv_size": [0.25, -2.5]}
							}
						},
						{
							"origin": [0.59375, -0.316, 9.5],
							"size": [0.25, 0.14816, 2.375],
							"inflate": 0.0005,
							"pivot": [0.84375, -0.16783, 11.875],
							"rotation": [1, 5, 22.5],
							"uv": {
								"north": {"uv": [25, 38], "uv_size": [0.25, 0.25]},
								"east": {"uv": [26, 25], "uv_size": [2.5, 0.25]},
								"south": {"uv": [38, 25], "uv_size": [0.25, 0.25]},
								"west": {"uv": [26, 26], "uv_size": [2.5, 0.25]},
								"up": {"uv": [22, 26], "uv_size": [0.25, 2.5]},
								"down": {"uv": [8, 29.5], "uv_size": [0.25, -2.5]}
							}
						},
						{
							"origin": [0.4653, -0.47795, 9.5],
							"size": [0.25, 0.21066, 2.375],
							"pivot": [0.7153, -0.47795, 11.875],
							"rotation": [-1, 5, 22.5],
							"uv": {
								"north": {"uv": [26, 38], "uv_size": [0.25, 0.25]},
								"east": {"uv": [27, 0], "uv_size": [2.5, 0.25]},
								"south": {"uv": [38, 26], "uv_size": [0.25, 0.25]},
								"west": {"uv": [27, 7], "uv_size": [2.5, 0.25]},
								"up": {"uv": [9, 27], "uv_size": [0.25, 2.5]},
								"down": {"uv": [10, 29.5], "uv_size": [0.25, -2.5]}
							}
						},
						{
							"origin": [0.47795, -0.7153, 9.5],
							"size": [0.21066, 0.25, 2.375],
							"pivot": [0.47795, -0.7153, 11.875],
							"rotation": [-5.00076, -0.99619, -44.91284],
							"uv": {
								"north": {"uv": [27, 38], "uv_size": [0.25, 0.25]},
								"east": {"uv": [11, 27], "uv_size": [2.5, 0.25]},
								"south": {"uv": [38, 27], "uv_size": [0.25, 0.25]},
								"west": {"uv": [27, 11], "uv_size": [2.5, 0.25]},
								"up": {"uv": [27, 13], "uv_size": [0.25, 2.5]},
								"down": {"uv": [17, 29.5], "uv_size": [0.25, -2.5]}
							}
						},
						{
							"origin": [0.56713, -0.47795, 9.5],
							"size": [0.14816, 0.25, 2.375],
							"inflate": 0.0005,
							"pivot": [0.7153, -0.47795, 11.875],
							"rotation": [-5.00076, 0.99619, -45.08716],
							"uv": {
								"north": {"uv": [28, 38], "uv_size": [0.25, 0.25]},
								"east": {"uv": [27, 16], "uv_size": [2.5, 0.25]},
								"south": {"uv": [38, 28], "uv_size": [0.25, 0.25]},
								"west": {"uv": [27, 17], "uv_size": [2.5, 0.25]},
								"up": {"uv": [21, 27], "uv_size": [0.25, 2.5]},
								"down": {"uv": [24, 29.5], "uv_size": [0.25, -2.5]}
							}
						},
						{
							"origin": [0.32993, -0.71579, 9.50584],
							"size": [0.14816, 0.25, 2.375],
							"inflate": 0.0005,
							"pivot": [0.47809, -0.71579, 11.88084],
							"rotation": [-5.00076, 0.99619, -22.58716],
							"uv": {
								"north": {"uv": [29, 38], "uv_size": [0.25, 0.25]},
								"east": {"uv": [27, 22], "uv_size": [2.5, 0.25]},
								"south": {"uv": [38, 29], "uv_size": [0.25, 0.25]},
								"west": {"uv": [27, 23], "uv_size": [2.5, 0.25]},
								"up": {"uv": [26, 27], "uv_size": [0.25, 2.5]},
								"down": {"uv": [27, 29.5], "uv_size": [0.25, -2.5]}
							}
						},
						{
							"origin": [0.16783, -0.84375, 9.5],
							"size": [0.21066, 0.25, 2.375],
							"pivot": [0.16783, -0.84375, 11.875],
							"rotation": [-5.00076, -0.99619, -22.41284],
							"uv": {
								"north": {"uv": [30, 38], "uv_size": [0.25, 0.25]},
								"east": {"uv": [0, 28], "uv_size": [2.5, 0.25]},
								"south": {"uv": [38, 30], "uv_size": [0.25, 0.25]},
								"west": {"uv": [28, 1], "uv_size": [2.5, 0.25]},
								"up": {"uv": [28, 2], "uv_size": [0.25, 2.5]},
								"down": {"uv": [5, 30.5], "uv_size": [0.25, -2.5]}
							}
						},
						{
							"origin": [0.01967, -0.84375, 9.5],
							"size": [0.14816, 0.25, 2.375],
							"inflate": 0.0005,
							"pivot": [0.16783, -0.84375, 11.875],
							"rotation": [-5.00076, 0.99619, -0.08716],
							"uv": {
								"north": {"uv": [31, 38], "uv_size": [0.25, 0.25]},
								"east": {"uv": [28, 5], "uv_size": [2.5, 0.25]},
								"south": {"uv": [38, 31], "uv_size": [0.25, 0.25]},
								"west": {"uv": [28, 6], "uv_size": [2.5, 0.25]},
								"up": {"uv": [6, 28], "uv_size": [0.25, 2.5]},
								"down": {"uv": [7, 30.5], "uv_size": [0.25, -2.5]}
							}
						},
						{
							"origin": [-0.16783, -0.84375, 9.5],
							"size": [0.21066, 0.25, 2.375],
							"pivot": [-0.16783, -0.84375, 11.875],
							"rotation": [-5.00076, -0.99619, 0.08716],
							"uv": {
								"north": {"uv": [32, 38], "uv_size": [0.25, 0.25]},
								"east": {"uv": [11, 28], "uv_size": [2.5, 0.25]},
								"south": {"uv": [38, 32], "uv_size": [0.25, 0.25]},
								"west": {"uv": [28, 13], "uv_size": [2.5, 0.25]},
								"up": {"uv": [18, 28], "uv_size": [0.25, 2.5]},
								"down": {"uv": [28, 20.5], "uv_size": [0.25, -2.5]}
							}
						},
						{
							"origin": [-0.3785, -0.84375, 9.5],
							"size": [0.21066, 0.25, 2.375],
							"inflate": 0.0005,
							"pivot": [-0.16783, -0.84375, 11.875],
							"rotation": [-5.00076, 0.99619, 22.41284],
							"uv": {
								"north": {"uv": [33, 38], "uv_size": [0.25, 0.25]},
								"east": {"uv": [28, 14], "uv_size": [2.5, 0.25]},
								"south": {"uv": [38, 33], "uv_size": [0.25, 0.25]},
								"west": {"uv": [28, 15], "uv_size": [2.5, 0.25]},
								"up": {"uv": [19, 28], "uv_size": [0.25, 2.5]},
								"down": {"uv": [20, 30.5], "uv_size": [0.25, -2.5]}
							}
						},
						{
							"origin": [-0.47809, -0.71579, 9.50584],
							"size": [0.14816, 0.25, 2.375],
							"pivot": [-0.47809, -0.71579, 11.88084],
							"rotation": [-5.00076, -0.99619, 22.58716],
							"uv": {
								"north": {"uv": [34, 38], "uv_size": [0.25, 0.25]},
								"east": {"uv": [28, 24], "uv_size": [2.5, 0.25]},
								"south": {"uv": [38, 34], "uv_size": [0.25, 0.25]},
								"west": {"uv": [28, 27], "uv_size": [2.5, 0.25]},
								"up": {"uv": [23, 28], "uv_size": [0.25, 2.5]},
								"down": {"uv": [25, 30.5], "uv_size": [0.25, -2.5]}
							}
						},
						{
							"origin": [-0.68861, -0.7153, 9.5],
							"size": [0.21066, 0.25, 2.375],
							"inflate": 0.0005,
							"pivot": [-0.47795, -0.7153, 11.875],
							"rotation": [-5.00076, 0.99619, 44.91284],
							"uv": {
								"north": {"uv": [35, 38], "uv_size": [0.25, 0.25]},
								"east": {"uv": [28, 28], "uv_size": [2.5, 0.25]},
								"south": {"uv": [38, 35], "uv_size": [0.25, 0.25]},
								"west": {"uv": [0, 29], "uv_size": [2.5, 0.25]},
								"up": {"uv": [29, 2], "uv_size": [0.25, 2.5]},
								"down": {"uv": [3, 31.5], "uv_size": [0.25, -2.5]}
							}
						},
						{
							"origin": [-0.7153, -0.47795, 9.5],
							"size": [0.14816, 0.25, 2.375],
							"pivot": [-0.7153, -0.47795, 11.875],
							"rotation": [-5.00076, -0.99619, 45.08716],
							"uv": {
								"north": {"uv": [36, 38], "uv_size": [0.25, 0.25]},
								"east": {"uv": [29, 8], "uv_size": [2.5, 0.25]},
								"south": {"uv": [38, 36], "uv_size": [0.25, 0.25]},
								"west": {"uv": [29, 9], "uv_size": [2.5, 0.25]},
								"up": {"uv": [4, 29], "uv_size": [0.25, 2.5]},
								"down": {"uv": [11, 31.5], "uv_size": [0.25, -2.5]}
							}
						},
						{
							"origin": [-0.7153, -0.47795, 9.5],
							"size": [0.25, 0.21066, 2.375],
							"inflate": 0.0005,
							"pivot": [-0.7153, -0.47795, 11.875],
							"rotation": [-1, -5, -22.5],
							"uv": {
								"north": {"uv": [37, 38], "uv_size": [0.25, 0.25]},
								"east": {"uv": [29, 10], "uv_size": [2.5, 0.25]},
								"south": {"uv": [38, 37], "uv_size": [0.25, 0.25]},
								"west": {"uv": [12, 29], "uv_size": [2.5, 0.25]},
								"up": {"uv": [15, 29], "uv_size": [0.25, 2.5]},
								"down": {"uv": [16, 31.5], "uv_size": [0.25, -2.5]}
							}
						},
						{
							"origin": [-0.84375, -0.316, 9.5],
							"size": [0.25, 0.14816, 2.375],
							"pivot": [-0.84375, -0.16783, 11.875],
							"rotation": [1, -5, -22.5],
							"uv": {
								"north": {"uv": [38, 38], "uv_size": [0.25, 0.25]},
								"east": {"uv": [29, 12], "uv_size": [2.5, 0.25]},
								"south": {"uv": [0, 39], "uv_size": [0.25, 0.25]},
								"west": {"uv": [29, 18], "uv_size": [2.5, 0.25]},
								"up": {"uv": [29, 19], "uv_size": [0.25, 2.5]},
								"down": {"uv": [22, 31.5], "uv_size": [0.25, -2.5]}
							}
						},
						{
							"origin": [-0.16783, -0.84375, 11.875],
							"size": [0.33566, 1.6875, 0.5],
							"pivot": [0, 0, 12.125],
							"rotation": [0, 0, -22.5],
							"uv": {
								"north": {"uv": [31, 28], "uv_size": [0.25, 1.75]},
								"east": {"uv": [22, 0], "uv_size": [0.5, 1.75]},
								"south": {"uv": [29, 31], "uv_size": [0.25, 1.75]},
								"west": {"uv": [1, 22], "uv_size": [0.5, 1.75]},
								"up": {"uv": [24, 36], "uv_size": [0.25, 0.5]},
								"down": {"uv": [36, 24.5], "uv_size": [0.25, -0.5]}
							}
						},
						{
							"origin": [-0.16783, -0.84375, 11.875],
							"size": [0.33566, 1.6875, 0.5],
							"pivot": [0, 0, 12.125],
							"rotation": [0, 0, -45],
							"uv": {
								"north": {"uv": [30, 31], "uv_size": [0.25, 1.75]},
								"east": {"uv": [2, 22], "uv_size": [0.5, 1.75]},
								"south": {"uv": [31, 30], "uv_size": [0.25, 1.75]},
								"west": {"uv": [22, 2], "uv_size": [0.5, 1.75]},
								"up": {"uv": [25, 36], "uv_size": [0.25, 0.5]},
								"down": {"uv": [36, 25.5], "uv_size": [0.25, -0.5]}
							}
						},
						{
							"origin": [-1.03125, -0.20513, 13],
							"size": [2.0625, 0.41026, 0.1875],
							"pivot": [0, 0, 13.09375],
							"rotation": [0, 0, 22.5],
							"uv": {
								"north": {"uv": [19, 12], "uv_size": [2, 0.5]},
								"east": {"uv": [26, 36], "uv_size": [0.25, 0.5]},
								"south": {"uv": [6, 20], "uv_size": [2, 0.5]},
								"west": {"uv": [36, 26], "uv_size": [0.25, 0.5]},
								"up": {"uv": [0, 30], "uv_size": [2, 0.25]},
								"down": {"uv": [30, 0.25], "uv_size": [2, -0.25]}
							}
						},
						{
							"origin": [-1.03125, -0.20513, 13],
							"size": [2.0625, 0.41026, 0.1875],
							"inflate": 0.0005,
							"uv": {
								"north": {"uv": [8, 20], "uv_size": [2, 0.5]},
								"east": {"uv": [27, 36], "uv_size": [0.25, 0.5]},
								"south": {"uv": [10, 20], "uv_size": [2, 0.5]},
								"west": {"uv": [36, 27], "uv_size": [0.25, 0.5]},
								"up": {"uv": [30, 2], "uv_size": [2, 0.25]},
								"down": {"uv": [30, 3.25], "uv_size": [2, -0.25]}
							}
						},
						{
							"origin": [-1.03125, -0.20513, 13],
							"size": [2.0625, 0.41026, 0.1875],
							"pivot": [0, 0, 13.09375],
							"rotation": [0, 0, -22.5],
							"uv": {
								"north": {"uv": [12, 20], "uv_size": [2, 0.5]},
								"east": {"uv": [28, 36], "uv_size": [0.25, 0.5]},
								"south": {"uv": [20, 13], "uv_size": [2, 0.5]},
								"west": {"uv": [36, 28], "uv_size": [0.25, 0.5]},
								"up": {"uv": [30, 4], "uv_size": [2, 0.25]},
								"down": {"uv": [30, 7.25], "uv_size": [2, -0.25]}
							}
						},
						{
							"origin": [-0.20513, -1.03125, 13],
							"size": [0.41026, 2.0625, 0.1875],
							"inflate": 0.0005,
							"pivot": [0, 0, 13.09375],
							"rotation": [0, 0, 45],
							"uv": {
								"north": {"uv": [16, 19], "uv_size": [0.5, 2]},
								"east": {"uv": [2, 30], "uv_size": [0.25, 2]},
								"south": {"uv": [17, 20], "uv_size": [0.5, 2]},
								"west": {"uv": [8, 30], "uv_size": [0.25, 2]},
								"up": {"uv": [29, 36], "uv_size": [0.5, 0.25]},
								"down": {"uv": [36, 29.25], "uv_size": [0.5, -0.25]}
							}
						},
						{
							"origin": [-0.20513, -1.03125, 13],
							"size": [0.41026, 2.0625, 0.1875],
							"pivot": [0, 0, 13.09375],
							"rotation": [0, 0, 22.5],
							"uv": {
								"north": {"uv": [18, 20], "uv_size": [0.5, 2]},
								"east": {"uv": [9, 30], "uv_size": [0.25, 2]},
								"south": {"uv": [6, 21], "uv_size": [0.5, 2]},
								"west": {"uv": [10, 30], "uv_size": [0.25, 2]},
								"up": {"uv": [30, 36], "uv_size": [0.5, 0.25]},
								"down": {"uv": [36, 30.25], "uv_size": [0.5, -0.25]}
							}
						},
						{
							"origin": [-0.20513, -1.03125, 13],
							"size": [0.41026, 2.0625, 0.1875],
							"inflate": 0.0005,
							"uv": {
								"north": {"uv": [7, 21], "uv_size": [0.5, 2]},
								"east": {"uv": [12, 30], "uv_size": [0.25, 2]},
								"south": {"uv": [8, 21], "uv_size": [0.5, 2]},
								"west": {"uv": [13, 30], "uv_size": [0.25, 2]},
								"up": {"uv": [31, 36], "uv_size": [0.5, 0.25]},
								"down": {"uv": [36, 31.25], "uv_size": [0.5, -0.25]}
							}
						},
						{
							"origin": [-0.20513, -1.03125, 13],
							"size": [0.41026, 2.0625, 0.1875],
							"pivot": [0, 0, 13.09375],
							"rotation": [0, 0, -22.5],
							"uv": {
								"north": {"uv": [9, 21], "uv_size": [0.5, 2]},
								"east": {"uv": [14, 30], "uv_size": [0.25, 2]},
								"south": {"uv": [10, 21], "uv_size": [0.5, 2]},
								"west": {"uv": [30, 16], "uv_size": [0.25, 2]},
								"up": {"uv": [32, 36], "uv_size": [0.5, 0.25]},
								"down": {"uv": [36, 32.25], "uv_size": [0.5, -0.25]}
							}
						},
						{
							"origin": [-0.20513, -1.03125, 13],
							"size": [0.41026, 2.0625, 0.1875],
							"inflate": 0.0005,
							"pivot": [0, 0, 13.09375],
							"rotation": [0, 0, -45],
							"uv": {
								"north": {"uv": [11, 21], "uv_size": [0.5, 2]},
								"east": {"uv": [17, 30], "uv_size": [0.25, 2]},
								"south": {"uv": [12, 21], "uv_size": [0.5, 2]},
								"west": {"uv": [30, 19], "uv_size": [0.25, 2]},
								"up": {"uv": [33, 36], "uv_size": [0.5, 0.25]},
								"down": {"uv": [36, 33.25], "uv_size": [0.5, -0.25]}
							}
						},
						{
							"origin": [-0.1875, 0.76563, 4.03125],
							"size": [0.375, 0.25, 0.9375],
							"inflate": 0.0005,
							"uv": {
								"north": {"uv": [37, 5], "uv_size": [0.5, 0.25]},
								"east": {"uv": [12, 34], "uv_size": [1, 0.25]},
								"south": {"uv": [6, 37], "uv_size": [0.5, 0.25]},
								"west": {"uv": [34, 12], "uv_size": [1, 0.25]},
								"up": {"uv": [17, 13], "uv_size": [0.5, 1]},
								"down": {"uv": [14, 19], "uv_size": [0.5, -1]}
							}
						},
						{
							"origin": [-0.46875, 0.76563, 4.3125],
							"size": [0.9375, 0.25, 0.375],
							"inflate": 0.001,
							"uv": {
								"north": {"uv": [13, 34], "uv_size": [1, 0.25]},
								"east": {"uv": [37, 6], "uv_size": [0.5, 0.25]},
								"south": {"uv": [14, 34], "uv_size": [1, 0.25]},
								"west": {"uv": [7, 37], "uv_size": [0.5, 0.25]},
								"up": {"uv": [18, 15], "uv_size": [1, 0.5]},
								"down": {"uv": [30, 11.5], "uv_size": [1, -0.5]}
							}
						},
						{
							"origin": [-0.46875, 0.76563, 4.30113],
							"size": [0.93279, 0.25, 0.39775],
							"pivot": [0, 0.89063, 4.5],
							"rotation": [0, -45, 0],
							"uv": {
								"north": {"uv": [15, 34], "uv_size": [1, 0.25]},
								"east": {"uv": [37, 7], "uv_size": [0.5, 0.25]},
								"south": {"uv": [16, 34], "uv_size": [1, 0.25]},
								"west": {"uv": [8, 37], "uv_size": [0.5, 0.25]},
								"up": {"uv": [21, 30], "uv_size": [1, 0.5]},
								"down": {"uv": [30, 21.5], "uv_size": [1, -0.5]}
							}
						},
						{
							"origin": [-0.46404, 0.76563, 4.30113],
							"size": [0.93279, 0.25, 0.39775],
							"pivot": [0, 0.89063, 4.5],
							"rotation": [0, 45, 0],
							"uv": {
								"north": {"uv": [17, 34], "uv_size": [1, 0.25]},
								"east": {"uv": [37, 8], "uv_size": [0.5, 0.25]},
								"south": {"uv": [18, 34], "uv_size": [1, 0.25]},
								"west": {"uv": [9, 37], "uv_size": [0.5, 0.25]},
								"up": {"uv": [30, 22], "uv_size": [1, 0.5]},
								"down": {"uv": [30, 23.5], "uv_size": [1, -0.5]}
							}
						},
						{
							"origin": [-0.25, 0.5, 3.9375],
							"size": [0.5, 0.5, 1.125],
							"inflate": 0.0005,
							"uv": {
								"north": {"uv": [34, 18], "uv_size": [0.5, 0.5]},
								"east": {"uv": [29, 25], "uv_size": [1.25, 0.5]},
								"south": {"uv": [19, 34], "uv_size": [0.5, 0.5]},
								"west": {"uv": [29, 26], "uv_size": [1.25, 0.5]},
								"up": {"uv": [28, 29], "uv_size": [0.5, 1.25]},
								"down": {"uv": [29, 30.25], "uv_size": [0.5, -1.25]}
							}
						},
						{
							"origin": [-0.25, 0.45994, 3.9375],
							"size": [0.5, 0.54006, 0.19134],
							"pivot": [0.25, 1, 3.9375],
							"rotation": [-22.5, 0, 0],
							"uv": {
								"north": {"uv": [20, 34], "uv_size": [0.5, 0.5]},
								"east": {"uv": [37, 9], "uv_size": [0.25, 0.5]},
								"south": {"uv": [21, 34], "uv_size": [0.5, 0.5]},
								"west": {"uv": [10, 37], "uv_size": [0.25, 0.5]},
								"up": {"uv": [37, 10], "uv_size": [0.5, 0.25]},
								"down": {"uv": [11, 37.25], "uv_size": [0.5, -0.25]}
							}
						},
						{
							"origin": [-0.25, 0.45994, 4.87116],
							"size": [0.5, 0.54006, 0.19134],
							"pivot": [0.25, 1, 5.0625],
							"rotation": [22.5, 0, 0],
							"uv": {
								"north": {"uv": [22, 34], "uv_size": [0.5, 0.5]},
								"east": {"uv": [37, 11], "uv_size": [0.25, 0.5]},
								"south": {"uv": [34, 22], "uv_size": [0.5, 0.5]},
								"west": {"uv": [12, 37], "uv_size": [0.25, 0.5]},
								"up": {"uv": [37, 12], "uv_size": [0.5, 0.25]},
								"down": {"uv": [13, 37.25], "uv_size": [0.5, -0.25]}
							}
						}
					]
				},
				{
					"name": "ocular",
					"parent": "scope_body",
					"pivot": [0, 0, 13.25],
					"cubes": [
						{
							"origin": [-0.78125, -0.1554, 13],
							"size": [1.5625, 0.3108, 0.5],
							"inflate": 0.003,
							"uv": {
								"south": {"uv": [32, 23], "uv_size": [1.5, 0.25]}
							}
						},
						{
							"origin": [-0.78125, -0.1554, 13],
							"size": [1.5625, 0.3108, 0.5],
							"pivot": [0, 0, 13.25],
							"rotation": [0, 0, -22.5],
							"uv": {
								"south": {"uv": [32, 25], "uv_size": [1.5, 0.25]}
							}
						},
						{
							"origin": [-0.1554, -0.78125, 13],
							"size": [0.3108, 1.5625, 0.5],
							"inflate": 0.0025,
							"pivot": [0, 0, 13.25],
							"rotation": [0, 0, 45],
							"uv": {
								"south": {"uv": [22, 32], "uv_size": [0.25, 1.5]}
							}
						},
						{
							"origin": [-0.1554, -0.78125, 13],
							"size": [0.3108, 1.5625, 0.5],
							"inflate": 0.0015,
							"uv": {
								"south": {"uv": [27, 32], "uv_size": [0.25, 1.5]}
							}
						},
						{
							"origin": [-0.1554, -0.78125, 13],
							"size": [0.3108, 1.5625, 0.5],
							"inflate": 0.002,
							"pivot": [0, 0, 13.25],
							"rotation": [0, 0, -45],
							"uv": {
								"south": {"uv": [32, 32], "uv_size": [0.25, 1.5]}
							}
						},
						{
							"origin": [-0.78125, -0.1554, 13],
							"size": [1.5625, 0.3108, 0.5],
							"pivot": [0, 0, 13.25],
							"rotation": [0, 0, 22.5],
							"uv": {
								"south": {"uv": [20, 32], "uv_size": [1.5, 0.25]}
							}
						},
						{
							"origin": [-0.1554, -0.78125, 13],
							"size": [0.3108, 1.5625, 0.5],
							"pivot": [0, 0, 13.25],
							"rotation": [0, 0, -22.5],
							"uv": {
								"south": {"uv": [32, 30], "uv_size": [0.25, 1.5]}
							}
						},
						{
							"origin": [-0.1554, -0.78125, 13],
							"size": [0.3108, 1.5625, 0.5],
							"pivot": [0, 0, 13.25],
							"rotation": [0, 0, 22.5],
							"uv": {
								"south": {"uv": [26, 32], "uv_size": [0.25, 1.5]}
							}
						}
					]
				},
				{
					"name": "ocular_ring",
					"parent": "scope_body",
					"pivot": [0, 0, 13.25],
					"cubes": [
						{
							"origin": [-0.90625, -0.18026, 13.375],
							"size": [0.125, 0.36053, 0.4375],
							"pivot": [0, 0, 13.09375],
							"rotation": [0, 0, 22.5],
							"uv": {
								"north": {"uv": [37, 28], "uv_size": [0.25, 0.25]},
								"east": {"uv": [35, 21], "uv_size": [0.5, 0.25]},
								"south": {"uv": [29, 37], "uv_size": [0.25, 0.25]},
								"west": {"uv": [22, 35], "uv_size": [0.5, 0.25]},
								"up": {"uv": [35, 22], "uv_size": [0.25, 0.5]},
								"down": {"uv": [23, 35.5], "uv_size": [0.25, -0.5]}
							}
						},
						{
							"origin": [-0.90625, -0.18026, 13.375],
							"size": [0.125, 0.36053, 0.4375],
							"inflate": 0.0005,
							"uv": {
								"north": {"uv": [37, 29], "uv_size": [0.25, 0.25]},
								"east": {"uv": [35, 23], "uv_size": [0.5, 0.25]},
								"south": {"uv": [30, 37], "uv_size": [0.25, 0.25]},
								"west": {"uv": [24, 35], "uv_size": [0.5, 0.25]},
								"up": {"uv": [35, 24], "uv_size": [0.25, 0.5]},
								"down": {"uv": [25, 35.5], "uv_size": [0.25, -0.5]}
							}
						},
						{
							"origin": [-0.90625, -0.18026, 13.375],
							"size": [0.125, 0.36053, 0.4375],
							"pivot": [0, 0, 13.09375],
							"rotation": [0, 0, -22.5],
							"uv": {
								"north": {"uv": [37, 30], "uv_size": [0.25, 0.25]},
								"east": {"uv": [35, 25], "uv_size": [0.5, 0.25]},
								"south": {"uv": [31, 37], "uv_size": [0.25, 0.25]},
								"west": {"uv": [26, 35], "uv_size": [0.5, 0.25]},
								"up": {"uv": [35, 26], "uv_size": [0.25, 0.5]},
								"down": {"uv": [27, 35.5], "uv_size": [0.25, -0.5]}
							}
						},
						{
							"origin": [0.78125, -0.18026, 13.375],
							"size": [0.125, 0.36053, 0.4375],
							"inflate": 0.0005,
							"uv": {
								"north": {"uv": [37, 31], "uv_size": [0.25, 0.25]},
								"east": {"uv": [35, 27], "uv_size": [0.5, 0.25]},
								"south": {"uv": [32, 37], "uv_size": [0.25, 0.25]},
								"west": {"uv": [28, 35], "uv_size": [0.5, 0.25]},
								"up": {"uv": [35, 28], "uv_size": [0.25, 0.5]},
								"down": {"uv": [29, 35.5], "uv_size": [0.25, -0.5]}
							}
						},
						{
							"origin": [0.78125, -0.18026, 13.375],
							"size": [0.125, 0.36053, 0.4375],
							"pivot": [0, 0, 13.09375],
							"rotation": [0, 0, 22.5],
							"uv": {
								"north": {"uv": [37, 32], "uv_size": [0.25, 0.25]},
								"east": {"uv": [35, 29], "uv_size": [0.5, 0.25]},
								"south": {"uv": [33, 37], "uv_size": [0.25, 0.25]},
								"west": {"uv": [30, 35], "uv_size": [0.5, 0.25]},
								"up": {"uv": [35, 30], "uv_size": [0.25, 0.5]},
								"down": {"uv": [31, 35.5], "uv_size": [0.25, -0.5]}
							}
						},
						{
							"origin": [0.78125, -0.18026, 13.375],
							"size": [0.125, 0.36053, 0.4375],
							"pivot": [0, 0, 13.09375],
							"rotation": [0, 0, -22.5],
							"uv": {
								"north": {"uv": [37, 33], "uv_size": [0.25, 0.25]},
								"east": {"uv": [35, 31], "uv_size": [0.5, 0.25]},
								"south": {"uv": [34, 37], "uv_size": [0.25, 0.25]},
								"west": {"uv": [32, 35], "uv_size": [0.5, 0.25]},
								"up": {"uv": [35, 32], "uv_size": [0.25, 0.5]},
								"down": {"uv": [33, 35.5], "uv_size": [0.25, -0.5]}
							}
						},
						{
							"origin": [-0.18026, 0.78125, 13.375],
							"size": [0.36053, 0.125, 0.4375],
							"inflate": 0.0005,
							"pivot": [0, 0, 13.09375],
							"rotation": [0, 0, 45],
							"uv": {
								"north": {"uv": [37, 34], "uv_size": [0.25, 0.25]},
								"east": {"uv": [35, 33], "uv_size": [0.5, 0.25]},
								"south": {"uv": [35, 37], "uv_size": [0.25, 0.25]},
								"west": {"uv": [34, 35], "uv_size": [0.5, 0.25]},
								"up": {"uv": [35, 34], "uv_size": [0.25, 0.5]},
								"down": {"uv": [35, 35.5], "uv_size": [0.25, -0.5]}
							}
						},
						{
							"origin": [-0.18026, 0.78125, 13.375],
							"size": [0.36053, 0.125, 0.4375],
							"pivot": [0, 0, 13.09375],
							"rotation": [0, 0, 22.5],
							"uv": {
								"north": {"uv": [37, 35], "uv_size": [0.25, 0.25]},
								"east": {"uv": [0, 36], "uv_size": [0.5, 0.25]},
								"south": {"uv": [36, 37], "uv_size": [0.25, 0.25]},
								"west": {"uv": [36, 0], "uv_size": [0.5, 0.25]},
								"up": {"uv": [1, 36], "uv_size": [0.25, 0.5]},
								"down": {"uv": [36, 1.5], "uv_size": [0.25, -0.5]}
							}
						},
						{
							"origin": [-0.18026, 0.78125, 13.375],
							"size": [0.36053, 0.125, 0.4375],
							"inflate": 0.0005,
							"uv": {
								"north": {"uv": [37, 36], "uv_size": [0.25, 0.25]},
								"east": {"uv": [2, 36], "uv_size": [0.5, 0.25]},
								"south": {"uv": [37, 37], "uv_size": [0.25, 0.25]},
								"west": {"uv": [36, 2], "uv_size": [0.5, 0.25]},
								"up": {"uv": [3, 36], "uv_size": [0.25, 0.5]},
								"down": {"uv": [36, 3.5], "uv_size": [0.25, -0.5]}
							}
						},
						{
							"origin": [-0.18026, 0.78125, 13.375],
							"size": [0.36053, 0.125, 0.4375],
							"pivot": [0, 0, 13.09375],
							"rotation": [0, 0, -22.5],
							"uv": {
								"north": {"uv": [0, 38], "uv_size": [0.25, 0.25]},
								"east": {"uv": [4, 36], "uv_size": [0.5, 0.25]},
								"south": {"uv": [38, 0], "uv_size": [0.25, 0.25]},
								"west": {"uv": [36, 4], "uv_size": [0.5, 0.25]},
								"up": {"uv": [5, 36], "uv_size": [0.25, 0.5]},
								"down": {"uv": [36, 5.5], "uv_size": [0.25, -0.5]}
							}
						},
						{
							"origin": [-0.18026, 0.78125, 13.375],
							"size": [0.36053, 0.125, 0.4375],
							"inflate": 0.0005,
							"pivot": [0, 0, 13.09375],
							"rotation": [0, 0, -45],
							"uv": {
								"north": {"uv": [1, 38], "uv_size": [0.25, 0.25]},
								"east": {"uv": [6, 36], "uv_size": [0.5, 0.25]},
								"south": {"uv": [38, 1], "uv_size": [0.25, 0.25]},
								"west": {"uv": [36, 6], "uv_size": [0.5, 0.25]},
								"up": {"uv": [7, 36], "uv_size": [0.25, 0.5]},
								"down": {"uv": [36, 7.5], "uv_size": [0.25, -0.5]}
							}
						},
						{
							"origin": [-0.18026, -0.90625, 13.375],
							"size": [0.36053, 0.125, 0.4375],
							"inflate": 0.0005,
							"pivot": [0, 0, 13.09375],
							"rotation": [0, 0, -45],
							"uv": {
								"north": {"uv": [2, 38], "uv_size": [0.25, 0.25]},
								"east": {"uv": [8, 36], "uv_size": [0.5, 0.25]},
								"south": {"uv": [38, 2], "uv_size": [0.25, 0.25]},
								"west": {"uv": [36, 8], "uv_size": [0.5, 0.25]},
								"up": {"uv": [9, 36], "uv_size": [0.25, 0.5]},
								"down": {"uv": [36, 9.5], "uv_size": [0.25, -0.5]}
							}
						},
						{
							"origin": [-0.18026, -0.90625, 13.375],
							"size": [0.36053, 0.125, 0.4375],
							"pivot": [0, 0, 13.09375],
							"rotation": [0, 0, -22.5],
							"uv": {
								"north": {"uv": [3, 38], "uv_size": [0.25, 0.25]},
								"east": {"uv": [10, 36], "uv_size": [0.5, 0.25]},
								"south": {"uv": [38, 3], "uv_size": [0.25, 0.25]},
								"west": {"uv": [36, 10], "uv_size": [0.5, 0.25]},
								"up": {"uv": [11, 36], "uv_size": [0.25, 0.5]},
								"down": {"uv": [36, 11.5], "uv_size": [0.25, -0.5]}
							}
						},
						{
							"origin": [-0.18026, -0.90625, 13.375],
							"size": [0.36053, 0.125, 0.4375],
							"inflate": 0.0005,
							"uv": {
								"north": {"uv": [4, 38], "uv_size": [0.25, 0.25]},
								"east": {"uv": [12, 36], "uv_size": [0.5, 0.25]},
								"south": {"uv": [38, 4], "uv_size": [0.25, 0.25]},
								"west": {"uv": [36, 12], "uv_size": [0.5, 0.25]},
								"up": {"uv": [13, 36], "uv_size": [0.25, 0.5]},
								"down": {"uv": [36, 13.5], "uv_size": [0.25, -0.5]}
							}
						},
						{
							"origin": [-0.18026, -0.90625, 13.375],
							"size": [0.36053, 0.125, 0.4375],
							"pivot": [0, 0, 13.09375],
							"rotation": [0, 0, 22.5],
							"uv": {
								"north": {"uv": [5, 38], "uv_size": [0.25, 0.25]},
								"east": {"uv": [14, 36], "uv_size": [0.5, 0.25]},
								"south": {"uv": [38, 5], "uv_size": [0.25, 0.25]},
								"west": {"uv": [36, 14], "uv_size": [0.5, 0.25]},
								"up": {"uv": [15, 36], "uv_size": [0.25, 0.5]},
								"down": {"uv": [36, 15.5], "uv_size": [0.25, -0.5]}
							}
						},
						{
							"origin": [-0.18026, -0.90625, 13.375],
							"size": [0.36053, 0.125, 0.4375],
							"inflate": 0.0005,
							"pivot": [0, 0, 13.09375],
							"rotation": [0, 0, 45],
							"uv": {
								"north": {"uv": [6, 38], "uv_size": [0.25, 0.25]},
								"east": {"uv": [16, 36], "uv_size": [0.5, 0.25]},
								"south": {"uv": [38, 6], "uv_size": [0.25, 0.25]},
								"west": {"uv": [36, 16], "uv_size": [0.5, 0.25]},
								"up": {"uv": [17, 36], "uv_size": [0.25, 0.5]},
								"down": {"uv": [36, 17.5], "uv_size": [0.25, -0.5]}
							}
						}
					]
				},
				{
					"name": "division",
					"pivot": [-0.08437, -0.64062, -109.575],
					"cubes": [
						{
							"origin": [-26.1875, -26.90624, -110.75],
							"size": [52.375, 52.40625, 0.25],
							"uv": {
								"south": {"uv": [38.51563, 38.01563], "uv_size": [89.21875, 89.46875]}
							}
						},
						{
							"origin": [-92.89375, -76.89062, -110.75],
							"size": [66.70625, 152.375, 0.25],
							"uv": {
								"south": {"uv": [40.75, 116.9375], "uv_size": [1, 1]}
							}
						},
						{
							"origin": [26.1875, -76.89062, -110.75],
							"size": [67.26875, 152.375, 0.25],
							"uv": {
								"south": {"uv": [40.8125, 117.125], "uv_size": [1, 1]}
							}
						},
						{
							"origin": [-26.1875, 25.48438, -110.75],
							"size": [52.375, 50, 0.25],
							"uv": {
								"south": {"uv": [39.90625, 116.0625], "uv_size": [1, 1]}
							}
						},
						{
							"origin": [-26.1875, -76.89062, -110.75],
							"size": [52.375, 50, 0.25],
							"uv": {
								"south": {"uv": [38.78125, 116.34375], "uv_size": [1, 1]}
							}
						}
					]
				},
				{
					"name": "crosshair_illuminated",
					"parent": "division",
					"pivot": [-1.07231, -6.48899, -110.375],
					"cubes": [
						{
							"origin": [-26.75, -0.42187, -110.375],
							"size": [53.5, 0.21875, 0],
							"pivot": [-0.00001, -0.3125, -110.375],
							"rotation": [0, 0, -90],
							"uv": {
								"south": {"uv": [39.03125, 117.0625], "uv_size": [14.5, 0.375]}
							}
						},
						{
							"origin": [-0.10937, -26.93749, -110.375],
							"size": [0.21875, 53.875, 0],
							"pivot": [0, 0, -110.375],
							"rotation": [0, 0, -90],
							"uv": {
								"south": {"uv": [45.53125, 112.3125], "uv_size": [0.375, 14.5]}
							}
						}
					]
				},
				{
					"name": "cross_illuminated",
					"parent": "division",
					"pivot": [0, -0.0625, -110.3125]
				},
				{
					"name": "scope_view",
					"pivot": [0, 0, 19]
				}
			]
		}
	]
}