{
	"format_version": "1.12.0",
	"minecraft:geometry": [
		{
			"description": {
				"identifier": "geometry.unknown",
				"texture_width": 32,
				"texture_height": 32,
				"visible_bounds_width": 2,
				"visible_bounds_height": 1.5,
				"visible_bounds_offset": [0, 0.25, 0]
			},
			"bones": [
				{
					"name": "bayonet",
					"pivot": [0, 0, 1.6875],
					"cubes": [
						{
							"origin": [-0.18122, -0.4375, 0.25],
							"size": [0.36244, 0.0625, 2.875],
							"pivot": [0, 0, 1.6875],
							"rotation": [0, 0, 45],
							"uv": {
								"north": {"uv": [25, 14], "uv_size": [0.25, 0.25]},
								"east": {"uv": [15, 14], "uv_size": [3, 0.25]},
								"south": {"uv": [15, 25], "uv_size": [0.25, 0.25]},
								"west": {"uv": [15, 15], "uv_size": [3, 0.25]},
								"up": {"uv": [12, 16], "uv_size": [0.25, 3]},
								"down": {"uv": [13, 19], "uv_size": [0.25, -3]}
							}
						},
						{
							"origin": [-0.18122, -0.4375, 0.25],
							"size": [0.36244, 0.0625, 2.875],
							"uv": {
								"north": {"uv": [25, 15], "uv_size": [0.25, 0.25]},
								"east": {"uv": [14, 16], "uv_size": [3, 0.25]},
								"south": {"uv": [16, 25], "uv_size": [0.25, 0.25]},
								"west": {"uv": [17, 8], "uv_size": [3, 0.25]},
								"up": {"uv": [14, 17], "uv_size": [0.25, 3]},
								"down": {"uv": [15, 20], "uv_size": [0.25, -3]}
							}
						},
						{
							"origin": [-0.18122, 0.375, 2],
							"size": [0.36244, 0.0625, 1.125],
							"pivot": [0, 0, 1.6875],
							"rotation": [0, 0, 45],
							"uv": {
								"north": {"uv": [25, 16], "uv_size": [0.25, 0.25]},
								"east": {"uv": [20, 17], "uv_size": [1.25, 0.25]},
								"south": {"uv": [17, 25], "uv_size": [0.25, 0.25]},
								"west": {"uv": [20, 18], "uv_size": [1.25, 0.25]},
								"up": {"uv": [17, 20], "uv_size": [0.25, 1.25]},
								"down": {"uv": [19, 21.25], "uv_size": [0.25, -1.25]}
							}
						},
						{
							"origin": [-0.18122, 0.375, 2],
							"size": [0.36244, 0.0625, 1.125],
							"uv": {
								"north": {"uv": [25, 17], "uv_size": [0.25, 0.25]},
								"east": {"uv": [20, 19], "uv_size": [1.25, 0.25]},
								"south": {"uv": [18, 25], "uv_size": [0.25, 0.25]},
								"west": {"uv": [20, 20], "uv_size": [1.25, 0.25]},
								"up": {"uv": [21, 0], "uv_size": [0.25, 1.25]},
								"down": {"uv": [8, 22.25], "uv_size": [0.25, -1.25]}
							}
						},
						{
							"origin": [-0.18122, 0.375, 0.25],
							"size": [0.36244, 0.0625, 1.0625],
							"uv": {
								"north": {"uv": [25, 18], "uv_size": [0.25, 0.25]},
								"east": {"uv": [12, 21], "uv_size": [1, 0.25]},
								"south": {"uv": [19, 25], "uv_size": [0.25, 0.25]},
								"west": {"uv": [21, 13], "uv_size": [1, 0.25]},
								"up": {"uv": [21, 14], "uv_size": [0.25, 1]},
								"down": {"uv": [21, 16], "uv_size": [0.25, -1]}
							}
						},
						{
							"origin": [0.375, -0.18122, 0.25],
							"size": [0.0625, 0.36244, 2.875],
							"pivot": [0, 0, 1.6875],
							"rotation": [0, 0, 45],
							"uv": {
								"north": {"uv": [25, 19], "uv_size": [0.25, 0.25]},
								"east": {"uv": [17, 9], "uv_size": [3, 0.25]},
								"south": {"uv": [20, 25], "uv_size": [0.25, 0.25]},
								"west": {"uv": [17, 12], "uv_size": [3, 0.25]},
								"up": {"uv": [16, 17], "uv_size": [0.25, 3]},
								"down": {"uv": [17, 19], "uv_size": [0.25, -3]}
							}
						},
						{
							"origin": [0.375, -0.18122, 0.25],
							"size": [0.0625, 0.36244, 2.875],
							"uv": {
								"north": {"uv": [25, 20], "uv_size": [0.25, 0.25]},
								"east": {"uv": [17, 13], "uv_size": [3, 0.25]},
								"south": {"uv": [21, 25], "uv_size": [0.25, 0.25]},
								"west": {"uv": [18, 14], "uv_size": [3, 0.25]},
								"up": {"uv": [18, 15], "uv_size": [0.25, 3]},
								"down": {"uv": [18, 21], "uv_size": [0.25, -3]}
							}
						},
						{
							"origin": [-0.4375, -0.18122, 2],
							"size": [0.0625, 0.36244, 1.125],
							"pivot": [0, 0, 1.6875],
							"rotation": [0, 0, 45],
							"uv": {
								"north": {"uv": [25, 21], "uv_size": [0.25, 0.25]},
								"east": {"uv": [21, 8], "uv_size": [1.25, 0.25]},
								"south": {"uv": [22, 25], "uv_size": [0.25, 0.25]},
								"west": {"uv": [9, 21], "uv_size": [1.25, 0.25]},
								"up": {"uv": [21, 10], "uv_size": [0.25, 1.25]},
								"down": {"uv": [11, 22.25], "uv_size": [0.25, -1.25]}
							}
						},
						{
							"origin": [-0.18122, 0.375, 0.25],
							"size": [0.36244, 0.0625, 1.0625],
							"pivot": [0, 0, -0.0625],
							"rotation": [0, 0, 45],
							"uv": {
								"north": {"uv": [25, 22], "uv_size": [0.25, 0.25]},
								"east": {"uv": [16, 21], "uv_size": [1, 0.25]},
								"south": {"uv": [23, 25], "uv_size": [0.25, 0.25]},
								"west": {"uv": [21, 16], "uv_size": [1, 0.25]},
								"up": {"uv": [18, 21], "uv_size": [0.25, 1]},
								"down": {"uv": [20, 22], "uv_size": [0.25, -1]}
							}
						},
						{
							"origin": [-0.4375, -0.18122, 0.25],
							"size": [0.0625, 0.36244, 0.875],
							"pivot": [0, 0, -0.0625],
							"rotation": [0, 0, 45],
							"uv": {
								"north": {"uv": [25, 23], "uv_size": [0.25, 0.25]},
								"east": {"uv": [21, 21], "uv_size": [1, 0.25]},
								"south": {"uv": [24, 25], "uv_size": [0.25, 0.25]},
								"west": {"uv": [0, 22], "uv_size": [1, 0.25]},
								"up": {"uv": [22, 0], "uv_size": [0.25, 1]},
								"down": {"uv": [1, 23], "uv_size": [0.25, -1]}
							}
						},
						{
							"origin": [0.00628, 0.375, 1.3125],
							"size": [0.17494, 0.0625, 0.5],
							"pivot": [0, 0, -0.0625],
							"rotation": [0, 0, 45],
							"uv": {
								"north": {"uv": [25, 24], "uv_size": [0.25, 0.25]},
								"east": {"uv": [23, 17], "uv_size": [0.5, 0.25]},
								"south": {"uv": [25, 25], "uv_size": [0.25, 0.25]},
								"west": {"uv": [18, 23], "uv_size": [0.5, 0.25]},
								"up": {"uv": [23, 18], "uv_size": [0.25, 0.5]},
								"down": {"uv": [19, 23.5], "uv_size": [0.25, -0.5]}
							}
						},
						{
							"origin": [-0.5, -0.18122, 3.125],
							"size": [0.125, 0.38833, 0.5],
							"pivot": [0, 0, 3.375],
							"rotation": [0, 0, 45],
							"uv": {
								"north": {"uv": [23, 19], "uv_size": [0.25, 0.5]},
								"east": {"uv": [22, 1], "uv_size": [0.5, 0.5]},
								"south": {"uv": [20, 23], "uv_size": [0.25, 0.5]},
								"west": {"uv": [22, 2], "uv_size": [0.5, 0.5]},
								"up": {"uv": [23, 20], "uv_size": [0.25, 0.5]},
								"down": {"uv": [21, 23.5], "uv_size": [0.25, -0.5]}
							}
						},
						{
							"origin": [0.375, -0.20711, 3.125],
							"size": [0.125, 0.41421, 0.5],
							"uv": {
								"north": {"uv": [23, 21], "uv_size": [0.25, 0.5]},
								"east": {"uv": [22, 3], "uv_size": [0.5, 0.5]},
								"south": {"uv": [22, 23], "uv_size": [0.25, 0.5]},
								"west": {"uv": [9, 22], "uv_size": [0.5, 0.5]},
								"up": {"uv": [23, 22], "uv_size": [0.25, 0.5]},
								"down": {"uv": [23, 23.5], "uv_size": [0.25, -0.5]}
							}
						},
						{
							"origin": [0.375, -0.20711, 3.125],
							"size": [0.125, 0.41421, 0.5],
							"pivot": [0, 0, 3.375],
							"rotation": [0, 0, 45],
							"uv": {
								"north": {"uv": [0, 24], "uv_size": [0.25, 0.5]},
								"east": {"uv": [22, 9], "uv_size": [0.5, 0.5]},
								"south": {"uv": [24, 0], "uv_size": [0.25, 0.5]},
								"west": {"uv": [10, 22], "uv_size": [0.5, 0.5]},
								"up": {"uv": [1, 24], "uv_size": [0.25, 0.5]},
								"down": {"uv": [24, 1.5], "uv_size": [0.25, -0.5]}
							}
						},
						{
							"origin": [-0.20711, 0.375, 3.125],
							"size": [0.41421, 0.125, 0.5],
							"uv": {
								"north": {"uv": [2, 24], "uv_size": [0.5, 0.25]},
								"east": {"uv": [24, 2], "uv_size": [0.5, 0.25]},
								"south": {"uv": [3, 24], "uv_size": [0.5, 0.25]},
								"west": {"uv": [24, 3], "uv_size": [0.5, 0.25]},
								"up": {"uv": [22, 10], "uv_size": [0.5, 0.5]},
								"down": {"uv": [22, 11.5], "uv_size": [0.5, -0.5]}
							}
						},
						{
							"origin": [-0.20711, 0.375, 3.125],
							"size": [0.41421, 0.125, 0.5],
							"pivot": [0, 0, 3.375],
							"rotation": [0, 0, 45],
							"uv": {
								"north": {"uv": [24, 4], "uv_size": [0.5, 0.25]},
								"east": {"uv": [24, 5], "uv_size": [0.5, 0.25]},
								"south": {"uv": [8, 24], "uv_size": [0.5, 0.25]},
								"west": {"uv": [24, 8], "uv_size": [0.5, 0.25]},
								"up": {"uv": [12, 22], "uv_size": [0.5, 0.5]},
								"down": {"uv": [22, 12.5], "uv_size": [0.5, -0.5]}
							}
						},
						{
							"origin": [-0.20711, -0.5, 3.125],
							"size": [0.41421, 0.125, 0.5],
							"uv": {
								"north": {"uv": [9, 24], "uv_size": [0.5, 0.25]},
								"east": {"uv": [24, 9], "uv_size": [0.5, 0.25]},
								"south": {"uv": [10, 24], "uv_size": [0.5, 0.25]},
								"west": {"uv": [24, 10], "uv_size": [0.5, 0.25]},
								"up": {"uv": [13, 22], "uv_size": [0.5, 0.5]},
								"down": {"uv": [22, 13.5], "uv_size": [0.5, -0.5]}
							}
						},
						{
							"origin": [-0.18122, -0.5, 3.125],
							"size": [0.38833, 0.125, 0.5],
							"pivot": [0, 0, 3.375],
							"rotation": [0, 0, 45],
							"uv": {
								"north": {"uv": [11, 24], "uv_size": [0.5, 0.25]},
								"east": {"uv": [24, 11], "uv_size": [0.5, 0.25]},
								"south": {"uv": [12, 24], "uv_size": [0.5, 0.25]},
								"west": {"uv": [24, 12], "uv_size": [0.5, 0.25]},
								"up": {"uv": [14, 22], "uv_size": [0.5, 0.5]},
								"down": {"uv": [22, 14.5], "uv_size": [0.5, -0.5]}
							}
						},
						{
							"origin": [-0.5, -0.18122, 1.8125],
							"size": [0.125, 0.38833, 0.1875],
							"pivot": [0, 0, 2.0625],
							"rotation": [0, 0, 45],
							"uv": {
								"north": {"uv": [13, 24], "uv_size": [0.25, 0.5]},
								"east": {"uv": [24, 13], "uv_size": [0.25, 0.5]},
								"south": {"uv": [14, 24], "uv_size": [0.25, 0.5]},
								"west": {"uv": [24, 14], "uv_size": [0.25, 0.5]},
								"up": {"uv": [0, 26], "uv_size": [0.25, 0.25]},
								"down": {"uv": [26, 0.25], "uv_size": [0.25, -0.25]}
							}
						},
						{
							"origin": [0.4375, -0.20711, 1.8125],
							"size": [0.0625, 0.41421, 0.1875],
							"uv": {
								"north": {"uv": [15, 24], "uv_size": [0.25, 0.5]},
								"east": {"uv": [24, 15], "uv_size": [0.25, 0.5]},
								"south": {"uv": [16, 24], "uv_size": [0.25, 0.5]},
								"west": {"uv": [24, 16], "uv_size": [0.25, 0.5]},
								"up": {"uv": [1, 26], "uv_size": [0.25, 0.25]},
								"down": {"uv": [26, 1.25], "uv_size": [0.25, -0.25]}
							}
						},
						{
							"origin": [0.4375, -0.20711, 1.8125],
							"size": [0.0625, 0.41421, 0.1875],
							"pivot": [0, 0, 2.0625],
							"rotation": [0, 0, 45],
							"uv": {
								"north": {"uv": [17, 24], "uv_size": [0.25, 0.5]},
								"east": {"uv": [24, 17], "uv_size": [0.25, 0.5]},
								"south": {"uv": [18, 24], "uv_size": [0.25, 0.5]},
								"west": {"uv": [24, 18], "uv_size": [0.25, 0.5]},
								"up": {"uv": [2, 26], "uv_size": [0.25, 0.25]},
								"down": {"uv": [26, 2.25], "uv_size": [0.25, -0.25]}
							}
						},
						{
							"origin": [-0.20711, 0.375, 1.8125],
							"size": [0.41421, 0.125, 0.1875],
							"uv": {
								"north": {"uv": [19, 24], "uv_size": [0.5, 0.25]},
								"east": {"uv": [3, 26], "uv_size": [0.25, 0.25]},
								"south": {"uv": [24, 19], "uv_size": [0.5, 0.25]},
								"west": {"uv": [26, 3], "uv_size": [0.25, 0.25]},
								"up": {"uv": [20, 24], "uv_size": [0.5, 0.25]},
								"down": {"uv": [24, 20.25], "uv_size": [0.5, -0.25]}
							}
						},
						{
							"origin": [-0.20711, 0.375, 1.8125],
							"size": [0.41421, 0.125, 0.1875],
							"pivot": [0, 0, 2.0625],
							"rotation": [0, 0, 45],
							"uv": {
								"north": {"uv": [21, 24], "uv_size": [0.5, 0.25]},
								"east": {"uv": [4, 26], "uv_size": [0.25, 0.25]},
								"south": {"uv": [24, 21], "uv_size": [0.5, 0.25]},
								"west": {"uv": [26, 4], "uv_size": [0.25, 0.25]},
								"up": {"uv": [22, 24], "uv_size": [0.5, 0.25]},
								"down": {"uv": [24, 22.25], "uv_size": [0.5, -0.25]}
							}
						},
						{
							"origin": [-0.20711, -0.5, 1.8125],
							"size": [0.41421, 0.0625, 0.1875],
							"uv": {
								"north": {"uv": [23, 24], "uv_size": [0.5, 0.25]},
								"east": {"uv": [5, 26], "uv_size": [0.25, 0.25]},
								"south": {"uv": [24, 23], "uv_size": [0.5, 0.25]},
								"west": {"uv": [26, 5], "uv_size": [0.25, 0.25]},
								"up": {"uv": [24, 24], "uv_size": [0.5, 0.25]},
								"down": {"uv": [0, 25.25], "uv_size": [0.5, -0.25]}
							}
						},
						{
							"origin": [-0.18122, -0.5, 1.8125],
							"size": [0.38833, 0.0625, 0.1875],
							"pivot": [0, 0, 2.0625],
							"rotation": [0, 0, 45],
							"uv": {
								"north": {"uv": [25, 0], "uv_size": [0.5, 0.25]},
								"east": {"uv": [26, 6], "uv_size": [0.25, 0.25]},
								"south": {"uv": [1, 25], "uv_size": [0.5, 0.25]},
								"west": {"uv": [26, 7], "uv_size": [0.25, 0.25]},
								"up": {"uv": [25, 1], "uv_size": [0.5, 0.25]},
								"down": {"uv": [2, 25.25], "uv_size": [0.5, -0.25]}
							}
						},
						{
							"origin": [-0.875, -0.0625, -20.125],
							"size": [0.25, 0.125, 19.25],
							"pivot": [-0.625, 0.0625, -0.875],
							"rotation": [0, 1.8596, 0],
							"uv": {
								"north": {"uv": [8, 26], "uv_size": [0.25, 0.25]},
								"east": {"uv": [2, 2], "uv_size": [19.25, 0.25]},
								"south": {"uv": [26, 8], "uv_size": [0.25, 0.25]},
								"west": {"uv": [2, 3], "uv_size": [19.25, 0.25]},
								"up": {"uv": [2, 4], "uv_size": [0.25, 19.25]},
								"down": {"uv": [3, 23.25], "uv_size": [0.25, -19.25]}
							}
						},
						{
							"origin": [-1.5, -0.0625, -20.125],
							"size": [0.25, 0.125, 19.875],
							"inflate": -0.0005,
							"uv": {
								"north": {"uv": [9, 26], "uv_size": [0.25, 0.25]},
								"east": {"uv": [0, 0], "uv_size": [20, 0.25]},
								"south": {"uv": [26, 9], "uv_size": [0.25, 0.25]},
								"west": {"uv": [0, 1], "uv_size": [20, 0.25]},
								"up": {"uv": [0, 2], "uv_size": [0.25, 20]},
								"down": {"uv": [1, 22], "uv_size": [0.25, -20]}
							}
						},
						{
							"origin": [-1.11872, -0.4375, -20.13019],
							"size": [0.11244, 0.25, 19.25519],
							"pivot": [-1.00628, -0.4375, -0.875],
							"rotation": [-0.8657, 0.9747, -0.0103],
							"uv": {
								"north": {"uv": [10, 26], "uv_size": [0.25, 0.25]},
								"east": {"uv": [4, 4], "uv_size": [19.25, 0.25]},
								"south": {"uv": [26, 10], "uv_size": [0.25, 0.25]},
								"west": {"uv": [4, 5], "uv_size": [19.25, 0.25]},
								"up": {"uv": [4, 6], "uv_size": [0.25, 19.25]},
								"down": {"uv": [5, 25.25], "uv_size": [0.25, -19.25]}
							}
						},
						{
							"origin": [-1.11872, -0.1875, -9.13019],
							"size": [0.11244, 0.375, 8.25519],
							"inflate": -0.0005,
							"pivot": [-1.00628, 0.4375, -0.875],
							"rotation": [0, 0.9746, 0.0103],
							"uv": {
								"north": {"uv": [25, 2], "uv_size": [0.25, 0.5]},
								"east": {"uv": [8, 8], "uv_size": [8.25, 0.5]},
								"south": {"uv": [3, 25], "uv_size": [0.25, 0.5]},
								"west": {"uv": [8, 9], "uv_size": [8.25, 0.5]},
								"up": {"uv": [10, 10], "uv_size": [0.25, 8.25]},
								"down": {"uv": [11, 18.25], "uv_size": [0.25, -8.25]}
							}
						},
						{
							"origin": [-1.11872, 0.1875, -20.13019],
							"size": [0.11244, 0.25, 19.25519],
							"pivot": [-1.00628, 0.4375, -0.875],
							"rotation": [0.9948, 0.9746, 0.0103],
							"uv": {
								"north": {"uv": [11, 26], "uv_size": [0.25, 0.25]},
								"east": {"uv": [6, 6], "uv_size": [19.25, 0.25]},
								"south": {"uv": [26, 11], "uv_size": [0.25, 0.25]},
								"west": {"uv": [6, 7], "uv_size": [19.25, 0.25]},
								"up": {"uv": [6, 8], "uv_size": [0.25, 19.25]},
								"down": {"uv": [7, 27.25], "uv_size": [0.25, -19.25]}
							}
						},
						{
							"origin": [-1.11872, -0.4375, -0.5625],
							"size": [0.11244, 0.875, 0.3125],
							"uv": {
								"north": {"uv": [15, 22], "uv_size": [0.25, 1]},
								"east": {"uv": [22, 15], "uv_size": [0.25, 1]},
								"south": {"uv": [16, 22], "uv_size": [0.25, 1]},
								"west": {"uv": [22, 16], "uv_size": [0.25, 1]},
								"up": {"uv": [12, 26], "uv_size": [0.25, 0.25]},
								"down": {"uv": [26, 12.25], "uv_size": [0.25, -0.25]}
							}
						},
						{
							"origin": [-1.00193, -0.4375, -0.88659],
							"size": [0.1228, 0.875, 0.6595],
							"inflate": 0.001,
							"pivot": [-1.00193, 0.4375, -0.22708],
							"rotation": [0, 10.7552, 0],
							"uv": {
								"north": {"uv": [17, 22], "uv_size": [0.25, 1]},
								"east": {"uv": [8, 19], "uv_size": [0.75, 1]},
								"south": {"uv": [22, 17], "uv_size": [0.25, 1]},
								"west": {"uv": [9, 19], "uv_size": [0.75, 1]},
								"up": {"uv": [23, 12], "uv_size": [0.25, 0.75]},
								"down": {"uv": [13, 23.75], "uv_size": [0.25, -0.75]}
							}
						},
						{
							"origin": [-1.24588, -0.4375, -0.88659],
							"size": [0.1228, 0.875, 0.6595],
							"inflate": 0.0005,
							"pivot": [-1.12307, 0.4375, -0.22708],
							"rotation": [0, -10.7552, 0],
							"uv": {
								"north": {"uv": [18, 22], "uv_size": [0.25, 1]},
								"east": {"uv": [10, 19], "uv_size": [0.75, 1]},
								"south": {"uv": [22, 18], "uv_size": [0.25, 1]},
								"west": {"uv": [11, 19], "uv_size": [0.75, 1]},
								"up": {"uv": [23, 13], "uv_size": [0.25, 0.75]},
								"down": {"uv": [14, 23.75], "uv_size": [0.25, -0.75]}
							}
						},
						{
							"origin": [-1.5, -0.18122, -0.9095],
							"size": [0.875, 0.1228, 0.6595],
							"inflate": 0.001,
							"pivot": [-0.625, -0.18122, -0.25],
							"rotation": [-10.7552, 0, 0],
							"uv": {
								"north": {"uv": [19, 22], "uv_size": [1, 0.25]},
								"east": {"uv": [23, 14], "uv_size": [0.75, 0.25]},
								"south": {"uv": [22, 19], "uv_size": [1, 0.25]},
								"west": {"uv": [15, 23], "uv_size": [0.75, 0.25]},
								"up": {"uv": [12, 19], "uv_size": [1, 0.75]},
								"down": {"uv": [13, 19.75], "uv_size": [1, -0.75]}
							}
						},
						{
							"origin": [-1.5, 0.05841, -0.9095],
							"size": [0.875, 0.1228, 0.6595],
							"inflate": 0.0005,
							"pivot": [-0.625, 0.18122, -0.25],
							"rotation": [10.7552, 0, 0],
							"uv": {
								"north": {"uv": [20, 22], "uv_size": [1, 0.25]},
								"east": {"uv": [23, 15], "uv_size": [0.75, 0.25]},
								"south": {"uv": [22, 20], "uv_size": [1, 0.25]},
								"west": {"uv": [16, 23], "uv_size": [0.75, 0.25]},
								"up": {"uv": [19, 15], "uv_size": [1, 0.75]},
								"down": {"uv": [19, 16.75], "uv_size": [1, -0.75]}
							}
						},
						{
							"origin": [-1.25, -0.05622, -9.125],
							"size": [0.37513, 0.11872, 8.25811],
							"inflate": -0.001,
							"pivot": [-1.25, 0.0625, -0.86689],
							"rotation": [0, 1, 0],
							"uv": {
								"north": {"uv": [25, 3], "uv_size": [0.5, 0.25]},
								"east": {"uv": [12, 10], "uv_size": [8.25, 0.25]},
								"south": {"uv": [25, 4], "uv_size": [0.5, 0.25]},
								"west": {"uv": [12, 11], "uv_size": [8.25, 0.25]},
								"up": {"uv": [8, 10], "uv_size": [0.5, 8.25]},
								"down": {"uv": [9, 18.25], "uv_size": [0.5, -8.25]}
							}
						},
						{
							"origin": [-1.5, -0.05622, -0.5625],
							"size": [0.875, 0.11244, 0.3125],
							"uv": {
								"north": {"uv": [21, 22], "uv_size": [1, 0.25]},
								"east": {"uv": [13, 26], "uv_size": [0.25, 0.25]},
								"south": {"uv": [22, 21], "uv_size": [1, 0.25]},
								"west": {"uv": [26, 13], "uv_size": [0.25, 0.25]},
								"up": {"uv": [22, 22], "uv_size": [1, 0.25]},
								"down": {"uv": [0, 23.25], "uv_size": [1, -0.25]}
							}
						},
						{
							"origin": [-1.5, -0.18122, -0.25],
							"size": [0.875, 0.36244, 1.375],
							"uv": {
								"north": {"uv": [23, 0], "uv_size": [1, 0.25]},
								"east": {"uv": [9, 20], "uv_size": [1.5, 0.25]},
								"south": {"uv": [1, 23], "uv_size": [1, 0.25]},
								"west": {"uv": [20, 9], "uv_size": [1.5, 0.25]},
								"up": {"uv": [12, 12], "uv_size": [1, 1.5]},
								"down": {"uv": [13, 13.5], "uv_size": [1, -1.5]}
							}
						},
						{
							"origin": [-1.5, -0.18122, -0.25],
							"size": [0.875, 0.36244, 1.375],
							"pivot": [-1.0625, 0, 0.4375],
							"rotation": [0, 0, 45],
							"uv": {
								"north": {"uv": [23, 1], "uv_size": [1, 0.25]},
								"east": {"uv": [11, 20], "uv_size": [1.5, 0.25]},
								"south": {"uv": [23, 2], "uv_size": [1, 0.25]},
								"west": {"uv": [20, 12], "uv_size": [1.5, 0.25]},
								"up": {"uv": [12, 14], "uv_size": [1, 1.5]},
								"down": {"uv": [14, 13.5], "uv_size": [1, -1.5]}
							}
						},
						{
							"origin": [-0.75628, -0.23437, 0.25],
							"size": [0.375, 0.46875, 0.875],
							"uv": {
								"north": {"uv": [23, 3], "uv_size": [0.5, 0.5]},
								"east": {"uv": [17, 19], "uv_size": [1, 0.5]},
								"south": {"uv": [8, 23], "uv_size": [0.5, 0.5]},
								"west": {"uv": [19, 17], "uv_size": [1, 0.5]},
								"up": {"uv": [19, 18], "uv_size": [0.5, 1]},
								"down": {"uv": [19, 20], "uv_size": [0.5, -1]}
							}
						},
						{
							"origin": [-0.75628, 0.23438, 0.25],
							"size": [0.45313, 0.07813, 0.875],
							"uv": {
								"north": {"uv": [25, 5], "uv_size": [0.5, 0.25]},
								"east": {"uv": [23, 8], "uv_size": [1, 0.25]},
								"south": {"uv": [8, 25], "uv_size": [0.5, 0.25]},
								"west": {"uv": [9, 23], "uv_size": [1, 0.25]},
								"up": {"uv": [20, 0], "uv_size": [0.5, 1]},
								"down": {"uv": [20, 2], "uv_size": [0.5, -1]}
							}
						},
						{
							"origin": [-0.75628, -0.3125, 0.25],
							"size": [0.45313, 0.07813, 0.875],
							"uv": {
								"north": {"uv": [25, 8], "uv_size": [0.5, 0.25]},
								"east": {"uv": [23, 9], "uv_size": [1, 0.25]},
								"south": {"uv": [9, 25], "uv_size": [0.5, 0.25]},
								"west": {"uv": [10, 23], "uv_size": [1, 0.25]},
								"up": {"uv": [8, 20], "uv_size": [0.5, 1]},
								"down": {"uv": [20, 9], "uv_size": [0.5, -1]}
							}
						},
						{
							"origin": [-1.24372, -0.4375, -0.25],
							"size": [0.36244, 0.875, 1.375],
							"uv": {
								"north": {"uv": [23, 10], "uv_size": [0.25, 1]},
								"east": {"uv": [13, 14], "uv_size": [1.5, 1]},
								"south": {"uv": [11, 23], "uv_size": [0.25, 1]},
								"west": {"uv": [15, 12], "uv_size": [1.5, 1]},
								"up": {"uv": [13, 20], "uv_size": [0.25, 1.5]},
								"down": {"uv": [14, 21.5], "uv_size": [0.25, -1.5]}
							}
						},
						{
							"origin": [-1.24372, -0.4375, -0.25],
							"size": [0.36244, 0.875, 1.375],
							"pivot": [-1.0625, 0, 0.4375],
							"rotation": [0, 0, 45],
							"uv": {
								"north": {"uv": [23, 11], "uv_size": [0.25, 1]},
								"east": {"uv": [13, 15], "uv_size": [1.5, 1]},
								"south": {"uv": [12, 23], "uv_size": [0.25, 1]},
								"west": {"uv": [15, 13], "uv_size": [1.5, 1]},
								"up": {"uv": [15, 20], "uv_size": [0.25, 1.5]},
								"down": {"uv": [20, 16.5], "uv_size": [0.25, -1.5]}
							}
						},
						{
							"origin": [-1.0625, -0.25, 1.25],
							"size": [0.625, 0.5, 0.1875],
							"inflate": 0.001,
							"uv": {
								"north": {"uv": [20, 13], "uv_size": [0.75, 0.5]},
								"east": {"uv": [25, 9], "uv_size": [0.25, 0.5]},
								"south": {"uv": [16, 20], "uv_size": [0.75, 0.5]},
								"west": {"uv": [10, 25], "uv_size": [0.25, 0.5]},
								"up": {"uv": [23, 16], "uv_size": [0.75, 0.25]},
								"down": {"uv": [17, 23.25], "uv_size": [0.75, -0.25]}
							}
						},
						{
							"origin": [-0.75, 0.11793, 1.25],
							"size": [0.40822, 0.13207, 0.1875],
							"pivot": [-0.75, 0.25, 1.4375],
							"rotation": [0, 0, -25],
							"uv": {
								"north": {"uv": [25, 10], "uv_size": [0.5, 0.25]},
								"east": {"uv": [14, 26], "uv_size": [0.25, 0.25]},
								"south": {"uv": [11, 25], "uv_size": [0.5, 0.25]},
								"west": {"uv": [26, 14], "uv_size": [0.25, 0.25]},
								"up": {"uv": [25, 11], "uv_size": [0.5, 0.25]},
								"down": {"uv": [12, 25.25], "uv_size": [0.5, -0.25]}
							}
						},
						{
							"origin": [-0.75, -0.25, 1.25],
							"size": [0.40822, 0.13207, 0.1875],
							"pivot": [-0.75, -0.25, 1.4375],
							"rotation": [0, 0, 25],
							"uv": {
								"north": {"uv": [25, 12], "uv_size": [0.5, 0.25]},
								"east": {"uv": [15, 26], "uv_size": [0.25, 0.25]},
								"south": {"uv": [13, 25], "uv_size": [0.5, 0.25]},
								"west": {"uv": [26, 15], "uv_size": [0.25, 0.25]},
								"up": {"uv": [25, 13], "uv_size": [0.5, 0.25]},
								"down": {"uv": [14, 25.25], "uv_size": [0.5, -0.25]}
							}
						},
						{
							"origin": [-1.41605, -0.10355, 1.25],
							"size": [0.35355, 0.35355, 0.1875],
							"pivot": [-1.0625, 0.25, 1.4375],
							"rotation": [0, 0, -45],
							"uv": {
								"north": {"uv": [16, 26], "uv_size": [0.25, 0.25]},
								"east": {"uv": [26, 16], "uv_size": [0.25, 0.25]},
								"south": {"uv": [17, 26], "uv_size": [0.25, 0.25]},
								"west": {"uv": [26, 17], "uv_size": [0.25, 0.25]},
								"up": {"uv": [18, 26], "uv_size": [0.25, 0.25]},
								"down": {"uv": [26, 18.25], "uv_size": [0.25, -0.25]}
							}
						},
						{
							"origin": [-1.35355, -0.04105, 1.0625],
							"size": [0.22855, 0.22855, 0.1875],
							"pivot": [-1.0625, 0.25, 1.25],
							"rotation": [0, 0, -45],
							"uv": {
								"north": {"uv": [19, 26], "uv_size": [0.25, 0.25]},
								"east": {"uv": [26, 19], "uv_size": [0.25, 0.25]},
								"south": {"uv": [20, 26], "uv_size": [0.25, 0.25]},
								"west": {"uv": [26, 20], "uv_size": [0.25, 0.25]},
								"up": {"uv": [21, 26], "uv_size": [0.25, 0.25]},
								"down": {"uv": [26, 21.25], "uv_size": [0.25, -0.25]}
							}
						}
					]
				}
			]
		}
	]
}