{
	"format_version": "1.21.0",
	"minecraft:geometry": [
		{
			"description": {
				"identifier": "geometry.unknown",
				"texture_width": 128,
				"texture_height": 128,
				"visible_bounds_width": 13,
				"visible_bounds_height": 11,
				"visible_bounds_offset": [0, 0.5, 0]
			},
			"bones": [
				{
					"name": "scope_body",
					"pivot": [2, 0.71875, -5.25],
					"cubes": [
						{
							"origin": [1.82595, 1.34375, 6.29644],
							"size": [0.3481, 0.25, 1.95356],
							"pivot": [3.82595, 1.59375, 8.25],
							"rotation": [7.3524, 0, 0],
							"uv": {
								"up": {"uv": [18, 2], "uv_size": [0.25, 2]},
								"down": {"uv": [4, 20], "uv_size": [0.25, -2]}
							}
						},
						{
							"origin": [2.32629, 0.58376, 6.20818],
							"size": [0.3481, 0.25, 1.95122],
							"pivot": [4.17405, 1.59375, 8.25],
							"rotation": [6.7982, 0, 22.5],
							"uv": {
								"up": {"uv": [18, 4], "uv_size": [0.25, 2]},
								"down": {"uv": [18, 8], "uv_size": [0.25, -2]}
							}
						},
						{
							"origin": [3.08143, -0.19205, 6.11816],
							"size": [0.3481, 0.25, 1.95086],
							"pivot": [4.49565, 1.46054, 8.25],
							"rotation": [7.3524, 0, 45],
							"uv": {
								"east": {"uv": [11, 18], "uv_size": [2, 0.25]},
								"south": {"uv": [26, 14], "uv_size": [0.25, 0.25]},
								"west": {"uv": [13, 18], "uv_size": [2, 0.25]},
								"up": {"uv": [15, 18], "uv_size": [0.25, 2]},
								"down": {"uv": [18, 17], "uv_size": [0.25, -2]}
							}
						},
						{
							"origin": [2.65702, 1.63167, 6.08275],
							"size": [0.25, 0.3481, 1.94852],
							"pivot": [4.74179, 1.2144, 8.25],
							"rotation": [0, 6.7982, -22.5],
							"uv": {
								"east": {"uv": [18, 17], "uv_size": [2, 0.25]},
								"south": {"uv": [15, 26], "uv_size": [0.25, 0.25]},
								"west": {"uv": [18, 18], "uv_size": [2, 0.25]}
							}
						},
						{
							"origin": [2.64144, 0.5447, 6.04049],
							"size": [0.25, 0.3481, 1.95356],
							"pivot": [4.875, 0.8928, 8.25],
							"rotation": [0, 7.3524, 0],
							"uv": {
								"east": {"uv": [0, 19], "uv_size": [2, 0.25]},
								"west": {"uv": [19, 0], "uv_size": [2, 0.25]}
							}
						},
						{
							"origin": [1.32561, 0.58376, 6.20818],
							"size": [0.3481, 0.25, 1.95122],
							"pivot": [-0.17405, 1.59375, 8.25],
							"rotation": [6.7982, 0, -22.5],
							"uv": {
								"up": {"uv": [16, 18], "uv_size": [0.25, 2]},
								"down": {"uv": [19, 3], "uv_size": [0.25, -2]}
							}
						},
						{
							"origin": [1.09298, 1.63167, 6.08275],
							"size": [0.25, 0.3481, 1.94852],
							"pivot": [-0.74179, 1.2144, 8.25],
							"rotation": [0, -6.7982, 22.5],
							"uv": {
								"east": {"uv": [2, 19], "uv_size": [2, 0.25]},
								"south": {"uv": [26, 15], "uv_size": [0.25, 0.25]},
								"west": {"uv": [19, 3], "uv_size": [2, 0.25]}
							}
						},
						{
							"origin": [1.10856, 0.5447, 6.04049],
							"size": [0.25, 0.3481, 1.95356],
							"pivot": [-0.875, 0.8928, 8.25],
							"rotation": [0, -7.3524, 0],
							"uv": {
								"east": {"uv": [19, 4], "uv_size": [2, 0.25]},
								"west": {"uv": [5, 19], "uv_size": [2, 0.25]}
							}
						},
						{
							"origin": [0.57047, -0.19205, 6.11816],
							"size": [0.3481, 0.25, 1.95086],
							"pivot": [-0.49565, 1.46054, 8.25],
							"rotation": [7.3524, 0, -45],
							"uv": {
								"east": {"uv": [19, 5], "uv_size": [2, 0.25]},
								"south": {"uv": [16, 26], "uv_size": [0.25, 0.25]},
								"west": {"uv": [19, 6], "uv_size": [2, 0.25]},
								"up": {"uv": [7, 19], "uv_size": [0.25, 2]},
								"down": {"uv": [19, 9], "uv_size": [0.25, -2]}
							}
						},
						{
							"origin": [2.32629, 0.60374, 6.20818],
							"size": [0.3481, 0.25, 1.95122],
							"pivot": [4.17405, -0.15625, 8.25],
							"rotation": [-6.7982, 0, -22.5],
							"uv": {
								"up": {"uv": [8, 19], "uv_size": [0.25, 2]},
								"down": {"uv": [9, 21], "uv_size": [0.25, -2]}
							}
						},
						{
							"origin": [3.08143, 1.37955, 6.11816],
							"size": [0.3481, 0.25, 1.95086],
							"pivot": [4.49565, -0.02304, 8.25],
							"rotation": [-7.3524, 0, -45],
							"uv": {
								"east": {"uv": [19, 9], "uv_size": [2, 0.25]},
								"south": {"uv": [26, 16], "uv_size": [0.25, 0.25]},
								"west": {"uv": [10, 19], "uv_size": [2, 0.25]},
								"up": {"uv": [19, 10], "uv_size": [0.25, 2]},
								"down": {"uv": [12, 21], "uv_size": [0.25, -2]}
							}
						},
						{
							"origin": [2.65702, -0.54226, 6.08275],
							"size": [0.25, 0.3481, 1.94852],
							"pivot": [4.74179, 0.2231, 8.25],
							"rotation": [0, 6.7982, 22.5],
							"uv": {
								"east": {"uv": [19, 12], "uv_size": [2, 0.25]},
								"south": {"uv": [17, 26], "uv_size": [0.25, 0.25]},
								"west": {"uv": [13, 19], "uv_size": [2, 0.25]}
							}
						},
						{
							"origin": [1.82595, -0.15625, 6.29644],
							"size": [0.3481, 0.25, 1.95356],
							"pivot": [3.82595, -0.15625, 8.25],
							"rotation": [-7.3524, 0, 0],
							"uv": {
								"up": {"uv": [19, 13], "uv_size": [0.25, 2]},
								"down": {"uv": [19, 17], "uv_size": [0.25, -2]}
							}
						},
						{
							"origin": [1.32561, 0.60374, 6.20818],
							"size": [0.3481, 0.25, 1.95122],
							"pivot": [-0.17405, -0.15625, 8.25],
							"rotation": [-6.7982, 0, 22.5],
							"uv": {
								"up": {"uv": [17, 19], "uv_size": [0.25, 2]},
								"down": {"uv": [18, 21], "uv_size": [0.25, -2]}
							}
						},
						{
							"origin": [0.57047, 1.37955, 6.11816],
							"size": [0.3481, 0.25, 1.95086],
							"pivot": [-0.49565, -0.02304, 8.25],
							"rotation": [-7.3524, 0, 45],
							"uv": {
								"east": {"uv": [19, 19], "uv_size": [2, 0.25]},
								"south": {"uv": [26, 17], "uv_size": [0.25, 0.25]},
								"west": {"uv": [0, 20], "uv_size": [2, 0.25]},
								"up": {"uv": [20, 1], "uv_size": [0.25, 2]},
								"down": {"uv": [2, 22], "uv_size": [0.25, -2]}
							}
						},
						{
							"origin": [1.09298, -0.54226, 6.08275],
							"size": [0.25, 0.3481, 1.94852],
							"pivot": [-0.74179, 0.2231, 8.25],
							"rotation": [0, -6.7982, -22.5],
							"uv": {
								"east": {"uv": [3, 20], "uv_size": [2, 0.25]},
								"south": {"uv": [18, 26], "uv_size": [0.25, 0.25]},
								"west": {"uv": [5, 20], "uv_size": [2, 0.25]}
							}
						},
						{
							"origin": [1.83253, 0.09375, -5.25],
							"size": [0.33494, 1.25, 11.5625],
							"uv": {
								"up": {"uv": [0, 2], "uv_size": [0.25, 11.5]},
								"down": {"uv": [1, 13.5], "uv_size": [0.25, -11.5]}
							}
						},
						{
							"origin": [2.10048, -0.90625, -5.25],
							"size": [0.33494, 1.25, 11.5625],
							"pivot": [4, 0.71875, -2.375],
							"rotation": [0, 0, 30],
							"uv": {
								"up": {"uv": [2, 2], "uv_size": [0.25, 11.5]},
								"down": {"uv": [3, 13.5], "uv_size": [0.25, -11.5]}
							}
						},
						{
							"origin": [2.83253, -1.6383, -5.25],
							"size": [0.33494, 1.25, 11.5625],
							"pivot": [4, 0.71875, -2.375],
							"rotation": [0, 0, 60],
							"uv": {
								"up": {"uv": [4, 0], "uv_size": [0.25, 11.5]},
								"down": {"uv": [5, 11.5], "uv_size": [0.25, -11.5]}
							}
						},
						{
							"origin": [3.83253, -1.90625, -5.25],
							"size": [0.33494, 1.25, 11.5625],
							"pivot": [4, 0.71875, -2.375],
							"rotation": [0, 0, 90],
							"uv": {
								"up": {"uv": [6, 0], "uv_size": [0.25, 11.5]},
								"down": {"uv": [7, 11.5], "uv_size": [0.25, -11.5]}
							}
						},
						{
							"origin": [4.83253, -1.6383, -5.25],
							"size": [0.33494, 1.25, 11.5625],
							"pivot": [4, 0.71875, -2.375],
							"rotation": [0, 0, 120],
							"uv": {
								"up": {"uv": [8, 0], "uv_size": [0.25, 11.5]},
								"down": {"uv": [9, 11.5], "uv_size": [0.25, -11.5]}
							}
						},
						{
							"origin": [5.56458, -0.90625, -5.25],
							"size": [0.33494, 1.25, 11.5625],
							"pivot": [4, 0.71875, -2.375],
							"rotation": [0, 0, 150],
							"uv": {
								"up": {"uv": [10, 0], "uv_size": [0.25, 11.5]},
								"down": {"uv": [11, 11.5], "uv_size": [0.25, -11.5]}
							}
						},
						{
							"origin": [1.81578, 1.15625, -0.1875],
							"size": [0.36843, 0.25, 1.25],
							"uv": {
								"north": {"uv": [26, 18], "uv_size": [0.25, 0.25]},
								"south": {"uv": [19, 26], "uv_size": [0.25, 0.25]},
								"up": {"uv": [6, 23], "uv_size": [0.25, 1.25]}
							}
						},
						{
							"origin": [1.81578, 1.15625, -0.1875],
							"size": [0.36843, 0.25, 1.25],
							"pivot": [2, 0.71875, 1.0625],
							"rotation": [0, 0, 30],
							"uv": {
								"north": {"uv": [26, 19], "uv_size": [0.25, 0.25]},
								"south": {"uv": [20, 26], "uv_size": [0.25, 0.25]},
								"up": {"uv": [7, 23], "uv_size": [0.25, 1.25]}
							}
						},
						{
							"origin": [1.81578, 0.03125, -0.1875],
							"size": [0.36843, 1.375, 1.25],
							"pivot": [2, 0.71875, 1.0625],
							"rotation": [0, 0, 60],
							"uv": {
								"north": {"uv": [21, 7], "uv_size": [0.25, 1.5]},
								"south": {"uv": [8, 21], "uv_size": [0.25, 1.5]},
								"west": {"uv": [9, 12], "uv_size": [1.25, 1.5]},
								"up": {"uv": [23, 7], "uv_size": [0.25, 1.25]},
								"down": {"uv": [8, 24.25], "uv_size": [0.25, -1.25]}
							}
						},
						{
							"origin": [1.81578, 0.03125, -0.1875],
							"size": [0.36843, 1.375, 1.25],
							"pivot": [2, 0.71875, 1.0625],
							"rotation": [0, 0, 90],
							"uv": {
								"north": {"uv": [9, 21], "uv_size": [0.25, 1.5]},
								"south": {"uv": [21, 9], "uv_size": [0.25, 1.5]},
								"up": {"uv": [9, 23], "uv_size": [0.25, 1.25]},
								"down": {"uv": [23, 10.25], "uv_size": [0.25, -1.25]}
							}
						},
						{
							"origin": [1.81578, 0.03125, -0.1875],
							"size": [0.36843, 1.375, 1.25],
							"pivot": [2, 0.71875, 1.0625],
							"rotation": [0, 0, 120],
							"uv": {
								"north": {"uv": [21, 11], "uv_size": [0.25, 1.5]},
								"south": {"uv": [12, 21], "uv_size": [0.25, 1.5]},
								"west": {"uv": [12, 9], "uv_size": [1.25, 1.5]},
								"up": {"uv": [23, 11], "uv_size": [0.25, 1.25]},
								"down": {"uv": [12, 24.25], "uv_size": [0.25, -1.25]}
							}
						},
						{
							"origin": [1.81578, 0.03125, -0.1875],
							"size": [0.36843, 0.25, 1.25],
							"pivot": [2, 0.71875, 1.0625],
							"rotation": [0, 0, 150],
							"uv": {
								"north": {"uv": [26, 20], "uv_size": [0.25, 0.25]},
								"south": {"uv": [21, 26], "uv_size": [0.25, 0.25]},
								"down": {"uv": [23, 14.25], "uv_size": [0.25, -1.25]}
							}
						},
						{
							"origin": [1.80741, 0, 3.9375],
							"size": [0.38518, 1.4375, 1.375],
							"uv": {
								"north": {"uv": [12, 15], "uv_size": [0.5, 1.5]},
								"south": {"uv": [15, 12], "uv_size": [0.5, 1.5]},
								"up": {"uv": [13, 15], "uv_size": [0.5, 1.5]},
								"down": {"uv": [15, 15.5], "uv_size": [0.5, -1.5]}
							}
						},
						{
							"origin": [1.80741, 0, 3.9375],
							"size": [0.38518, 1.4375, 1.375],
							"pivot": [2, 0.71875, 5.3125],
							"rotation": [0, 0, 30],
							"uv": {
								"north": {"uv": [16, 0], "uv_size": [0.5, 1.5]},
								"south": {"uv": [16, 2], "uv_size": [0.5, 1.5]},
								"up": {"uv": [4, 16], "uv_size": [0.5, 1.5]},
								"down": {"uv": [16, 5.5], "uv_size": [0.5, -1.5]}
							}
						},
						{
							"origin": [1.80741, 0, 3.9375],
							"size": [0.38518, 1.4375, 1.375],
							"pivot": [2, 0.71875, 5.3125],
							"rotation": [0, 0, 60],
							"uv": {
								"north": {"uv": [16, 6], "uv_size": [0.5, 1.5]},
								"south": {"uv": [16, 8], "uv_size": [0.5, 1.5]},
								"up": {"uv": [16, 10], "uv_size": [0.5, 1.5]},
								"down": {"uv": [11, 17.5], "uv_size": [0.5, -1.5]}
							}
						},
						{
							"origin": [1.80741, 0, 3.9375],
							"size": [0.38518, 1.4375, 1.375],
							"pivot": [2, 0.71875, 5.3125],
							"rotation": [0, 0, 90],
							"uv": {
								"north": {"uv": [16, 12], "uv_size": [0.5, 1.5]},
								"south": {"uv": [14, 16], "uv_size": [0.5, 1.5]},
								"up": {"uv": [16, 14], "uv_size": [0.5, 1.5]},
								"down": {"uv": [15, 17.5], "uv_size": [0.5, -1.5]}
							}
						},
						{
							"origin": [1.80741, 0, 3.9375],
							"size": [0.38518, 1.4375, 1.375],
							"pivot": [2, 0.71875, 5.3125],
							"rotation": [0, 0, 120],
							"uv": {
								"north": {"uv": [16, 16], "uv_size": [0.5, 1.5]},
								"south": {"uv": [0, 17], "uv_size": [0.5, 1.5]},
								"up": {"uv": [17, 0], "uv_size": [0.5, 1.5]},
								"down": {"uv": [17, 3.5], "uv_size": [0.5, -1.5]}
							}
						},
						{
							"origin": [1.67152, 1.24491, 2.5625],
							"size": [0.1875, 0.25, 1.375],
							"pivot": [1.47384, 1.24491, 3.9375],
							"rotation": [-1.30195, 0, 120],
							"uv": {
								"north": {"uv": [26, 21], "uv_size": [0.25, 0.25]},
								"east": {"uv": [14, 21], "uv_size": [1.5, 0.25]},
								"south": {"uv": [22, 26], "uv_size": [0.25, 0.25]},
								"west": {"uv": [21, 15], "uv_size": [1.5, 0.25]},
								"up": {"uv": [16, 21], "uv_size": [0.25, 1.5]},
								"down": {"uv": [21, 17.5], "uv_size": [0.25, -1.5]}
							}
						},
						{
							"origin": [1.80741, 0, 3.9375],
							"size": [0.38518, 1.4375, 1.375],
							"pivot": [2, 0.71875, 5.3125],
							"rotation": [0, 0, 150],
							"uv": {
								"north": {"uv": [17, 4], "uv_size": [0.5, 1.5]},
								"south": {"uv": [5, 17], "uv_size": [0.5, 1.5]},
								"up": {"uv": [6, 17], "uv_size": [0.5, 1.5]},
								"down": {"uv": [17, 7.5], "uv_size": [0.5, -1.5]}
							}
						},
						{
							"origin": [2.19259, -0.5, 1.5625],
							"size": [0.625, 0.5, 3.25],
							"pivot": [2.19259, 0, 5.3125],
							"rotation": [0, 0, 162.5],
							"uv": {
								"north": {"uv": [17, 21], "uv_size": [0.75, 0.5]},
								"east": {"uv": [11, 12], "uv_size": [3.25, 0.5]},
								"south": {"uv": [18, 21], "uv_size": [0.75, 0.5]},
								"west": {"uv": [12, 11], "uv_size": [3.25, 0.5]},
								"up": {"uv": [12, 0], "uv_size": [0.75, 3.25]},
								"down": {"uv": [4, 15.25], "uv_size": [0.75, -3.25]}
							}
						},
						{
							"origin": [2.81759, -1, 1.5625],
							"size": [0.5, 0.8125, 3.25],
							"pivot": [2.19259, 0, 5.3125],
							"rotation": [0, 0, 162.5],
							"uv": {
								"north": {"uv": [19, 21], "uv_size": [0.5, 0.75]},
								"east": {"uv": [12, 4], "uv_size": [3.25, 0.75]},
								"south": {"uv": [21, 19], "uv_size": [0.5, 0.75]},
								"up": {"uv": [13, 0], "uv_size": [0.5, 3.25]},
								"down": {"uv": [5, 16.25], "uv_size": [0.5, -3.25]}
							}
						},
						{
							"origin": [0.81895, -0.15947, 1.5625],
							"size": [0.24432, 0.7749, 3.25],
							"uv": {
								"east": {"uv": [5, 12], "uv_size": [3.25, 0.75]},
								"south": {"uv": [25, 7], "uv_size": [0.25, 0.75]},
								"down": {"uv": [15, 3.25], "uv_size": [0.25, -3.25]}
							}
						},
						{
							"origin": [1.81352, -0.21875, 8.25],
							"size": [0.37296, 1.875, 1.3125],
							"pivot": [2, 0.71875, 9.3125],
							"rotation": [0, 0, -45],
							"uv": {
								"north": {"uv": [20, 7], "uv_size": [0.25, 2]},
								"up": {"uv": [23, 15], "uv_size": [0.25, 1.25]},
								"down": {"uv": [16, 24.25], "uv_size": [0.25, -1.25]}
							}
						},
						{
							"origin": [1.81352, -0.21875, 8.25],
							"size": [0.37296, 1.875, 1.3125],
							"pivot": [2, 0.71875, 9.3125],
							"rotation": [0, 0, -22.5],
							"uv": {
								"north": {"uv": [10, 20], "uv_size": [0.25, 2]},
								"up": {"uv": [23, 17], "uv_size": [0.25, 1.25]},
								"down": {"uv": [23, 20.25], "uv_size": [0.25, -1.25]}
							}
						},
						{
							"origin": [1.81352, -0.21875, 8.25],
							"size": [0.37296, 1.875, 1.3125],
							"uv": {
								"north": {"uv": [20, 10], "uv_size": [0.25, 2]},
								"up": {"uv": [20, 23], "uv_size": [0.25, 1.25]},
								"down": {"uv": [21, 24.25], "uv_size": [0.25, -1.25]}
							}
						},
						{
							"origin": [1.81352, -0.21875, 8.25],
							"size": [0.37296, 1.875, 1.3125],
							"pivot": [2, 0.71875, 9.3125],
							"rotation": [0, 0, 22.5],
							"uv": {
								"north": {"uv": [11, 20], "uv_size": [0.25, 2]},
								"up": {"uv": [23, 21], "uv_size": [0.25, 1.25]},
								"down": {"uv": [22, 24.25], "uv_size": [0.25, -1.25]}
							}
						},
						{
							"origin": [1.81352, -0.21875, 8.25],
							"size": [0.37296, 1.875, 1.3125],
							"pivot": [2, 0.71875, 9.3125],
							"rotation": [0, 0, 45],
							"uv": {
								"north": {"uv": [13, 20], "uv_size": [0.25, 2]},
								"up": {"uv": [23, 23], "uv_size": [0.25, 1.25]},
								"down": {"uv": [0, 25.25], "uv_size": [0.25, -1.25]}
							}
						},
						{
							"origin": [1.0625, 0.53227, 8.25],
							"size": [1.875, 0.37296, 1.3125],
							"pivot": [2, 0.71875, 9.3125],
							"rotation": [0, 0, -22.5],
							"uv": {
								"north": {"uv": [20, 13], "uv_size": [2, 0.25]},
								"east": {"uv": [24, 0], "uv_size": [1.25, 0.25]},
								"west": {"uv": [1, 24], "uv_size": [1.25, 0.25]}
							}
						},
						{
							"origin": [1.0625, 0.53227, 8.25],
							"size": [1.875, 0.37296, 1.3125],
							"uv": {
								"north": {"uv": [14, 20], "uv_size": [2, 0.25]},
								"east": {"uv": [24, 1], "uv_size": [1.25, 0.25]},
								"west": {"uv": [3, 24], "uv_size": [1.25, 0.25]}
							}
						},
						{
							"origin": [1.0625, 0.53227, 8.25],
							"size": [1.875, 0.37296, 1.3125],
							"pivot": [2, 0.71875, 9.3125],
							"rotation": [0, 0, 22.5],
							"uv": {
								"north": {"uv": [20, 14], "uv_size": [2, 0.25]},
								"east": {"uv": [24, 4], "uv_size": [1.25, 0.25]},
								"west": {"uv": [24, 5], "uv_size": [1.25, 0.25]}
							}
						},
						{
							"origin": [1.81578, 0.03125, 1.5625],
							"size": [0.36843, 1.375, 1],
							"uv": {
								"north": {"uv": [20, 21], "uv_size": [0.25, 1.5]},
								"south": {"uv": [21, 20], "uv_size": [0.25, 1.5]},
								"west": {"uv": [14, 0], "uv_size": [1, 1.5]},
								"up": {"uv": [24, 22], "uv_size": [0.25, 1]},
								"down": {"uv": [24, 24], "uv_size": [0.25, -1]}
							}
						},
						{
							"origin": [1.81578, 0.03125, 1.5625],
							"size": [0.36843, 1.375, 1],
							"pivot": [2, 0.71875, 2.5625],
							"rotation": [0, 0, 30],
							"uv": {
								"north": {"uv": [0, 22], "uv_size": [0.25, 1.5]},
								"south": {"uv": [1, 22], "uv_size": [0.25, 1.5]},
								"up": {"uv": [24, 24], "uv_size": [0.25, 1]}
							}
						},
						{
							"origin": [1.81578, 0.03125, 1.5625],
							"size": [0.36843, 1.375, 1],
							"pivot": [2, 0.71875, 2.5625],
							"rotation": [0, 0, 60],
							"uv": {
								"north": {"uv": [22, 1], "uv_size": [0.25, 1.5]},
								"south": {"uv": [2, 22], "uv_size": [0.25, 1.5]},
								"up": {"uv": [1, 25], "uv_size": [0.25, 1]},
								"down": {"uv": [2, 26], "uv_size": [0.25, -1]}
							}
						},
						{
							"origin": [1.81578, 0.03125, 1.5625],
							"size": [0.36843, 1.375, 1],
							"pivot": [2, 0.71875, 2.5625],
							"rotation": [0, 0, 90],
							"uv": {
								"north": {"uv": [3, 22], "uv_size": [0.25, 1.5]},
								"south": {"uv": [4, 22], "uv_size": [0.25, 1.5]},
								"up": {"uv": [25, 2], "uv_size": [0.25, 1]},
								"down": {"uv": [3, 26], "uv_size": [0.25, -1]}
							}
						},
						{
							"origin": [1.81578, 0.03125, 1.5625],
							"size": [0.36843, 1.375, 1],
							"pivot": [2, 0.71875, 2.5625],
							"rotation": [0, 0, 120],
							"uv": {
								"north": {"uv": [22, 5], "uv_size": [0.25, 1.5]},
								"south": {"uv": [22, 7], "uv_size": [0.25, 1.5]},
								"west": {"uv": [14, 2], "uv_size": [1, 1.5]},
								"up": {"uv": [25, 3], "uv_size": [0.25, 1]},
								"down": {"uv": [4, 26], "uv_size": [0.25, -1]}
							}
						},
						{
							"origin": [2.50328, -0.03453, 1.5625],
							"size": [0.3781, 0.25, 1],
							"pivot": [2.50328, 0.21547, 1.5625],
							"rotation": [0, 0, 145.25906],
							"uv": {
								"north": {"uv": [26, 3], "uv_size": [0.5, 0.25]},
								"east": {"uv": [6, 25], "uv_size": [1, 0.25]},
								"south": {"uv": [4, 26], "uv_size": [0.5, 0.25]},
								"west": {"uv": [25, 6], "uv_size": [1, 0.25]},
								"up": {"uv": [20, 15], "uv_size": [0.5, 1]},
								"down": {"uv": [16, 21], "uv_size": [0.5, -1]}
							}
						},
						{
							"origin": [1.81578, 0.03125, 1.5625],
							"size": [0.36843, 0.25, 1],
							"pivot": [2, 0.71875, 2.5625],
							"rotation": [0, 0, 150],
							"uv": {
								"north": {"uv": [20, 27], "uv_size": [0.25, 0.25]},
								"south": {"uv": [27, 20], "uv_size": [0.25, 0.25]},
								"down": {"uv": [7, 26], "uv_size": [0.25, -1]}
							}
						},
						{
							"origin": [1.81578, 0.03125, 5.5],
							"size": [0.36843, 1.375, 0.8125],
							"uv": {
								"north": {"uv": [22, 9], "uv_size": [0.25, 1.5]},
								"south": {"uv": [10, 22], "uv_size": [0.25, 1.5]},
								"up": {"uv": [8, 25], "uv_size": [0.25, 0.75]},
								"down": {"uv": [25, 8.75], "uv_size": [0.25, -0.75]}
							}
						},
						{
							"origin": [1.81578, 0.03125, 5.5],
							"size": [0.36843, 1.375, 0.8125],
							"pivot": [2, 0.71875, 6.3125],
							"rotation": [0, 0, 30],
							"uv": {
								"north": {"uv": [11, 22], "uv_size": [0.25, 1.5]},
								"south": {"uv": [22, 11], "uv_size": [0.25, 1.5]},
								"up": {"uv": [9, 25], "uv_size": [0.25, 0.75]},
								"down": {"uv": [25, 9.75], "uv_size": [0.25, -0.75]}
							}
						},
						{
							"origin": [1.81578, 0.03125, 5.5],
							"size": [0.36843, 1.375, 0.8125],
							"pivot": [2, 0.71875, 6.3125],
							"rotation": [0, 0, 60],
							"uv": {
								"north": {"uv": [13, 22], "uv_size": [0.25, 1.5]},
								"south": {"uv": [22, 13], "uv_size": [0.25, 1.5]},
								"up": {"uv": [25, 10], "uv_size": [0.25, 0.75]},
								"down": {"uv": [25, 11.75], "uv_size": [0.25, -0.75]}
							}
						},
						{
							"origin": [1.81578, 0.03125, 5.5],
							"size": [0.36843, 1.375, 0.8125],
							"pivot": [2, 0.71875, 6.3125],
							"rotation": [0, 0, 90],
							"uv": {
								"north": {"uv": [14, 22], "uv_size": [0.25, 1.5]},
								"south": {"uv": [15, 22], "uv_size": [0.25, 1.5]},
								"up": {"uv": [12, 25], "uv_size": [0.25, 0.75]},
								"down": {"uv": [25, 12.75], "uv_size": [0.25, -0.75]}
							}
						},
						{
							"origin": [1.81578, 0.03125, 5.5],
							"size": [0.36843, 1.375, 0.8125],
							"pivot": [2, 0.71875, 6.3125],
							"rotation": [0, 0, 120],
							"uv": {
								"north": {"uv": [22, 16], "uv_size": [0.25, 1.5]},
								"south": {"uv": [17, 22], "uv_size": [0.25, 1.5]},
								"up": {"uv": [25, 13], "uv_size": [0.25, 0.75]},
								"down": {"uv": [25, 14.75], "uv_size": [0.25, -0.75]}
							}
						},
						{
							"origin": [1.81578, 0.03125, 5.5],
							"size": [0.36843, 1.375, 0.8125],
							"pivot": [2, 0.71875, 6.3125],
							"rotation": [0, 0, 150],
							"uv": {
								"north": {"uv": [18, 22], "uv_size": [0.25, 1.5]},
								"south": {"uv": [22, 18], "uv_size": [0.25, 1.5]},
								"up": {"uv": [25, 15], "uv_size": [0.25, 0.75]},
								"down": {"uv": [16, 25.75], "uv_size": [0.25, -0.75]}
							}
						},
						{
							"origin": [1.82416, 0.0625, -6],
							"size": [0.35168, 1.3125, 0.75],
							"uv": {
								"north": {"uv": [5, 24], "uv_size": [0.25, 1.25]},
								"south": {"uv": [24, 6], "uv_size": [0.25, 1.25]},
								"up": {"uv": [25, 16], "uv_size": [0.25, 0.75]},
								"down": {"uv": [25, 17.75], "uv_size": [0.25, -0.75]}
							}
						},
						{
							"origin": [1.82416, 0.0625, -6],
							"size": [0.35168, 1.3125, 0.75],
							"pivot": [2, 0.71875, -5.25],
							"rotation": [0, 0, 30],
							"uv": {
								"north": {"uv": [24, 8], "uv_size": [0.25, 1.25]},
								"south": {"uv": [10, 24], "uv_size": [0.25, 1.25]},
								"up": {"uv": [25, 18], "uv_size": [0.25, 0.75]},
								"down": {"uv": [25, 19.75], "uv_size": [0.25, -0.75]}
							}
						},
						{
							"origin": [1.82416, 0.0625, -6],
							"size": [0.35168, 1.3125, 0.75],
							"pivot": [2, 0.71875, -5.25],
							"rotation": [0, 0, 60],
							"uv": {
								"north": {"uv": [24, 10], "uv_size": [0.25, 1.25]},
								"south": {"uv": [11, 24], "uv_size": [0.25, 1.25]},
								"up": {"uv": [20, 25], "uv_size": [0.25, 0.75]},
								"down": {"uv": [21, 25.75], "uv_size": [0.25, -0.75]}
							}
						},
						{
							"origin": [1.82416, 0.0625, -6],
							"size": [0.35168, 1.3125, 0.75],
							"pivot": [2, 0.71875, -5.25],
							"rotation": [0, 0, 90],
							"uv": {
								"north": {"uv": [24, 12], "uv_size": [0.25, 1.25]},
								"south": {"uv": [13, 24], "uv_size": [0.25, 1.25]},
								"up": {"uv": [22, 25], "uv_size": [0.25, 0.75]},
								"down": {"uv": [25, 22.75], "uv_size": [0.25, -0.75]}
							}
						},
						{
							"origin": [1.82416, 0.0625, -6],
							"size": [0.35168, 1.3125, 0.75],
							"pivot": [2, 0.71875, -5.25],
							"rotation": [0, 0, 120],
							"uv": {
								"north": {"uv": [14, 24], "uv_size": [0.25, 1.25]},
								"south": {"uv": [24, 14], "uv_size": [0.25, 1.25]},
								"up": {"uv": [23, 25], "uv_size": [0.25, 0.75]},
								"down": {"uv": [25, 23.75], "uv_size": [0.25, -0.75]}
							}
						},
						{
							"origin": [0.6875, -0.875, 1.5],
							"size": [0.1875, 0.6875, 3.25],
							"inflate": 0.001,
							"uv": {
								"north": {"uv": [24, 25], "uv_size": [0.25, 0.75]},
								"east": {"uv": [12, 5], "uv_size": [3.25, 0.75]},
								"south": {"uv": [25, 24], "uv_size": [0.25, 0.75]},
								"west": {"uv": [12, 6], "uv_size": [3.25, 0.75]},
								"down": {"uv": [1, 18.25], "uv_size": [0.25, -3.25]}
							}
						},
						{
							"origin": [1, -0.6875, 4.875],
							"size": [0.125, 1.4375, 0.5],
							"inflate": 0.001,
							"uv": {
								"north": {"uv": [19, 22], "uv_size": [0.25, 1.5]},
								"east": {"uv": [7, 17], "uv_size": [0.5, 1.5]},
								"west": {"uv": [8, 17], "uv_size": [0.5, 1.5]},
								"up": {"uv": [26, 4], "uv_size": [0.25, 0.5]},
								"down": {"uv": [5, 26.5], "uv_size": [0.25, -0.5]}
							}
						},
						{
							"origin": [1, -0.5625, 5.375],
							"size": [0.125, 1.1875, 0.125],
							"inflate": 0.001,
							"uv": {
								"east": {"uv": [15, 24], "uv_size": [0.25, 1.25]},
								"south": {"uv": [24, 16], "uv_size": [0.25, 1.25]},
								"west": {"uv": [17, 24], "uv_size": [0.25, 1.25]}
							}
						},
						{
							"origin": [1, 0.625, 5.375],
							"size": [0.125, 0.17678, 0.125],
							"pivot": [1, 0.625, 5.5],
							"rotation": [45, 0, 0],
							"uv": {
								"east": {"uv": [21, 27], "uv_size": [0.25, 0.25]},
								"south": {"uv": [27, 21], "uv_size": [0.25, 0.25]},
								"west": {"uv": [22, 27], "uv_size": [0.25, 0.25]}
							}
						},
						{
							"origin": [1, -0.73928, 5.375],
							"size": [0.125, 0.17678, 0.125],
							"pivot": [1, -0.5625, 5.5],
							"rotation": [-45, 0, 0],
							"uv": {
								"east": {"uv": [27, 22], "uv_size": [0.25, 0.25]},
								"south": {"uv": [23, 27], "uv_size": [0.25, 0.25]},
								"west": {"uv": [27, 23], "uv_size": [0.25, 0.25]}
							}
						},
						{
							"origin": [0.9375, 0, 4.75],
							"size": [0.0625, 0.5, 0.75],
							"uv": {
								"east": {"uv": [22, 20], "uv_size": [0.75, 0.5]},
								"south": {"uv": [26, 5], "uv_size": [0.25, 0.5]},
								"west": {"uv": [21, 22], "uv_size": [0.75, 0.5]},
								"up": {"uv": [25, 25], "uv_size": [0.25, 0.75]},
								"down": {"uv": [0, 26.75], "uv_size": [0.25, -0.75]}
							}
						},
						{
							"origin": [0.71875, -0.78125, 2.21875],
							"size": [0.1875, 0.25, 0.25],
							"pivot": [0.8125, -0.6875, 2.375],
							"rotation": [-45, 0, 0],
							"uv": {
								"north": {"uv": [24, 27], "uv_size": [0.25, 0.25]},
								"south": {"uv": [27, 24], "uv_size": [0.25, 0.25]},
								"west": {"uv": [25, 27], "uv_size": [0.25, 0.25]},
								"up": {"uv": [27, 25], "uv_size": [0.25, 0.25]},
								"down": {"uv": [26, 27.25], "uv_size": [0.25, -0.25]}
							}
						},
						{
							"origin": [0.71875, -0.78125, 1.59375],
							"size": [0.1875, 0.25, 0.25],
							"pivot": [0.8125, -0.6875, 1.75],
							"rotation": [-45, 0, 0],
							"uv": {
								"north": {"uv": [27, 26], "uv_size": [0.25, 0.25]},
								"south": {"uv": [27, 27], "uv_size": [0.25, 0.25]},
								"west": {"uv": [0, 28], "uv_size": [0.25, 0.25]},
								"up": {"uv": [28, 0], "uv_size": [0.25, 0.25]},
								"down": {"uv": [1, 28.25], "uv_size": [0.25, -0.25]}
							}
						},
						{
							"origin": [0.71875, -0.78125, 2.875],
							"size": [0.1875, 0.25, 0.25],
							"pivot": [0.8125, -0.6875, 3.03125],
							"rotation": [-45, 0, 0],
							"uv": {
								"north": {"uv": [28, 1], "uv_size": [0.25, 0.25]},
								"south": {"uv": [2, 28], "uv_size": [0.25, 0.25]},
								"west": {"uv": [28, 2], "uv_size": [0.25, 0.25]},
								"up": {"uv": [3, 28], "uv_size": [0.25, 0.25]},
								"down": {"uv": [28, 3.25], "uv_size": [0.25, -0.25]}
							}
						},
						{
							"origin": [0.71875, -0.78125, 3.5],
							"size": [0.1875, 0.25, 0.25],
							"pivot": [0.8125, -0.6875, 3.65625],
							"rotation": [-45, 0, 0],
							"uv": {
								"north": {"uv": [4, 28], "uv_size": [0.25, 0.25]},
								"south": {"uv": [28, 4], "uv_size": [0.25, 0.25]},
								"west": {"uv": [5, 28], "uv_size": [0.25, 0.25]},
								"up": {"uv": [28, 5], "uv_size": [0.25, 0.25]},
								"down": {"uv": [6, 28.25], "uv_size": [0.25, -0.25]}
							}
						},
						{
							"origin": [0.71875, -0.78125, 4.125],
							"size": [0.1875, 0.25, 0.25],
							"pivot": [0.8125, -0.6875, 4.28125],
							"rotation": [-45, 0, 0],
							"uv": {
								"north": {"uv": [28, 6], "uv_size": [0.25, 0.25]},
								"south": {"uv": [7, 28], "uv_size": [0.25, 0.25]},
								"west": {"uv": [28, 7], "uv_size": [0.25, 0.25]},
								"up": {"uv": [8, 28], "uv_size": [0.25, 0.25]},
								"down": {"uv": [28, 8.25], "uv_size": [0.25, -0.25]}
							}
						},
						{
							"origin": [0.44645, -0.5625, 3.5],
							"size": [0.24105, 0.58773, 1.25],
							"inflate": 0.001,
							"uv": {
								"north": {"uv": [6, 26], "uv_size": [0.25, 0.5]},
								"east": {"uv": [17, 10], "uv_size": [1.25, 0.5]},
								"south": {"uv": [26, 6], "uv_size": [0.25, 0.5]},
								"down": {"uv": [18, 25.25], "uv_size": [0.25, -1.25]}
							}
						},
						{
							"origin": [0.6875, -0.0625, 3.5],
							"size": [0.1875, 0.375, 1.25],
							"pivot": [0.6875, 0.3125, 3.25],
							"rotation": [0, 0, 40],
							"uv": {
								"east": {"uv": [17, 11], "uv_size": [1.25, 0.5]},
								"south": {"uv": [7, 26], "uv_size": [0.25, 0.5]}
							}
						},
						{
							"origin": [0.6875, -0.3125, 1.5],
							"size": [0.5625, 0.625, 2],
							"pivot": [0.6875, 0.3125, 1.5],
							"rotation": [0, 0, 40],
							"uv": {
								"north": {"uv": [22, 21], "uv_size": [0.5, 0.75]},
								"east": {"uv": [9, 14], "uv_size": [2, 0.75]},
								"south": {"uv": [22, 22], "uv_size": [0.5, 0.75]},
								"west": {"uv": [14, 9], "uv_size": [2, 0.75]},
								"down": {"uv": [14, 16], "uv_size": [0.5, -2]}
							}
						},
						{
							"origin": [0.6875, -0.1875, 1.5],
							"size": [0.5625, 1, 3.25],
							"inflate": 0.001,
							"uv": {
								"north": {"uv": [20, 16], "uv_size": [0.5, 1]},
								"east": {"uv": [0, 0], "uv_size": [3.25, 1]},
								"south": {"uv": [20, 17], "uv_size": [0.5, 1]},
								"west": {"uv": [0, 1], "uv_size": [3.25, 1]},
								"down": {"uv": [6, 16.25], "uv_size": [0.5, -3.25]}
							}
						},
						{
							"origin": [0.8125, 0.8125, 1.5],
							"size": [0.3125, 0.125, 3.25],
							"inflate": 0.001,
							"uv": {
								"north": {"uv": [9, 28], "uv_size": [0.25, 0.25]},
								"south": {"uv": [28, 9], "uv_size": [0.25, 0.25]},
								"up": {"uv": [2, 15], "uv_size": [0.25, 3.25]}
							}
						},
						{
							"origin": [0.63572, 0.8125, 1.5],
							"size": [0.17678, 0.125, 3.25],
							"pivot": [0.8125, 0.9375, 4.75],
							"rotation": [0, 0, -45],
							"uv": {
								"north": {"uv": [10, 28], "uv_size": [0.25, 0.25]},
								"south": {"uv": [28, 10], "uv_size": [0.25, 0.25]},
								"up": {"uv": [3, 15], "uv_size": [0.25, 3.25]}
							}
						},
						{
							"origin": [1.125, 0.8125, 1.5],
							"size": [0.17678, 0.125, 3.25],
							"pivot": [1.125, 0.9375, 4.75],
							"rotation": [0, 0, 45],
							"uv": {
								"north": {"uv": [11, 28], "uv_size": [0.25, 0.25]},
								"south": {"uv": [28, 11], "uv_size": [0.25, 0.25]},
								"up": {"uv": [9, 15], "uv_size": [0.25, 3.25]}
							}
						},
						{
							"origin": [1, -0.19139, 1.5],
							"size": [0.25, 0.50244, 3.25],
							"pivot": [1.25, 0.3125, 4.75],
							"rotation": [0, 0, -29.74488],
							"uv": {
								"north": {"uv": [26, 7], "uv_size": [0.25, 0.5]},
								"east": {"uv": [11, 13], "uv_size": [3.25, 0.5]},
								"south": {"uv": [8, 26], "uv_size": [0.25, 0.5]},
								"west": {"uv": [0, 14], "uv_size": [3.25, 0.5]},
								"down": {"uv": [10, 18.25], "uv_size": [0.25, -3.25]}
							}
						},
						{
							"origin": [0.5, -0.5625, 1.5],
							"size": [0.375, 0.76291, 3.25],
							"inflate": 0.002,
							"pivot": [0.875, -0.5625, 4.75],
							"rotation": [0, 0, 60],
							"uv": {
								"north": {"uv": [23, 0], "uv_size": [0.5, 0.75]},
								"east": {"uv": [12, 7], "uv_size": [3.25, 0.75]},
								"south": {"uv": [23, 1], "uv_size": [0.5, 0.75]},
								"west": {"uv": [12, 8], "uv_size": [3.25, 0.75]},
								"up": {"uv": [7, 13], "uv_size": [0.5, 3.25]},
								"down": {"uv": [8, 16.25], "uv_size": [0.5, -3.25]}
							}
						},
						{
							"origin": [1.82416, 0.0625, -6],
							"size": [0.35168, 1.3125, 0.75],
							"pivot": [2, 0.71875, -5.25],
							"rotation": [0, 0, 150],
							"uv": {
								"north": {"uv": [24, 18], "uv_size": [0.25, 1.25]},
								"south": {"uv": [19, 24], "uv_size": [0.25, 1.25]},
								"up": {"uv": [26, 0], "uv_size": [0.25, 0.75]},
								"down": {"uv": [1, 26.75], "uv_size": [0.25, -0.75]}
							}
						},
						{
							"origin": [1.6875, 1.45313, -3.3125],
							"size": [0.625, 0.3125, 1.1875],
							"inflate": 0.002,
							"uv": {
								"east": {"uv": [24, 20], "uv_size": [1.25, 0.25]},
								"west": {"uv": [24, 21], "uv_size": [1.25, 0.25]},
								"up": {"uv": [0, 15], "uv_size": [0.75, 1.25]}
							}
						},
						{
							"origin": [1.6875, 1.40119, -3.3125],
							"size": [0.625, 0.36443, 0.16078],
							"pivot": [2.3125, 1.76563, -3.3125],
							"rotation": [-30.96376, 0, 0],
							"uv": {
								"north": {"uv": [26, 1], "uv_size": [0.75, 0.25]},
								"east": {"uv": [12, 28], "uv_size": [0.25, 0.25]},
								"west": {"uv": [28, 12], "uv_size": [0.25, 0.25]}
							}
						},
						{
							"origin": [1.6875, 1.40119, -2.28578],
							"size": [0.625, 0.36443, 0.16078],
							"pivot": [2.3125, 1.76563, -2.125],
							"rotation": [30.96376, 0, 0],
							"uv": {
								"east": {"uv": [13, 28], "uv_size": [0.25, 0.25]},
								"south": {"uv": [2, 26], "uv_size": [0.75, 0.25]},
								"west": {"uv": [28, 13], "uv_size": [0.25, 0.25]}
							}
						},
						{
							"origin": [1.4375, 1.625, -2.983],
							"size": [1.125, 0.1875, 0.46599],
							"inflate": 0.002,
							"uv": {
								"east": {"uv": [26, 8], "uv_size": [0.5, 0.25]},
								"west": {"uv": [9, 26], "uv_size": [0.5, 0.25]},
								"up": {"uv": [12, 17], "uv_size": [1.25, 0.5]},
								"down": {"uv": [17, 12.5], "uv_size": [1.25, -0.5]}
							}
						},
						{
							"origin": [1.4375, 1.625, -2.983],
							"size": [1.125, 0.1875, 0.46599],
							"pivot": [2, 2.0625, -2.75],
							"rotation": [0, -45, 0],
							"uv": {
								"east": {"uv": [26, 9], "uv_size": [0.5, 0.25]},
								"west": {"uv": [10, 26], "uv_size": [0.5, 0.25]},
								"up": {"uv": [17, 13], "uv_size": [1.25, 0.5]},
								"down": {"uv": [17, 14.5], "uv_size": [1.25, -0.5]}
							}
						},
						{
							"origin": [1.767, 1.625, -3.3125],
							"size": [0.46599, 0.1875, 1.125],
							"inflate": 0.001,
							"uv": {
								"north": {"uv": [26, 10], "uv_size": [0.5, 0.25]},
								"south": {"uv": [11, 26], "uv_size": [0.5, 0.25]},
								"up": {"uv": [17, 15], "uv_size": [0.5, 1.25]}
							}
						},
						{
							"origin": [1.767, 1.625, -3.3125],
							"size": [0.46599, 0.1875, 1.125],
							"pivot": [2, 2.0625, -2.75],
							"rotation": [0, -45, 0],
							"uv": {
								"north": {"uv": [26, 11], "uv_size": [0.5, 0.25]},
								"south": {"uv": [12, 26], "uv_size": [0.5, 0.25]},
								"up": {"uv": [17, 17], "uv_size": [0.5, 1.25]},
								"down": {"uv": [18, 1.25], "uv_size": [0.5, -1.25]}
							}
						},
						{
							"origin": [1.6875, 1.26563, -3.5],
							"size": [0.625, 0.1875, 1.5625],
							"inflate": 0.001,
							"uv": {
								"north": {"uv": [26, 2], "uv_size": [0.75, 0.25]},
								"east": {"uv": [23, 2], "uv_size": [1.5, 0.25]},
								"south": {"uv": [3, 26], "uv_size": [0.75, 0.25]},
								"west": {"uv": [23, 3], "uv_size": [1.5, 0.25]},
								"down": {"uv": [11, 15.5], "uv_size": [0.75, -1.5]}
							}
						},
						{
							"origin": [1.3125, 0.57813, -3.8125],
							"size": [1.375, 0.5625, 0.625],
							"uv": {
								"north": {"uv": [17, 8], "uv_size": [1.5, 0.5]},
								"east": {"uv": [23, 4], "uv_size": [0.75, 0.5]},
								"south": {"uv": [17, 9], "uv_size": [1.5, 0.5]},
								"west": {"uv": [5, 23], "uv_size": [0.75, 0.5]},
								"up": {"uv": [14, 10], "uv_size": [1.5, 0.75]},
								"down": {"uv": [12, 14.75], "uv_size": [1.5, -0.75]}
							}
						},
						{
							"origin": [2.07206, 1.0563, 0.34375],
							"size": [0.1875, 0.5625, 0.1875],
							"pivot": [2.16581, 1.33755, 0.4375],
							"rotation": [0, 45, 15],
							"uv": {
								"north": {"uv": [26, 12], "uv_size": [0.25, 0.5]},
								"east": {"uv": [13, 26], "uv_size": [0.25, 0.5]},
								"south": {"uv": [26, 13], "uv_size": [0.25, 0.5]},
								"west": {"uv": [14, 26], "uv_size": [0.25, 0.5]},
								"up": {"uv": [14, 28], "uv_size": [0.25, 0.25]},
								"down": {"uv": [28, 14.25], "uv_size": [0.25, -0.25]}
							}
						},
						{
							"origin": [1.0625, 0.76563, -3.625],
							"size": [1.875, 0.25, 0.25],
							"pivot": [1.375, 0.89063, -3.5],
							"rotation": [-45, 0, 0],
							"uv": {
								"north": {"uv": [20, 18], "uv_size": [2, 0.25]},
								"east": {"uv": [15, 28], "uv_size": [0.25, 0.25]},
								"south": {"uv": [19, 20], "uv_size": [2, 0.25]},
								"west": {"uv": [28, 15], "uv_size": [0.25, 0.25]},
								"up": {"uv": [0, 21], "uv_size": [2, 0.25]},
								"down": {"uv": [21, 0.25], "uv_size": [2, -0.25]}
							}
						},
						{
							"origin": [1.875, 1.45313, -3.5],
							"size": [0.25, 0.3125, 1.5625],
							"inflate": 0.001,
							"uv": {
								"north": {"uv": [16, 28], "uv_size": [0.25, 0.25]},
								"south": {"uv": [28, 16], "uv_size": [0.25, 0.25]},
								"up": {"uv": [23, 5], "uv_size": [0.25, 1.5]}
							}
						},
						{
							"origin": [1.875, 1.48438, -1.8125],
							"size": [0.25, 0.25, 0.25],
							"pivot": [2, 1.60938, -1.6875],
							"rotation": [0, 0, 42.5],
							"uv": {
								"north": {"uv": [17, 28], "uv_size": [0.25, 0.25]},
								"east": {"uv": [28, 17], "uv_size": [0.25, 0.25]},
								"south": {"uv": [18, 28], "uv_size": [0.25, 0.25]},
								"west": {"uv": [28, 18], "uv_size": [0.25, 0.25]},
								"up": {"uv": [19, 28], "uv_size": [0.25, 0.25]},
								"down": {"uv": [28, 19.25], "uv_size": [0.25, -0.25]}
							}
						},
						{
							"origin": [1.9375, 1.54688, -1.9375],
							"size": [0.125, 0.125, 0.125],
							"pivot": [2, 1.60938, -1.875],
							"rotation": [0, 0, 45],
							"uv": {
								"east": {"uv": [20, 28], "uv_size": [0.25, 0.25]},
								"west": {"uv": [28, 20], "uv_size": [0.25, 0.25]},
								"up": {"uv": [21, 28], "uv_size": [0.25, 0.25]},
								"down": {"uv": [28, 21.25], "uv_size": [0.25, -0.25]}
							}
						},
						{
							"origin": [2.125, 1.45313, -2.125],
							"size": [0.26517, 0.3125, 0.1875],
							"pivot": [2.125, 1.76563, -1.9375],
							"rotation": [0, 45, 0],
							"uv": {
								"north": {"uv": [22, 28], "uv_size": [0.25, 0.25]},
								"south": {"uv": [28, 22], "uv_size": [0.25, 0.25]},
								"west": {"uv": [23, 28], "uv_size": [0.25, 0.25]},
								"up": {"uv": [28, 23], "uv_size": [0.25, 0.25]},
								"down": {"uv": [24, 28.25], "uv_size": [0.25, -0.25]}
							}
						},
						{
							"origin": [1.60983, 1.45313, -2.125],
							"size": [0.26517, 0.3125, 0.1875],
							"pivot": [1.875, 1.76563, -1.9375],
							"rotation": [0, -45, 0],
							"uv": {
								"north": {"uv": [28, 24], "uv_size": [0.25, 0.25]},
								"east": {"uv": [25, 28], "uv_size": [0.25, 0.25]},
								"south": {"uv": [28, 25], "uv_size": [0.25, 0.25]},
								"up": {"uv": [26, 28], "uv_size": [0.25, 0.25]},
								"down": {"uv": [28, 26.25], "uv_size": [0.25, -0.25]}
							}
						},
						{
							"origin": [1.60983, 1.45313, -3.5],
							"size": [0.26517, 0.3125, 0.1875],
							"pivot": [1.875, 1.76563, -3.5],
							"rotation": [0, 45, 0],
							"uv": {
								"north": {"uv": [27, 28], "uv_size": [0.25, 0.25]},
								"east": {"uv": [28, 27], "uv_size": [0.25, 0.25]},
								"south": {"uv": [28, 28], "uv_size": [0.25, 0.25]},
								"up": {"uv": [0, 29], "uv_size": [0.25, 0.25]},
								"down": {"uv": [29, 0.25], "uv_size": [0.25, -0.25]}
							}
						},
						{
							"origin": [2.125, 1.45313, -3.5],
							"size": [0.26517, 0.3125, 0.1875],
							"pivot": [2.125, 1.76563, -3.5],
							"rotation": [0, -45, 0],
							"uv": {
								"north": {"uv": [1, 29], "uv_size": [0.25, 0.25]},
								"south": {"uv": [29, 1], "uv_size": [0.25, 0.25]},
								"west": {"uv": [2, 29], "uv_size": [0.25, 0.25]},
								"up": {"uv": [29, 2], "uv_size": [0.25, 0.25]},
								"down": {"uv": [3, 29.25], "uv_size": [0.25, -0.25]}
							}
						}
					]
				},
				{
					"name": "ocular_ring",
					"parent": "scope_body",
					"pivot": [2, 0.71875, 9.3125],
					"cubes": [
						{
							"origin": [1.81352, 1.59375, 9.5625],
							"size": [0.37296, 0.0625, 0.25],
							"pivot": [2, 0.71875, 9.3125],
							"rotation": [0, 0, -45],
							"uv": {
								"south": {"uv": [11, 27], "uv_size": [0.25, 0.25]},
								"up": {"uv": [27, 11], "uv_size": [0.25, 0.25]},
								"down": {"uv": [12, 27.25], "uv_size": [0.25, -0.25]}
							}
						},
						{
							"origin": [1.0625, 0.53227, 9.5625],
							"size": [0.0625, 0.37296, 0.25],
							"pivot": [2, 0.71875, 9.3125],
							"rotation": [0, 0, 22.5],
							"uv": {
								"east": {"uv": [27, 12], "uv_size": [0.25, 0.25]},
								"south": {"uv": [13, 27], "uv_size": [0.25, 0.25]},
								"west": {"uv": [27, 13], "uv_size": [0.25, 0.25]}
							}
						},
						{
							"origin": [1.0625, 0.53227, 9.5625],
							"size": [0.0625, 0.37296, 0.25],
							"uv": {
								"east": {"uv": [14, 27], "uv_size": [0.25, 0.25]},
								"south": {"uv": [27, 14], "uv_size": [0.25, 0.25]},
								"west": {"uv": [15, 27], "uv_size": [0.25, 0.25]}
							}
						},
						{
							"origin": [1.0625, 0.53227, 9.5625],
							"size": [0.0625, 0.37296, 0.25],
							"pivot": [2, 0.71875, 9.3125],
							"rotation": [0, 0, -22.5],
							"uv": {
								"east": {"uv": [27, 15], "uv_size": [0.25, 0.25]},
								"south": {"uv": [16, 27], "uv_size": [0.25, 0.25]},
								"west": {"uv": [27, 16], "uv_size": [0.25, 0.25]}
							}
						},
						{
							"origin": [1.81352, -0.21875, 9.5625],
							"size": [0.37296, 0.0625, 0.25],
							"pivot": [2, 0.71875, 9.3125],
							"rotation": [0, 0, 45],
							"uv": {
								"south": {"uv": [17, 27], "uv_size": [0.25, 0.25]},
								"up": {"uv": [27, 17], "uv_size": [0.25, 0.25]},
								"down": {"uv": [18, 27.25], "uv_size": [0.25, -0.25]}
							}
						},
						{
							"origin": [1.81352, -0.21875, 9.5625],
							"size": [0.37296, 0.0625, 0.25],
							"pivot": [2, 0.71875, 9.3125],
							"rotation": [0, 0, 22.5],
							"uv": {
								"south": {"uv": [27, 18], "uv_size": [0.25, 0.25]},
								"up": {"uv": [19, 27], "uv_size": [0.25, 0.25]},
								"down": {"uv": [27, 19.25], "uv_size": [0.25, -0.25]}
							}
						},
						{
							"origin": [1.81352, -0.21875, 9.5625],
							"size": [0.37296, 0.0625, 0.25],
							"uv": {
								"south": {"uv": [27, 0], "uv_size": [0.25, 0.25]},
								"up": {"uv": [1, 27], "uv_size": [0.25, 0.25]},
								"down": {"uv": [27, 1.25], "uv_size": [0.25, -0.25]}
							}
						},
						{
							"origin": [1.81352, -0.21875, 9.5625],
							"size": [0.37296, 0.0625, 0.25],
							"pivot": [2, 0.71875, 9.3125],
							"rotation": [0, 0, -22.5],
							"uv": {
								"south": {"uv": [24, 26], "uv_size": [0.25, 0.25]},
								"up": {"uv": [26, 24], "uv_size": [0.25, 0.25]},
								"down": {"uv": [25, 26.25], "uv_size": [0.25, -0.25]}
							}
						},
						{
							"origin": [1.81352, -0.21875, 9.5625],
							"size": [0.37296, 0.0625, 0.25],
							"pivot": [2, 0.71875, 9.3125],
							"rotation": [0, 0, -45],
							"uv": {
								"south": {"uv": [26, 22], "uv_size": [0.25, 0.25]},
								"up": {"uv": [23, 26], "uv_size": [0.25, 0.25]},
								"down": {"uv": [26, 23.25], "uv_size": [0.25, -0.25]}
							}
						},
						{
							"origin": [2.875, 0.53227, 9.5625],
							"size": [0.0625, 0.37296, 0.25],
							"pivot": [2, 0.71875, 9.3125],
							"rotation": [0, 0, 22.5],
							"uv": {
								"east": {"uv": [8, 27], "uv_size": [0.25, 0.25]},
								"south": {"uv": [27, 8], "uv_size": [0.25, 0.25]},
								"west": {"uv": [9, 27], "uv_size": [0.25, 0.25]}
							}
						},
						{
							"origin": [2.875, 0.53227, 9.5625],
							"size": [0.0625, 0.37296, 0.25],
							"uv": {
								"east": {"uv": [27, 6], "uv_size": [0.25, 0.25]},
								"south": {"uv": [7, 27], "uv_size": [0.25, 0.25]},
								"west": {"uv": [27, 7], "uv_size": [0.25, 0.25]}
							}
						},
						{
							"origin": [2.875, 0.53227, 9.5625],
							"size": [0.0625, 0.37296, 0.25],
							"pivot": [2, 0.71875, 9.3125],
							"rotation": [0, 0, -22.5],
							"uv": {
								"east": {"uv": [5, 27], "uv_size": [0.25, 0.25]},
								"south": {"uv": [27, 5], "uv_size": [0.25, 0.25]},
								"west": {"uv": [6, 27], "uv_size": [0.25, 0.25]}
							}
						},
						{
							"origin": [1.81352, 1.59375, 9.5625],
							"size": [0.37296, 0.0625, 0.25],
							"pivot": [2, 0.71875, 9.3125],
							"rotation": [0, 0, 45],
							"uv": {
								"south": {"uv": [27, 3], "uv_size": [0.25, 0.25]},
								"up": {"uv": [4, 27], "uv_size": [0.25, 0.25]},
								"down": {"uv": [27, 4.25], "uv_size": [0.25, -0.25]}
							}
						},
						{
							"origin": [1.81352, 1.59375, 9.5625],
							"size": [0.37296, 0.0625, 0.25],
							"pivot": [2, 0.71875, 9.3125],
							"rotation": [0, 0, 22.5],
							"uv": {
								"south": {"uv": [2, 27], "uv_size": [0.25, 0.25]},
								"up": {"uv": [27, 2], "uv_size": [0.25, 0.25]},
								"down": {"uv": [3, 27.25], "uv_size": [0.25, -0.25]}
							}
						},
						{
							"origin": [1.81352, 1.59375, 9.5625],
							"size": [0.37296, 0.0625, 0.25],
							"uv": {
								"south": {"uv": [26, 25], "uv_size": [0.25, 0.25]},
								"up": {"uv": [26, 26], "uv_size": [0.25, 0.25]},
								"down": {"uv": [0, 27.25], "uv_size": [0.25, -0.25]}
							}
						},
						{
							"origin": [1.81352, 1.59375, 9.5625],
							"size": [0.37296, 0.0625, 0.25],
							"pivot": [2, 0.71875, 9.3125],
							"rotation": [0, 0, -22.5],
							"uv": {
								"south": {"uv": [27, 9], "uv_size": [0.25, 0.25]},
								"up": {"uv": [10, 27], "uv_size": [0.25, 0.25]},
								"down": {"uv": [27, 10.25], "uv_size": [0.25, -0.25]}
							}
						}
					]
				},
				{
					"name": "ocular",
					"parent": "scope_body",
					"pivot": [2, 0.71875, 9.4375],
					"cubes": [
						{
							"origin": [1.125, 0.5447, 9.3125],
							"size": [1.75, 0.3481, 0.25],
							"inflate": 0.003,
							"uv": {
								"south": {"uv": [21, 3], "uv_size": [1.75, 0.25]}
							}
						},
						{
							"origin": [1.125, 0.5447, 9.3125],
							"size": [1.75, 0.3481, 0.25],
							"pivot": [2, 0.71875, 9.3125],
							"rotation": [0, 0, 22.5],
							"uv": {
								"south": {"uv": [3, 21], "uv_size": [1.75, 0.25]}
							}
						},
						{
							"origin": [1.82595, -0.15625, 9.3125],
							"size": [0.3481, 1.75, 0.25],
							"inflate": 0.001,
							"pivot": [2, 0.71875, 9.3125],
							"rotation": [0, 0, -45],
							"uv": {
								"south": {"uv": [21, 1], "uv_size": [0.25, 1.75]}
							}
						},
						{
							"origin": [1.82595, -0.15625, 9.3125],
							"size": [0.3481, 1.75, 0.25],
							"pivot": [2, 0.71875, 9.3125],
							"rotation": [0, 0, -22.5],
							"uv": {
								"south": {"uv": [7, 21], "uv_size": [0.25, 1.75]}
							}
						},
						{
							"origin": [1.82595, -0.15625, 9.3125],
							"size": [0.3481, 1.75, 0.25],
							"pivot": [2, 0.71875, 9.3125],
							"rotation": [0, 0, 22.5],
							"uv": {
								"south": {"uv": [21, 5], "uv_size": [0.25, 1.75]}
							}
						},
						{
							"origin": [1.82595, -0.15625, 9.3125],
							"size": [0.3481, 1.75, 0.25],
							"inflate": 0.002,
							"uv": {
								"south": {"uv": [6, 21], "uv_size": [0.25, 1.75]}
							}
						},
						{
							"origin": [1.125, 0.5447, 9.3125],
							"size": [1.75, 0.3481, 0.25],
							"pivot": [2, 0.71875, 9.3125],
							"rotation": [0, 0, -22.5],
							"uv": {
								"south": {"uv": [21, 4], "uv_size": [1.75, 0.25]}
							}
						},
						{
							"origin": [1.82595, -0.15625, 9.3125],
							"size": [0.3481, 1.75, 0.25],
							"inflate": 0.001,
							"pivot": [2, 0.71875, 9.3125],
							"rotation": [0, 0, 45],
							"uv": {
								"south": {"uv": [5, 21], "uv_size": [0.25, 1.75]}
							}
						}
					]
				},
				{
					"name": "division",
					"pivot": [1.91563, 0.07813, -109.575],
					"cubes": [
						{
							"origin": [-24.1875, -26.18749, -110.75],
							"size": [52.375, 52.40625, 0.25],
							"uv": {
								"south": {"uv": [1.25, 31.21875], "uv_size": [95.96875, 96.03125]}
							}
						},
						{
							"origin": [-90.89375, -76.17187, -110.75],
							"size": [66.70625, 152.375, 0.25],
							"uv": {
								"south": {"uv": [82.21875, 117.375], "uv_size": [1, 1]}
							}
						},
						{
							"origin": [28.1875, -76.17187, -110.75],
							"size": [67.26875, 152.375, 0.25],
							"uv": {
								"south": {"uv": [82.28125, 117.5625], "uv_size": [1, 1]}
							}
						},
						{
							"origin": [-24.1875, 26.20313, -110.75],
							"size": [52.375, 50, 0.25],
							"uv": {
								"south": {"uv": [81.375, 116.5], "uv_size": [1, 1]}
							}
						},
						{
							"origin": [-24.1875, -76.17187, -110.75],
							"size": [52.375, 50, 0.25],
							"uv": {
								"south": {"uv": [80.25, 116.78125], "uv_size": [1, 1]}
							}
						}
					]
				},
				{
					"name": "crosshair_illuminated",
					"parent": "division",
					"pivot": [0.92769, -5.77024, -110.375],
					"cubes": [
						{
							"origin": [-24.75, 0.04688, -110.375],
							"size": [26.75, 0.71875, 0],
							"pivot": [2, 0.40625, -110.375],
							"rotation": [0, 0, -90],
							"uv": {
								"south": {"uv": [3, 116.75], "uv_size": [14.5, 0.375]}
							}
						},
						{
							"origin": [1.64062, -0.10198, -110.375],
							"size": [0.50823, 0.50823, 0],
							"pivot": [1.64062, 0.40625, -110.375],
							"rotation": [0, 0, -45],
							"uv": {
								"south": {"uv": [3, 116.75], "uv_size": [14.5, 0.375]}
							}
						},
						{
							"origin": [1.76563, -27.21874, -110.375],
							"size": [0.21875, 53.875, 0],
							"pivot": [2, -0.28125, -110.375],
							"rotation": [0, 0, -90],
							"uv": {
								"south": {"uv": [9.5, 112], "uv_size": [0.375, 14.5]}
							}
						}
					]
				},
				{
					"name": "cross_illuminated",
					"parent": "division",
					"pivot": [2, 0.65625, -110.3125]
				},
				{
					"name": "scope_view",
					"pivot": [2, 0.71875, 14]
				}
			]
		}
	]
}