{
	"format_version": "1.21.0",
	"minecraft:geometry": [
		{
			"description": {
				"identifier": "geometry.unknown",
				"texture_width": 128,
				"texture_height": 128,
				"visible_bounds_width": 16,
				"visible_bounds_height": 11,
				"visible_bounds_offset": [0, 0.5, 0]
			},
			"bones": [
				{
					"name": "scope_body",
					"pivot": [0, 2.0625, 3.875],
					"cubes": [
						{
							"origin": [-0.18422, 2.625, 3.875],
							"size": [0.36843, 0.125, 4.4375],
							"pivot": [0, 2.0625, 8.5625],
							"rotation": [0, 0, 30],
							"uv": {
								"north": {"uv": [11, 34], "uv_size": [0.25, 0.25]},
								"east": {"uv": [9.25333, 14], "uv_size": [4.49667, 0.25]},
								"south": {"uv": [34, 11], "uv_size": [0.25, 0.25]},
								"west": {"uv": [14, 11], "uv_size": [4.49667, 0.25]},
								"up": {"uv": [14, 12.25333], "uv_size": [0.25, 4.49667]},
								"down": {"uv": [3, 19.75], "uv_size": [0.25, -4.49667]}
							}
						},
						{
							"origin": [-0.18422, 1.375, 3.875],
							"size": [0.36843, 0.125, 4.4375],
							"pivot": [0, 2.0625, 8.5625],
							"rotation": [0, 0, 150],
							"uv": {
								"north": {"uv": [12, 34], "uv_size": [0.25, 0.25]},
								"east": {"uv": [15.25333, 0], "uv_size": [4.49667, 0.25]},
								"south": {"uv": [34, 12], "uv_size": [0.25, 0.25]},
								"west": {"uv": [15, 1], "uv_size": [4.49667, 0.25]},
								"up": {"uv": [4, 15.25333], "uv_size": [0.25, 4.49667]},
								"down": {"uv": [5, 19.75], "uv_size": [0.25, -4.49667]}
							}
						},
						{
							"origin": [-0.18422, 2.625, 3.875],
							"size": [0.36843, 0.125, 4.4375],
							"uv": {
								"north": {"uv": [13, 34], "uv_size": [0.25, 0.25]},
								"east": {"uv": [15.25333, 2], "uv_size": [4.49667, 0.25]},
								"south": {"uv": [34, 13], "uv_size": [0.25, 0.25]},
								"west": {"uv": [15, 3], "uv_size": [4.49667, 0.25]},
								"up": {"uv": [6, 15.25333], "uv_size": [0.25, 4.49667]},
								"down": {"uv": [9, 19.75], "uv_size": [0.25, -4.49667]}
							}
						},
						{
							"origin": [-0.18422, 1.375, 3.875],
							"size": [0.36843, 0.125, 4.4375],
							"pivot": [0, 2.0625, 8.5625],
							"rotation": [0, 0, 120],
							"uv": {
								"north": {"uv": [14, 34], "uv_size": [0.25, 0.25]},
								"east": {"uv": [15.25333, 8], "uv_size": [4.49667, 0.25]},
								"south": {"uv": [34, 14], "uv_size": [0.25, 0.25]},
								"west": {"uv": [15, 9], "uv_size": [4.49667, 0.25]},
								"up": {"uv": [10, 15.25333], "uv_size": [0.25, 4.49667]},
								"down": {"uv": [11, 19.75], "uv_size": [0.25, -4.49667]}
							}
						},
						{
							"origin": [-0.18422, 2.625, 3.875],
							"size": [0.36843, 0.125, 4.4375],
							"pivot": [0, 2.0625, 8.5625],
							"rotation": [0, 0, -90],
							"uv": {
								"north": {"uv": [15, 34], "uv_size": [0.25, 0.25]},
								"east": {"uv": [15.25333, 10], "uv_size": [4.49667, 0.25]},
								"south": {"uv": [34, 15], "uv_size": [0.25, 0.25]},
								"west": {"uv": [15, 12], "uv_size": [4.49667, 0.25]},
								"up": {"uv": [12, 15.25333], "uv_size": [0.25, 4.49667]},
								"down": {"uv": [13, 19.75], "uv_size": [0.25, -4.49667]}
							}
						},
						{
							"origin": [-0.18422, 2.625, 3.875],
							"size": [0.36843, 0.125, 4.4375],
							"pivot": [0, 2.0625, 8.5625],
							"rotation": [0, 0, -120],
							"uv": {
								"north": {"uv": [16, 34], "uv_size": [0.25, 0.25]},
								"east": {"uv": [15.25333, 13], "uv_size": [4.49667, 0.25]},
								"south": {"uv": [34, 16], "uv_size": [0.25, 0.25]},
								"west": {"uv": [15, 14], "uv_size": [4.49667, 0.25]},
								"up": {"uv": [15, 15.25333], "uv_size": [0.25, 4.49667]},
								"down": {"uv": [0, 20.75], "uv_size": [0.25, -4.49667]}
							}
						},
						{
							"origin": [-0.18422, 2.625, 3.875],
							"size": [0.36843, 0.125, 4.4375],
							"pivot": [0, 2.0625, 8.5625],
							"rotation": [0, 0, -150],
							"uv": {
								"north": {"uv": [17, 34], "uv_size": [0.25, 0.25]},
								"east": {"uv": [16.25333, 4], "uv_size": [4.49667, 0.25]},
								"south": {"uv": [34, 17], "uv_size": [0.25, 0.25]},
								"west": {"uv": [16, 5], "uv_size": [4.49667, 0.25]},
								"up": {"uv": [1, 16.25333], "uv_size": [0.25, 4.49667]},
								"down": {"uv": [2, 20.75], "uv_size": [0.25, -4.49667]}
							}
						},
						{
							"origin": [-0.18422, 1.375, 3.875],
							"size": [0.36843, 0.125, 4.4375],
							"uv": {
								"north": {"uv": [18, 34], "uv_size": [0.25, 0.25]},
								"east": {"uv": [16.25333, 15], "uv_size": [4.49667, 0.25]},
								"south": {"uv": [34, 18], "uv_size": [0.25, 0.25]},
								"west": {"uv": [16, 16], "uv_size": [4.49667, 0.25]},
								"up": {"uv": [8, 16.25333], "uv_size": [0.25, 4.49667]},
								"down": {"uv": [7, 21.75], "uv_size": [0.25, -4.49667]}
							}
						},
						{
							"origin": [-0.18422, 1.375, 3.875],
							"size": [0.36843, 0.125, 4.4375],
							"pivot": [0, 2.0625, 8.5625],
							"rotation": [0, 0, -60],
							"uv": {
								"north": {"uv": [19, 34], "uv_size": [0.25, 0.25]},
								"east": {"uv": [17.25333, 6], "uv_size": [4.49667, 0.25]},
								"south": {"uv": [34, 19], "uv_size": [0.25, 0.25]},
								"west": {"uv": [17, 7], "uv_size": [4.49667, 0.25]},
								"up": {"uv": [14, 17.25333], "uv_size": [0.25, 4.49667]},
								"down": {"uv": [16, 21.75], "uv_size": [0.25, -4.49667]}
							}
						},
						{
							"origin": [-0.18422, 1.375, 3.875],
							"size": [0.36843, 0.125, 4.4375],
							"pivot": [0, 2.0625, 8.5625],
							"rotation": [0, 0, -30],
							"uv": {
								"north": {"uv": [20, 34], "uv_size": [0.25, 0.25]},
								"east": {"uv": [17.25333, 17], "uv_size": [4.49667, 0.25]},
								"south": {"uv": [34, 20], "uv_size": [0.25, 0.25]},
								"west": {"uv": [17, 18], "uv_size": [4.49667, 0.25]},
								"up": {"uv": [17, 19.25333], "uv_size": [0.25, 4.49667]},
								"down": {"uv": [18, 23.75], "uv_size": [0.25, -4.49667]}
							}
						},
						{
							"origin": [-0.18422, 2.625, 3.875],
							"size": [0.36843, 0.125, 4.4375],
							"pivot": [0, 2.0625, 8.5625],
							"rotation": [0, 0, 90],
							"uv": {
								"north": {"uv": [21, 34], "uv_size": [0.25, 0.25]},
								"east": {"uv": [19.25333, 11], "uv_size": [4.49667, 0.25]},
								"south": {"uv": [34, 21], "uv_size": [0.25, 0.25]},
								"west": {"uv": [19, 19], "uv_size": [4.49667, 0.25]},
								"up": {"uv": [3, 20.25333], "uv_size": [0.25, 4.49667]},
								"down": {"uv": [4, 24.75], "uv_size": [0.25, -4.49667]}
							}
						},
						{
							"origin": [-0.18422, 2.625, 3.875],
							"size": [0.36843, 0.125, 4.4375],
							"pivot": [0, 2.0625, 8.5625],
							"rotation": [0, 0, 60],
							"uv": {
								"north": {"uv": [22, 34], "uv_size": [0.25, 0.25]},
								"east": {"uv": [20.25333, 0], "uv_size": [4.49667, 0.25]},
								"south": {"uv": [34, 22], "uv_size": [0.25, 0.25]},
								"west": {"uv": [20, 1], "uv_size": [4.49667, 0.25]},
								"up": {"uv": [5, 20.25333], "uv_size": [0.25, 4.49667]},
								"down": {"uv": [6, 24.75], "uv_size": [0.25, -4.49667]}
							}
						},
						{
							"origin": [-0.16747, 1.4375, 0.4375],
							"size": [0.33494, 1.25, 3.4375],
							"pivot": [0, 2.0625, 3.875],
							"rotation": [0, 0, 30],
							"uv": {
								"north": {"uv": [25, 27], "uv_size": [0.25, 1.25]},
								"east": {"uv": [0, 2], "uv_size": [3.5, 1.25]},
								"south": {"uv": [27, 25], "uv_size": [0.25, 1.25]},
								"west": {"uv": [0, 4], "uv_size": [3.5, 1.25]},
								"up": {"uv": [11, 20], "uv_size": [0.25, 3.5]},
								"down": {"uv": [12, 23.5], "uv_size": [0.25, -3.5]}
							}
						},
						{
							"origin": [-0.16747, 1.4375, 0.4375],
							"size": [0.33494, 1.25, 3.4375],
							"pivot": [0, 2.0625, 3.875],
							"rotation": [0, 0, 60],
							"uv": {
								"north": {"uv": [26, 27], "uv_size": [0.25, 1.25]},
								"east": {"uv": [4, 2], "uv_size": [3.5, 1.25]},
								"south": {"uv": [27, 27], "uv_size": [0.25, 1.25]},
								"west": {"uv": [4, 4], "uv_size": [3.5, 1.25]},
								"up": {"uv": [13, 20], "uv_size": [0.25, 3.5]},
								"down": {"uv": [15, 23.5], "uv_size": [0.25, -3.5]}
							}
						},
						{
							"origin": [-0.16747, 1.4375, 0.4375],
							"size": [0.33494, 1.25, 3.4375],
							"pivot": [0, 2.0625, 3.875],
							"rotation": [0, 0, 90],
							"uv": {
								"north": {"uv": [0, 28], "uv_size": [0.25, 1.25]},
								"east": {"uv": [0, 6], "uv_size": [3.5, 1.25]},
								"south": {"uv": [28, 0], "uv_size": [0.25, 1.25]},
								"west": {"uv": [6, 0], "uv_size": [3.5, 1.25]},
								"up": {"uv": [19, 20], "uv_size": [0.25, 3.5]},
								"down": {"uv": [20, 23.5], "uv_size": [0.25, -3.5]}
							}
						},
						{
							"origin": [-0.16747, 1.4375, 0.4375],
							"size": [0.33494, 1.25, 3.4375],
							"pivot": [0, 2.0625, 3.875],
							"rotation": [0, 0, 120],
							"uv": {
								"north": {"uv": [1, 28], "uv_size": [0.25, 1.25]},
								"east": {"uv": [4, 6], "uv_size": [3.5, 1.25]},
								"south": {"uv": [2, 28], "uv_size": [0.25, 1.25]},
								"west": {"uv": [0, 8], "uv_size": [3.5, 1.25]},
								"up": {"uv": [0, 21], "uv_size": [0.25, 3.5]},
								"down": {"uv": [1, 24.5], "uv_size": [0.25, -3.5]}
							}
						},
						{
							"origin": [-0.16747, 1.4375, 0.4375],
							"size": [0.33494, 1.25, 3.4375],
							"pivot": [0, 2.0625, 3.875],
							"rotation": [0, 0, 150],
							"uv": {
								"north": {"uv": [3, 28], "uv_size": [0.25, 1.25]},
								"east": {"uv": [8, 2], "uv_size": [3.5, 1.25]},
								"south": {"uv": [4, 28], "uv_size": [0.25, 1.25]},
								"west": {"uv": [4, 8], "uv_size": [3.5, 1.25]},
								"up": {"uv": [2, 21], "uv_size": [0.25, 3.5]},
								"down": {"uv": [8, 24.5], "uv_size": [0.25, -3.5]}
							}
						},
						{
							"origin": [-0.16747, 1.4375, 0.4375],
							"size": [0.33494, 1.25, 3.4375],
							"uv": {
								"north": {"uv": [28, 4], "uv_size": [0.25, 1.25]},
								"east": {"uv": [8, 4], "uv_size": [3.5, 1.25]},
								"south": {"uv": [6, 28], "uv_size": [0.25, 1.25]},
								"west": {"uv": [8, 6], "uv_size": [3.5, 1.25]},
								"up": {"uv": [9, 21], "uv_size": [0.25, 3.5]},
								"down": {"uv": [10, 24.5], "uv_size": [0.25, -3.5]}
							}
						},
						{
							"origin": [-0.20096, 1.3125, 0.8125],
							"size": [0.40192, 1.5, 1],
							"pivot": [0, 2.0625, 1.8125],
							"rotation": [0, 0, 30],
							"uv": {
								"north": {"uv": [20, 9], "uv_size": [0.5, 1.5]},
								"east": {"uv": [9, 12], "uv_size": [1, 1.5]},
								"south": {"uv": [20, 12], "uv_size": [0.5, 1.5]},
								"west": {"uv": [10, 12], "uv_size": [1, 1.5]},
								"up": {"uv": [25, 0], "uv_size": [0.5, 1]},
								"down": {"uv": [1, 26], "uv_size": [0.5, -1]}
							}
						},
						{
							"origin": [-0.20096, 1.3125, 0.8125],
							"size": [0.40192, 1.5, 1],
							"pivot": [0, 2.0625, 1.8125],
							"rotation": [0, 0, 60],
							"uv": {
								"north": {"uv": [21, 4], "uv_size": [0.5, 1.5]},
								"east": {"uv": [12, 10], "uv_size": [1, 1.5]},
								"south": {"uv": [21, 9], "uv_size": [0.5, 1.5]},
								"west": {"uv": [11, 12], "uv_size": [1, 1.5]},
								"up": {"uv": [25, 1], "uv_size": [0.5, 1]},
								"down": {"uv": [2, 26], "uv_size": [0.5, -1]}
							}
						},
						{
							"origin": [-0.20096, 1.3125, 0.8125],
							"size": [0.40192, 1.5, 1],
							"uv": {
								"north": {"uv": [21, 12], "uv_size": [0.5, 1.5]},
								"east": {"uv": [12, 12], "uv_size": [1, 1.5]},
								"south": {"uv": [21, 14], "uv_size": [0.5, 1.5]},
								"west": {"uv": [13, 6], "uv_size": [1, 1.5]},
								"up": {"uv": [25, 2], "uv_size": [0.5, 1]},
								"down": {"uv": [3, 26], "uv_size": [0.5, -1]}
							}
						},
						{
							"origin": [-0.20096, 1.3125, 0.8125],
							"size": [0.40192, 1.5, 1],
							"pivot": [0, 2.0625, 1.8125],
							"rotation": [0, 0, 90],
							"uv": {
								"north": {"uv": [21, 20], "uv_size": [0.5, 1.5]},
								"east": {"uv": [13, 8], "uv_size": [1, 1.5]},
								"south": {"uv": [22, 2], "uv_size": [0.5, 1.5]},
								"west": {"uv": [13, 10], "uv_size": [1, 1.5]},
								"up": {"uv": [25, 3], "uv_size": [0.5, 1]},
								"down": {"uv": [4, 26], "uv_size": [0.5, -1]}
							}
						},
						{
							"origin": [-0.20096, 1.3125, 0.8125],
							"size": [0.40192, 1.5, 1],
							"pivot": [0, 2.0625, 1.8125],
							"rotation": [0, 0, 150],
							"uv": {
								"north": {"uv": [22, 4], "uv_size": [0.5, 1.5]},
								"east": {"uv": [13, 12], "uv_size": [1, 1.5]},
								"south": {"uv": [22, 6], "uv_size": [0.5, 1.5]},
								"west": {"uv": [14, 0], "uv_size": [1, 1.5]},
								"up": {"uv": [25, 4], "uv_size": [0.5, 1]},
								"down": {"uv": [5, 26], "uv_size": [0.5, -1]}
							}
						},
						{
							"origin": [-0.20096, 1.3125, 0.8125],
							"size": [0.40192, 1.5, 1],
							"pivot": [0, 2.0625, 1.8125],
							"rotation": [0, 0, 120],
							"uv": {
								"north": {"uv": [7, 22], "uv_size": [0.5, 1.5]},
								"east": {"uv": [2, 14], "uv_size": [1, 1.5]},
								"south": {"uv": [22, 8], "uv_size": [0.5, 1.5]},
								"west": {"uv": [14, 2], "uv_size": [1, 1.5]},
								"up": {"uv": [25, 5], "uv_size": [0.5, 1]},
								"down": {"uv": [6, 26], "uv_size": [0.5, -1]}
							}
						},
						{
							"origin": [-0.20096, 1.3125, 2.75],
							"size": [0.40192, 1.5, 1.125],
							"uv": {
								"north": {"uv": [22, 12], "uv_size": [0.5, 1.5]},
								"east": {"uv": [10, 0], "uv_size": [1.25, 1.5]},
								"south": {"uv": [14, 22], "uv_size": [0.5, 1.5]},
								"west": {"uv": [2, 10], "uv_size": [1.25, 1.5]},
								"up": {"uv": [13, 24], "uv_size": [0.5, 1.25]},
								"down": {"uv": [24, 14.25], "uv_size": [0.5, -1.25]}
							}
						},
						{
							"origin": [-0.20096, 1.3125, 2.75],
							"size": [0.40192, 1.5, 1.125],
							"pivot": [0, 2.0625, 3.875],
							"rotation": [0, 0, 30],
							"uv": {
								"north": {"uv": [22, 14], "uv_size": [0.5, 1.5]},
								"east": {"uv": [4, 10], "uv_size": [1.25, 1.5]},
								"south": {"uv": [16, 22], "uv_size": [0.5, 1.5]},
								"west": {"uv": [6, 10], "uv_size": [1.25, 1.5]},
								"up": {"uv": [14, 24], "uv_size": [0.5, 1.25]},
								"down": {"uv": [15, 25.25], "uv_size": [0.5, -1.25]}
							}
						},
						{
							"origin": [-0.20096, 1.3125, 2.75],
							"size": [0.40192, 1.5, 1.125],
							"pivot": [0, 2.0625, 3.875],
							"rotation": [0, 0, 60],
							"uv": {
								"north": {"uv": [22, 16], "uv_size": [0.5, 1.5]},
								"east": {"uv": [8, 10], "uv_size": [1.25, 1.5]},
								"south": {"uv": [22, 20], "uv_size": [0.5, 1.5]},
								"west": {"uv": [10, 10], "uv_size": [1.25, 1.5]},
								"up": {"uv": [24, 15], "uv_size": [0.5, 1.25]},
								"down": {"uv": [16, 25.25], "uv_size": [0.5, -1.25]}
							}
						},
						{
							"origin": [-0.20096, 1.3125, 2.75],
							"size": [0.40192, 1.5, 1.125],
							"pivot": [0, 2.0625, 3.875],
							"rotation": [0, 0, 150],
							"uv": {
								"north": {"uv": [21, 22], "uv_size": [0.5, 1.5]},
								"east": {"uv": [12, 0], "uv_size": [1.25, 1.5]},
								"south": {"uv": [22, 22], "uv_size": [0.5, 1.5]},
								"west": {"uv": [2, 12], "uv_size": [1.25, 1.5]},
								"up": {"uv": [17, 24], "uv_size": [0.5, 1.25]},
								"down": {"uv": [24, 18.25], "uv_size": [0.5, -1.25]}
							}
						},
						{
							"origin": [-0.20096, 1.3125, 2.75],
							"size": [0.40192, 1.5, 1.125],
							"pivot": [0, 2.0625, 3.875],
							"rotation": [0, 0, 120],
							"uv": {
								"north": {"uv": [23, 2], "uv_size": [0.5, 1.5]},
								"east": {"uv": [12, 2], "uv_size": [1.25, 1.5]},
								"south": {"uv": [23, 4], "uv_size": [0.5, 1.5]},
								"west": {"uv": [4, 12], "uv_size": [1.25, 1.5]},
								"up": {"uv": [18, 24], "uv_size": [0.5, 1.25]},
								"down": {"uv": [19, 25.25], "uv_size": [0.5, -1.25]}
							}
						},
						{
							"origin": [-0.20096, 1.3125, 2.75],
							"size": [0.40192, 1.5, 1.125],
							"pivot": [0, 2.0625, 3.875],
							"rotation": [0, 0, 90],
							"uv": {
								"north": {"uv": [23, 6], "uv_size": [0.5, 1.5]},
								"east": {"uv": [12, 4], "uv_size": [1.25, 1.5]},
								"south": {"uv": [23, 8], "uv_size": [0.5, 1.5]},
								"west": {"uv": [6, 12], "uv_size": [1.25, 1.5]},
								"up": {"uv": [24, 19], "uv_size": [0.5, 1.25]},
								"down": {"uv": [20, 25.25], "uv_size": [0.5, -1.25]}
							}
						},
						{
							"origin": [1.1875, -1, 5.0625],
							"size": [0.6875, 0.75, 0.625],
							"uv": {
								"north": {"uv": [21, 24], "uv_size": [0.75, 0.75]},
								"east": {"uv": [24, 21], "uv_size": [0.75, 0.75]},
								"south": {"uv": [22, 24], "uv_size": [0.75, 0.75]},
								"west": {"uv": [24, 22], "uv_size": [0.75, 0.75]},
								"up": {"uv": [23, 24], "uv_size": [0.75, 0.75]},
								"down": {"uv": [24, 23.75], "uv_size": [0.75, -0.75]}
							}
						},
						{
							"origin": [1.875, -1, 5.0625],
							"size": [0.4375, 0.75, 0.1875],
							"uv": {
								"north": {"uv": [26, 23], "uv_size": [0.5, 0.75]},
								"east": {"uv": [13, 30], "uv_size": [0.25, 0.75]},
								"south": {"uv": [24, 26], "uv_size": [0.5, 0.75]},
								"west": {"uv": [30, 13], "uv_size": [0.25, 0.75]},
								"up": {"uv": [31, 1], "uv_size": [0.5, 0.25]},
								"down": {"uv": [2, 31.25], "uv_size": [0.5, -0.25]}
							}
						},
						{
							"origin": [1.69378, -1, 4.94064],
							"size": [0.43436, 0.75, 0.30936],
							"inflate": -0.0005,
							"pivot": [2.3125, -0.25, 5.25],
							"rotation": [0, 45, 0],
							"uv": {
								"north": {"uv": [26, 24], "uv_size": [0.5, 0.75]},
								"east": {"uv": [14, 30], "uv_size": [0.25, 0.75]},
								"south": {"uv": [25, 26], "uv_size": [0.5, 0.75]},
								"west": {"uv": [30, 14], "uv_size": [0.25, 0.75]},
								"up": {"uv": [31, 2], "uv_size": [0.5, 0.25]},
								"down": {"uv": [3, 31.25], "uv_size": [0.5, -0.25]}
							}
						},
						{
							"origin": [2.12814, -1, 5.06564],
							"size": [0.1875, 0.75, 0.18436],
							"inflate": -0.0005,
							"pivot": [2.3125, -0.25, 5.25],
							"rotation": [0, 45, 0],
							"uv": {
								"north": {"uv": [15, 30], "uv_size": [0.25, 0.75]},
								"east": {"uv": [30, 15], "uv_size": [0.25, 0.75]},
								"south": {"uv": [16, 30], "uv_size": [0.25, 0.75]},
								"west": {"uv": [30, 16], "uv_size": [0.25, 0.75]},
								"up": {"uv": [23, 34], "uv_size": [0.25, 0.25]},
								"down": {"uv": [34, 23.25], "uv_size": [0.25, -0.25]}
							}
						},
						{
							"origin": [1.1875, -1, 0.8125],
							"size": [0.375, 0.75, 3.625],
							"uv": {
								"north": {"uv": [26, 25], "uv_size": [0.5, 0.75]},
								"east": {"uv": [8, 8], "uv_size": [3.75, 0.75]},
								"south": {"uv": [26, 26], "uv_size": [0.5, 0.75]},
								"west": {"uv": [8, 9], "uv_size": [3.75, 0.75]},
								"up": {"uv": [12, 6], "uv_size": [0.5, 3.75]},
								"down": {"uv": [8, 15.75], "uv_size": [0.5, -3.75]}
							}
						},
						{
							"origin": [1.5625, -1, 0.8125],
							"size": [0.3125, 0.875, 0.1875],
							"uv": {
								"north": {"uv": [28, 2], "uv_size": [0.25, 1]},
								"east": {"uv": [7, 28], "uv_size": [0.25, 1]},
								"south": {"uv": [28, 7], "uv_size": [0.25, 1]},
								"west": {"uv": [28, 8], "uv_size": [0.25, 1]},
								"up": {"uv": [24, 34], "uv_size": [0.25, 0.25]},
								"down": {"uv": [34, 24.25], "uv_size": [0.25, -0.25]}
							}
						},
						{
							"origin": [1.5625, -1, 1],
							"size": [0.3125, 0.875, 0.5625],
							"inflate": -0.0005,
							"pivot": [1.875, -0.125, 1],
							"rotation": [0, -35, 0],
							"uv": {
								"north": {"uv": [9, 28], "uv_size": [0.25, 1]},
								"east": {"uv": [25, 6], "uv_size": [0.5, 1]},
								"south": {"uv": [28, 9], "uv_size": [0.25, 1]},
								"west": {"uv": [25, 7], "uv_size": [0.5, 1]},
								"up": {"uv": [31, 3], "uv_size": [0.25, 0.5]},
								"down": {"uv": [4, 31.5], "uv_size": [0.25, -0.5]}
							}
						},
						{
							"origin": [0.85983, -1, 4.17233],
							"size": [0.70267, 0.75, 0.45267],
							"inflate": -0.0005,
							"pivot": [1.5625, -0.25, 4.4375],
							"rotation": [0, 45, 0],
							"uv": {
								"north": {"uv": [24, 24], "uv_size": [0.75, 0.75]},
								"east": {"uv": [0, 27], "uv_size": [0.5, 0.75]},
								"south": {"uv": [0, 25], "uv_size": [0.75, 0.75]},
								"west": {"uv": [27, 0], "uv_size": [0.5, 0.75]},
								"up": {"uv": [1, 27], "uv_size": [0.75, 0.5]},
								"down": {"uv": [27, 1.5], "uv_size": [0.75, -0.5]}
							}
						},
						{
							"origin": [1.60892, -0.79687, 4.65755],
							"size": [0.375, 0.375, 1.0625],
							"pivot": [1.82767, -0.64062, 5.1888],
							"rotation": [35.26439, 30, 54.73561],
							"uv": {
								"north": {"uv": [10, 28], "uv_size": [0.5, 0.5]},
								"east": {"uv": [8, 25], "uv_size": [1, 0.5]},
								"south": {"uv": [28, 10], "uv_size": [0.5, 0.5]},
								"west": {"uv": [25, 8], "uv_size": [1, 0.5]},
								"up": {"uv": [9, 25], "uv_size": [0.5, 1]},
								"down": {"uv": [25, 10], "uv_size": [0.5, -1]}
							}
						},
						{
							"origin": [1.04688, -1, 5.6875],
							"size": [0.34375, 0.8125, 0.1875],
							"inflate": 0.0005,
							"pivot": [1.5625, -0.25, 4.4375],
							"rotation": [0, 45, 0],
							"uv": {
								"north": {"uv": [17, 30], "uv_size": [0.25, 0.75]},
								"east": {"uv": [30, 17], "uv_size": [0.25, 0.75]},
								"south": {"uv": [18, 30], "uv_size": [0.25, 0.75]},
								"west": {"uv": [30, 18], "uv_size": [0.25, 0.75]},
								"up": {"uv": [25, 34], "uv_size": [0.25, 0.25]},
								"down": {"uv": [34, 25.25], "uv_size": [0.25, -0.25]}
							}
						},
						{
							"origin": [1.88545, -0.76562, 5.52784],
							"size": [0.8125, 0.34375, 0.1875],
							"inflate": 0.001,
							"pivot": [2.2917, -0.59375, 5.65284],
							"rotation": [0, 45, 0],
							"uv": {
								"north": {"uv": [19, 30], "uv_size": [0.75, 0.25]},
								"east": {"uv": [26, 34], "uv_size": [0.25, 0.25]},
								"south": {"uv": [30, 19], "uv_size": [0.75, 0.25]},
								"west": {"uv": [34, 26], "uv_size": [0.25, 0.25]},
								"up": {"uv": [20, 30], "uv_size": [0.75, 0.25]},
								"down": {"uv": [30, 20.25], "uv_size": [0.75, -0.25]}
							}
						},
						{
							"origin": [1.88291, -0.75948, 5.52784],
							"size": [0.81759, 0.33146, 0.1875],
							"pivot": [2.2917, -0.59375, 5.65284],
							"rotation": [-35.26439, 30, -54.73561],
							"uv": {
								"north": {"uv": [21, 30], "uv_size": [0.75, 0.25]},
								"east": {"uv": [27, 34], "uv_size": [0.25, 0.25]},
								"south": {"uv": [30, 21], "uv_size": [0.75, 0.25]},
								"west": {"uv": [34, 27], "uv_size": [0.25, 0.25]},
								"up": {"uv": [22, 30], "uv_size": [0.75, 0.25]},
								"down": {"uv": [30, 22.25], "uv_size": [0.75, -0.25]}
							}
						},
						{
							"origin": [1.88291, -0.75948, 5.52784],
							"size": [0.81759, 0.33146, 0.1875],
							"pivot": [2.2917, -0.59375, 5.65284],
							"rotation": [35.26439, 30, 54.73561],
							"uv": {
								"north": {"uv": [23, 30], "uv_size": [0.75, 0.25]},
								"east": {"uv": [28, 34], "uv_size": [0.25, 0.25]},
								"south": {"uv": [30, 23], "uv_size": [0.75, 0.25]},
								"west": {"uv": [34, 28], "uv_size": [0.25, 0.25]},
								"up": {"uv": [24, 30], "uv_size": [0.75, 0.25]},
								"down": {"uv": [30, 24.25], "uv_size": [0.75, -0.25]}
							}
						},
						{
							"origin": [0.8125, -1.125, 0.125],
							"size": [0.375, 1, 5.4375],
							"uv": {
								"north": {"uv": [10, 25], "uv_size": [0.5, 1]},
								"east": {"uv": [0, 0], "uv_size": [5.5, 1]},
								"south": {"uv": [25, 10], "uv_size": [0.5, 1]},
								"west": {"uv": [0, 1], "uv_size": [5.5, 1]},
								"up": {"uv": [0, 10], "uv_size": [0.5, 5.5]},
								"down": {"uv": [1, 15.5], "uv_size": [0.5, -5.5]}
							}
						},
						{
							"origin": [1, -0.1875, 4.375],
							"size": [0.6875, 0.25, 0.5],
							"uv": {
								"north": {"uv": [25, 30], "uv_size": [0.75, 0.25]},
								"east": {"uv": [31, 4], "uv_size": [0.5, 0.25]},
								"south": {"uv": [30, 25], "uv_size": [0.75, 0.25]},
								"west": {"uv": [5, 31], "uv_size": [0.5, 0.25]},
								"up": {"uv": [2, 27], "uv_size": [0.75, 0.5]},
								"down": {"uv": [27, 2.5], "uv_size": [0.75, -0.5]}
							}
						},
						{
							"origin": [1.32813, -1.4375, 4.51563],
							"size": [0.21875, 1.625, 0.21875],
							"pivot": [1.4375, -0.625, 4.625],
							"rotation": [0, 45, 0],
							"uv": {
								"north": {"uv": [21, 26], "uv_size": [0.25, 1.75]},
								"east": {"uv": [26, 21], "uv_size": [0.25, 1.75]},
								"south": {"uv": [22, 26], "uv_size": [0.25, 1.75]},
								"west": {"uv": [23, 26], "uv_size": [0.25, 1.75]},
								"up": {"uv": [29, 34], "uv_size": [0.25, 0.25]},
								"down": {"uv": [34, 29.25], "uv_size": [0.25, -0.25]}
							}
						},
						{
							"origin": [1, -0.11428, 4.07322],
							"size": [0.1875, 0.17678, 0.30178],
							"inflate": -0.0005,
							"pivot": [1.1875, 0.0625, 4.375],
							"rotation": [45, 0, 0],
							"uv": {
								"north": {"uv": [30, 34], "uv_size": [0.25, 0.25]},
								"east": {"uv": [34, 30], "uv_size": [0.25, 0.25]},
								"south": {"uv": [31, 34], "uv_size": [0.25, 0.25]},
								"west": {"uv": [34, 31], "uv_size": [0.25, 0.25]},
								"up": {"uv": [32, 34], "uv_size": [0.25, 0.25]},
								"down": {"uv": [34, 32.25], "uv_size": [0.25, -0.25]}
							}
						},
						{
							"origin": [1, -0.11428, 4.875],
							"size": [0.1875, 0.17678, 0.30178],
							"inflate": -0.0005,
							"pivot": [1.1875, 0.0625, 4.875],
							"rotation": [-45, 0, 0],
							"uv": {
								"north": {"uv": [33, 34], "uv_size": [0.25, 0.25]},
								"east": {"uv": [34, 33], "uv_size": [0.25, 0.25]},
								"south": {"uv": [34, 34], "uv_size": [0.25, 0.25]},
								"west": {"uv": [0, 35], "uv_size": [0.25, 0.25]},
								"up": {"uv": [35, 0], "uv_size": [0.25, 0.25]},
								"down": {"uv": [1, 35.25], "uv_size": [0.25, -0.25]}
							}
						},
						{
							"origin": [1, -0.11428, 4.875],
							"size": [0.17423, 0.17678, 0.32452],
							"inflate": -0.001,
							"pivot": [1, 0.0625, 4.875],
							"rotation": [-50.76848, -24.09484, 26.56505],
							"uv": {
								"north": {"uv": [35, 1], "uv_size": [0.25, 0.25]},
								"east": {"uv": [2, 35], "uv_size": [0.25, 0.25]},
								"south": {"uv": [35, 2], "uv_size": [0.25, 0.25]},
								"west": {"uv": [3, 35], "uv_size": [0.25, 0.25]},
								"up": {"uv": [35, 3], "uv_size": [0.25, 0.25]},
								"down": {"uv": [4, 35.25], "uv_size": [0.25, -0.25]}
							}
						},
						{
							"origin": [0.73483, -0.1875, 4.375],
							"size": [0.26517, 0.25, 0.5],
							"inflate": 0.0005,
							"pivot": [1, 0.0625, 4.875],
							"rotation": [0, 0, -45],
							"uv": {
								"north": {"uv": [35, 4], "uv_size": [0.25, 0.25]},
								"east": {"uv": [31, 5], "uv_size": [0.5, 0.25]},
								"south": {"uv": [5, 35], "uv_size": [0.25, 0.25]},
								"west": {"uv": [6, 31], "uv_size": [0.5, 0.25]},
								"up": {"uv": [31, 6], "uv_size": [0.25, 0.5]},
								"down": {"uv": [7, 31.5], "uv_size": [0.25, -0.5]}
							}
						},
						{
							"origin": [0.67412, -0.1875, 4.72191],
							"size": [0.32588, 0.25, 0.15309],
							"pivot": [1, 0.0625, 4.875],
							"rotation": [0, 35.26439, -45],
							"uv": {
								"north": {"uv": [35, 5], "uv_size": [0.25, 0.25]},
								"east": {"uv": [6, 35], "uv_size": [0.25, 0.25]},
								"south": {"uv": [35, 6], "uv_size": [0.25, 0.25]},
								"west": {"uv": [7, 35], "uv_size": [0.25, 0.25]},
								"up": {"uv": [35, 7], "uv_size": [0.25, 0.25]},
								"down": {"uv": [8, 35.25], "uv_size": [0.25, -0.25]}
							}
						},
						{
							"origin": [1, -0.11428, 4.05048],
							"size": [0.17423, 0.17678, 0.32452],
							"inflate": -0.001,
							"pivot": [1, 0.0625, 4.375],
							"rotation": [50.76848, 24.09484, 26.56505],
							"uv": {
								"north": {"uv": [35, 8], "uv_size": [0.25, 0.25]},
								"east": {"uv": [9, 35], "uv_size": [0.25, 0.25]},
								"south": {"uv": [35, 9], "uv_size": [0.25, 0.25]},
								"west": {"uv": [10, 35], "uv_size": [0.25, 0.25]},
								"up": {"uv": [35, 10], "uv_size": [0.25, 0.25]},
								"down": {"uv": [11, 35.25], "uv_size": [0.25, -0.25]}
							}
						},
						{
							"origin": [0.67412, -0.1875, 4.375],
							"size": [0.32588, 0.25, 0.15309],
							"pivot": [1, 0.0625, 4.375],
							"rotation": [0, -35.26439, -45],
							"uv": {
								"north": {"uv": [35, 11], "uv_size": [0.25, 0.25]},
								"east": {"uv": [12, 35], "uv_size": [0.25, 0.25]},
								"south": {"uv": [35, 12], "uv_size": [0.25, 0.25]},
								"west": {"uv": [13, 35], "uv_size": [0.25, 0.25]},
								"up": {"uv": [35, 13], "uv_size": [0.25, 0.25]},
								"down": {"uv": [14, 35.25], "uv_size": [0.25, -0.25]}
							}
						},
						{
							"origin": [0.8125, -1.375, 4.375],
							"size": [0.875, 0.3125, 0.5],
							"uv": {
								"north": {"uv": [28, 11], "uv_size": [1, 0.25]},
								"east": {"uv": [31, 7], "uv_size": [0.5, 0.25]},
								"south": {"uv": [28, 12], "uv_size": [1, 0.25]},
								"west": {"uv": [8, 31], "uv_size": [0.5, 0.25]},
								"up": {"uv": [25, 11], "uv_size": [1, 0.5]},
								"down": {"uv": [12, 25.5], "uv_size": [1, -0.5]}
							}
						},
						{
							"origin": [0.625, -0.3125, 4.125],
							"size": [0.1875, 0.1875, 1.4375],
							"pivot": [0.8125, -0.125, 5.5625],
							"rotation": [0, 0, -45],
							"uv": {
								"north": {"uv": [35, 14], "uv_size": [0.25, 0.25]},
								"east": {"uv": [3, 27], "uv_size": [1.5, 0.25]},
								"south": {"uv": [15, 35], "uv_size": [0.25, 0.25]},
								"west": {"uv": [27, 3], "uv_size": [1.5, 0.25]},
								"up": {"uv": [27, 4], "uv_size": [0.25, 1.5]},
								"down": {"uv": [5, 28.5], "uv_size": [0.25, -1.5]}
							}
						},
						{
							"origin": [0.625, -0.3125, 0.125],
							"size": [0.1875, 0.1875, 1.4375],
							"pivot": [0.8125, -0.125, 1.5625],
							"rotation": [0, 0, -45],
							"uv": {
								"north": {"uv": [35, 15], "uv_size": [0.25, 0.25]},
								"east": {"uv": [6, 27], "uv_size": [1.5, 0.25]},
								"south": {"uv": [16, 35], "uv_size": [0.25, 0.25]},
								"west": {"uv": [27, 6], "uv_size": [1.5, 0.25]},
								"up": {"uv": [27, 7], "uv_size": [0.25, 1.5]},
								"down": {"uv": [8, 28.5], "uv_size": [0.25, -1.5]}
							}
						},
						{
							"origin": [0.8125, -1, 5.5625],
							"size": [0.375, 0.75, 0.125],
							"uv": {
								"north": {"uv": [9, 27], "uv_size": [0.5, 0.75]},
								"east": {"uv": [26, 30], "uv_size": [0.25, 0.75]},
								"south": {"uv": [27, 9], "uv_size": [0.5, 0.75]},
								"west": {"uv": [30, 26], "uv_size": [0.25, 0.75]},
								"up": {"uv": [31, 8], "uv_size": [0.5, 0.25]},
								"down": {"uv": [9, 31.25], "uv_size": [0.5, -0.25]}
							}
						},
						{
							"origin": [0.8125, -1, 0],
							"size": [0.375, 0.75, 0.125],
							"uv": {
								"north": {"uv": [10, 27], "uv_size": [0.5, 0.75]},
								"east": {"uv": [27, 30], "uv_size": [0.25, 0.75]},
								"south": {"uv": [27, 10], "uv_size": [0.5, 0.75]},
								"west": {"uv": [30, 27], "uv_size": [0.25, 0.75]},
								"up": {"uv": [31, 9], "uv_size": [0.5, 0.25]},
								"down": {"uv": [10, 31.25], "uv_size": [0.5, -0.25]}
							}
						},
						{
							"origin": [1.1875, -0.75, 0.1875],
							"size": [0.0625, 0.25, 0.25],
							"pivot": [1.21875, -0.625, 0.3125],
							"rotation": [-45, 0, 0],
							"uv": {
								"north": {"uv": [35, 16], "uv_size": [0.25, 0.25]},
								"east": {"uv": [17, 35], "uv_size": [0.25, 0.25]},
								"south": {"uv": [35, 17], "uv_size": [0.25, 0.25]},
								"west": {"uv": [18, 35], "uv_size": [0.25, 0.25]},
								"up": {"uv": [35, 18], "uv_size": [0.25, 0.25]},
								"down": {"uv": [19, 35.25], "uv_size": [0.25, -0.25]}
							}
						},
						{
							"origin": [1.1875, -0.375, 0.375],
							"size": [0.375, 0.0625, 0.4375],
							"uv": {
								"north": {"uv": [31, 10], "uv_size": [0.5, 0.25]},
								"east": {"uv": [11, 31], "uv_size": [0.5, 0.25]},
								"south": {"uv": [31, 11], "uv_size": [0.5, 0.25]},
								"west": {"uv": [12, 31], "uv_size": [0.5, 0.25]},
								"up": {"uv": [28, 13], "uv_size": [0.5, 0.5]},
								"down": {"uv": [28, 14.5], "uv_size": [0.5, -0.5]}
							}
						},
						{
							"origin": [1.1875, -0.9375, 0.375],
							"size": [0.375, 0.0625, 0.4375],
							"uv": {
								"north": {"uv": [31, 12], "uv_size": [0.5, 0.25]},
								"east": {"uv": [13, 31], "uv_size": [0.5, 0.25]},
								"south": {"uv": [31, 13], "uv_size": [0.5, 0.25]},
								"west": {"uv": [14, 31], "uv_size": [0.5, 0.25]},
								"up": {"uv": [28, 15], "uv_size": [0.5, 0.5]},
								"down": {"uv": [28, 16.5], "uv_size": [0.5, -0.5]}
							}
						},
						{
							"origin": [1.29733, -0.375, -0.15533],
							"size": [0.26517, 0.0625, 0.53033],
							"inflate": -0.0005,
							"pivot": [1.5625, -0.3125, 0.375],
							"rotation": [0, 45, 0],
							"uv": {
								"north": {"uv": [35, 19], "uv_size": [0.25, 0.25]},
								"east": {"uv": [31, 14], "uv_size": [0.5, 0.25]},
								"south": {"uv": [20, 35], "uv_size": [0.25, 0.25]},
								"west": {"uv": [15, 31], "uv_size": [0.5, 0.25]},
								"up": {"uv": [31, 15], "uv_size": [0.25, 0.5]},
								"down": {"uv": [16, 31.5], "uv_size": [0.25, -0.5]}
							}
						},
						{
							"origin": [1.29733, -0.9375, -0.15533],
							"size": [0.26517, 0.0625, 0.53033],
							"inflate": -0.0005,
							"pivot": [1.5625, -0.875, 0.375],
							"rotation": [0, 45, 0],
							"uv": {
								"north": {"uv": [35, 20], "uv_size": [0.25, 0.25]},
								"east": {"uv": [31, 16], "uv_size": [0.5, 0.25]},
								"south": {"uv": [21, 35], "uv_size": [0.25, 0.25]},
								"west": {"uv": [17, 31], "uv_size": [0.5, 0.25]},
								"up": {"uv": [31, 17], "uv_size": [0.25, 0.5]},
								"down": {"uv": [18, 31.5], "uv_size": [0.25, -0.5]}
							}
						},
						{
							"origin": [1.6875, -0.75, 0.375],
							"size": [0.0625, 0.25, 0.4375],
							"uv": {
								"north": {"uv": [35, 21], "uv_size": [0.25, 0.25]},
								"east": {"uv": [31, 18], "uv_size": [0.5, 0.25]},
								"south": {"uv": [22, 35], "uv_size": [0.25, 0.25]},
								"west": {"uv": [19, 31], "uv_size": [0.5, 0.25]},
								"up": {"uv": [31, 19], "uv_size": [0.25, 0.5]},
								"down": {"uv": [20, 31.5], "uv_size": [0.25, -0.5]}
							}
						},
						{
							"origin": [1.6875, -1.01517, 0.375],
							"size": [0.0625, 0.26517, 0.4375],
							"pivot": [1.75, -0.75, 0],
							"rotation": [0, 0, 45],
							"uv": {
								"north": {"uv": [35, 22], "uv_size": [0.25, 0.25]},
								"east": {"uv": [31, 20], "uv_size": [0.5, 0.25]},
								"south": {"uv": [23, 35], "uv_size": [0.25, 0.25]},
								"west": {"uv": [21, 31], "uv_size": [0.5, 0.25]},
								"up": {"uv": [31, 21], "uv_size": [0.25, 0.5]},
								"down": {"uv": [22, 31.5], "uv_size": [0.25, -0.5]}
							}
						},
						{
							"origin": [1.6875, -0.5, 0.375],
							"size": [0.0625, 0.26517, 0.4375],
							"pivot": [1.75, -0.5, 0],
							"rotation": [0, 0, -45],
							"uv": {
								"north": {"uv": [35, 23], "uv_size": [0.25, 0.25]},
								"east": {"uv": [31, 22], "uv_size": [0.5, 0.25]},
								"south": {"uv": [24, 35], "uv_size": [0.25, 0.25]},
								"west": {"uv": [23, 31], "uv_size": [0.5, 0.25]},
								"up": {"uv": [31, 23], "uv_size": [0.25, 0.5]},
								"down": {"uv": [24, 31.5], "uv_size": [0.25, -0.5]}
							}
						},
						{
							"origin": [0.8125, -0.25, 0],
							"size": [0.375, 0.17678, 0.125],
							"inflate": -0.0005,
							"pivot": [1.125, -0.25, 0],
							"rotation": [-45, 0, 0],
							"uv": {
								"north": {"uv": [31, 24], "uv_size": [0.5, 0.25]},
								"east": {"uv": [35, 24], "uv_size": [0.25, 0.25]},
								"south": {"uv": [25, 31], "uv_size": [0.5, 0.25]},
								"west": {"uv": [25, 35], "uv_size": [0.25, 0.25]},
								"up": {"uv": [31, 25], "uv_size": [0.5, 0.25]},
								"down": {"uv": [26, 31.25], "uv_size": [0.5, -0.25]}
							}
						},
						{
							"origin": [0.8125, -1.17678, 0],
							"size": [0.375, 0.17678, 0.125],
							"inflate": -0.0005,
							"pivot": [1.125, -1, 0],
							"rotation": [45, 0, 0],
							"uv": {
								"north": {"uv": [31, 26], "uv_size": [0.5, 0.25]},
								"east": {"uv": [35, 25], "uv_size": [0.25, 0.25]},
								"south": {"uv": [27, 31], "uv_size": [0.5, 0.25]},
								"west": {"uv": [26, 35], "uv_size": [0.25, 0.25]},
								"up": {"uv": [31, 27], "uv_size": [0.5, 0.25]},
								"down": {"uv": [28, 31.25], "uv_size": [0.5, -0.25]}
							}
						},
						{
							"origin": [0.8125, -1.17678, 5.5625],
							"size": [0.375, 0.17678, 0.125],
							"inflate": -0.0005,
							"pivot": [1.125, -1, 5.6875],
							"rotation": [-45, 0, 0],
							"uv": {
								"north": {"uv": [31, 28], "uv_size": [0.5, 0.25]},
								"east": {"uv": [35, 26], "uv_size": [0.25, 0.25]},
								"south": {"uv": [29, 31], "uv_size": [0.5, 0.25]},
								"west": {"uv": [27, 35], "uv_size": [0.25, 0.25]},
								"up": {"uv": [31, 29], "uv_size": [0.5, 0.25]},
								"down": {"uv": [30, 31.25], "uv_size": [0.5, -0.25]}
							}
						},
						{
							"origin": [0.8125, -0.25, 5.5625],
							"size": [0.375, 0.17678, 0.125],
							"inflate": -0.0005,
							"pivot": [1.125, -0.25, 5.6875],
							"rotation": [45, 0, 0],
							"uv": {
								"north": {"uv": [31, 30], "uv_size": [0.5, 0.25]},
								"east": {"uv": [35, 27], "uv_size": [0.25, 0.25]},
								"south": {"uv": [31, 31], "uv_size": [0.5, 0.25]},
								"west": {"uv": [28, 35], "uv_size": [0.25, 0.25]},
								"up": {"uv": [0, 32], "uv_size": [0.5, 0.25]},
								"down": {"uv": [32, 0.25], "uv_size": [0.5, -0.25]}
							}
						},
						{
							"origin": [1.1875, 0.125, 0.8125],
							"size": [0.375, 1.375, 0.125],
							"uv": {
								"north": {"uv": [23, 12], "uv_size": [0.5, 1.5]},
								"east": {"uv": [11, 27], "uv_size": [0.25, 1.5]},
								"south": {"uv": [23, 14], "uv_size": [0.5, 1.5]},
								"west": {"uv": [27, 11], "uv_size": [0.25, 1.5]},
								"up": {"uv": [1, 32], "uv_size": [0.5, 0.25]},
								"down": {"uv": [32, 1.25], "uv_size": [0.5, -0.25]}
							}
						},
						{
							"origin": [1.1875, 0.125, 1.4375],
							"size": [0.375, 1.375, 0.125],
							"uv": {
								"north": {"uv": [23, 16], "uv_size": [0.5, 1.5]},
								"east": {"uv": [12, 27], "uv_size": [0.25, 1.5]},
								"south": {"uv": [23, 20], "uv_size": [0.5, 1.5]},
								"west": {"uv": [13, 27], "uv_size": [0.25, 1.5]},
								"up": {"uv": [2, 32], "uv_size": [0.5, 0.25]},
								"down": {"uv": [32, 2.25], "uv_size": [0.5, -0.25]}
							}
						},
						{
							"origin": [1.1875, 0.125, 3.25],
							"size": [0.375, 1.375, 0.125],
							"uv": {
								"north": {"uv": [23, 22], "uv_size": [0.5, 1.5]},
								"east": {"uv": [27, 13], "uv_size": [0.25, 1.5]},
								"south": {"uv": [24, 2], "uv_size": [0.5, 1.5]},
								"west": {"uv": [14, 27], "uv_size": [0.25, 1.5]},
								"up": {"uv": [3, 32], "uv_size": [0.5, 0.25]},
								"down": {"uv": [32, 3.25], "uv_size": [0.5, -0.25]}
							}
						},
						{
							"origin": [1.1875, 0.125, 2.75],
							"size": [0.1875, 1.375, 0.5],
							"uv": {
								"north": {"uv": [15, 27], "uv_size": [0.25, 1.5]},
								"east": {"uv": [24, 4], "uv_size": [0.5, 1.5]},
								"south": {"uv": [27, 15], "uv_size": [0.25, 1.5]},
								"west": {"uv": [24, 6], "uv_size": [0.5, 1.5]},
								"up": {"uv": [4, 32], "uv_size": [0.25, 0.5]},
								"down": {"uv": [32, 4.5], "uv_size": [0.25, -0.5]}
							}
						},
						{
							"origin": [1.4375, 0.9375, 2.75],
							"size": [0.125, 0.5625, 0.5],
							"pivot": [1.5625, 1.5, 2.75],
							"rotation": [0, 0, 20],
							"uv": {
								"north": {"uv": [5, 32], "uv_size": [0.25, 0.5]},
								"east": {"uv": [28, 17], "uv_size": [0.5, 0.5]},
								"south": {"uv": [32, 5], "uv_size": [0.25, 0.5]},
								"west": {"uv": [28, 18], "uv_size": [0.5, 0.5]},
								"up": {"uv": [6, 32], "uv_size": [0.25, 0.5]},
								"down": {"uv": [32, 6.5], "uv_size": [0.25, -0.5]}
							}
						},
						{
							"origin": [1.4375, 0.125, 2.75],
							"size": [0.125, 0.5625, 0.5],
							"pivot": [1.5625, 0.125, 2.75],
							"rotation": [0, 0, -20],
							"uv": {
								"north": {"uv": [7, 32], "uv_size": [0.25, 0.5]},
								"east": {"uv": [28, 19], "uv_size": [0.5, 0.5]},
								"south": {"uv": [32, 7], "uv_size": [0.25, 0.5]},
								"west": {"uv": [28, 20], "uv_size": [0.5, 0.5]},
								"up": {"uv": [8, 32], "uv_size": [0.25, 0.5]},
								"down": {"uv": [32, 8.5], "uv_size": [0.25, -0.5]}
							}
						},
						{
							"origin": [1.4375, 0.125, 0.9375],
							"size": [0.125, 0.5625, 0.5],
							"pivot": [1.5625, 0.125, 0.9375],
							"rotation": [0, 0, -20],
							"uv": {
								"north": {"uv": [9, 32], "uv_size": [0.25, 0.5]},
								"east": {"uv": [21, 28], "uv_size": [0.5, 0.5]},
								"south": {"uv": [32, 9], "uv_size": [0.25, 0.5]},
								"west": {"uv": [28, 21], "uv_size": [0.5, 0.5]},
								"up": {"uv": [10, 32], "uv_size": [0.25, 0.5]},
								"down": {"uv": [32, 10.5], "uv_size": [0.25, -0.5]}
							}
						},
						{
							"origin": [1.4375, 0.9375, 0.9375],
							"size": [0.125, 0.5625, 0.5],
							"pivot": [1.5625, 1.5, 0.9375],
							"rotation": [0, 0, 20],
							"uv": {
								"north": {"uv": [11, 32], "uv_size": [0.25, 0.5]},
								"east": {"uv": [22, 28], "uv_size": [0.5, 0.5]},
								"south": {"uv": [32, 11], "uv_size": [0.25, 0.5]},
								"west": {"uv": [28, 22], "uv_size": [0.5, 0.5]},
								"up": {"uv": [12, 32], "uv_size": [0.25, 0.5]},
								"down": {"uv": [32, 12.5], "uv_size": [0.25, -0.5]}
							}
						},
						{
							"origin": [1.1875, 0.125, 0.9375],
							"size": [0.1875, 1.375, 0.5],
							"uv": {
								"north": {"uv": [16, 27], "uv_size": [0.25, 1.5]},
								"east": {"uv": [7, 24], "uv_size": [0.5, 1.5]},
								"south": {"uv": [17, 27], "uv_size": [0.25, 1.5]},
								"west": {"uv": [24, 8], "uv_size": [0.5, 1.5]},
								"up": {"uv": [13, 32], "uv_size": [0.25, 0.5]},
								"down": {"uv": [32, 13.5], "uv_size": [0.25, -0.5]}
							}
						},
						{
							"origin": [1.1875, 0.125, 2.625],
							"size": [0.375, 1.375, 0.125],
							"uv": {
								"north": {"uv": [24, 10], "uv_size": [0.5, 1.5]},
								"east": {"uv": [27, 17], "uv_size": [0.25, 1.5]},
								"south": {"uv": [11, 24], "uv_size": [0.5, 1.5]},
								"west": {"uv": [18, 27], "uv_size": [0.25, 1.5]},
								"up": {"uv": [14, 32], "uv_size": [0.5, 0.25]},
								"down": {"uv": [32, 14.25], "uv_size": [0.5, -0.25]}
							}
						},
						{
							"origin": [1.125, 1.5, 2.75],
							"size": [0.4375, 0.375, 1.0625],
							"uv": {
								"north": {"uv": [23, 28], "uv_size": [0.5, 0.5]},
								"east": {"uv": [25, 12], "uv_size": [1, 0.5]},
								"south": {"uv": [28, 23], "uv_size": [0.5, 0.5]},
								"west": {"uv": [25, 13], "uv_size": [1, 0.5]},
								"up": {"uv": [25, 14], "uv_size": [0.5, 1]},
								"down": {"uv": [25, 16], "uv_size": [0.5, -1]}
							}
						},
						{
							"origin": [1.3125, 1.875, 2.75],
							"size": [0.1875, 0.20313, 1.0625],
							"inflate": -0.0005,
							"pivot": [1.5, 1.875, 3.8125],
							"rotation": [0, 0, -45],
							"uv": {
								"north": {"uv": [35, 28], "uv_size": [0.25, 0.25]},
								"east": {"uv": [28, 24], "uv_size": [1, 0.25]},
								"south": {"uv": [29, 35], "uv_size": [0.25, 0.25]},
								"west": {"uv": [28, 25], "uv_size": [1, 0.25]},
								"up": {"uv": [28, 26], "uv_size": [0.25, 1]},
								"down": {"uv": [28, 28], "uv_size": [0.25, -1]}
							}
						},
						{
							"origin": [1.3125, 1.875, 0.8125],
							"size": [0.1875, 0.20313, 1],
							"inflate": -0.0005,
							"pivot": [1.5, 1.875, 1.8125],
							"rotation": [0, 0, -45],
							"uv": {
								"north": {"uv": [35, 29], "uv_size": [0.25, 0.25]},
								"east": {"uv": [28, 28], "uv_size": [1, 0.25]},
								"south": {"uv": [30, 35], "uv_size": [0.25, 0.25]},
								"west": {"uv": [29, 0], "uv_size": [1, 0.25]},
								"up": {"uv": [29, 1], "uv_size": [0.25, 1]},
								"down": {"uv": [29, 3], "uv_size": [0.25, -1]}
							}
						},
						{
							"origin": [0.1875, 1.3125, 0.8125],
							"size": [1.1875, 0.78125, 1],
							"inflate": 0.001,
							"uv": {
								"north": {"uv": [20, 2], "uv_size": [1.25, 0.75]},
								"east": {"uv": [20, 14], "uv_size": [1, 0.75]},
								"south": {"uv": [20, 3], "uv_size": [1.25, 0.75]},
								"west": {"uv": [21, 16], "uv_size": [1, 0.75]},
								"up": {"uv": [3, 14], "uv_size": [1.25, 1]},
								"down": {"uv": [14, 5], "uv_size": [1.25, -1]}
							}
						},
						{
							"origin": [0.1875, 1.3125, 2.75],
							"size": [1.1875, 0.78125, 1.0625],
							"inflate": 0.001,
							"uv": {
								"north": {"uv": [20, 8], "uv_size": [1.25, 0.75]},
								"east": {"uv": [22, 10], "uv_size": [1, 0.75]},
								"south": {"uv": [9, 20], "uv_size": [1.25, 0.75]},
								"west": {"uv": [22, 18], "uv_size": [1, 0.75]},
								"up": {"uv": [5, 14], "uv_size": [1.25, 1]},
								"down": {"uv": [14, 6], "uv_size": [1.25, -1]}
							}
						},
						{
							"origin": [1.1875, 1.5, 1.8125],
							"size": [0.375, 0.1875, 0.9375],
							"uv": {
								"north": {"uv": [15, 32], "uv_size": [0.5, 0.25]},
								"east": {"uv": [29, 3], "uv_size": [1, 0.25]},
								"south": {"uv": [32, 15], "uv_size": [0.5, 0.25]},
								"west": {"uv": [29, 4], "uv_size": [1, 0.25]},
								"up": {"uv": [25, 16], "uv_size": [0.5, 1]},
								"down": {"uv": [25, 18], "uv_size": [0.5, -1]}
							}
						},
						{
							"origin": [1.125, 1.5, 0.8125],
							"size": [0.4375, 0.375, 1],
							"uv": {
								"north": {"uv": [5, 29], "uv_size": [0.5, 0.5]},
								"east": {"uv": [25, 18], "uv_size": [1, 0.5]},
								"south": {"uv": [29, 5], "uv_size": [0.5, 0.5]},
								"west": {"uv": [25, 19], "uv_size": [1, 0.5]},
								"up": {"uv": [25, 20], "uv_size": [0.5, 1]},
								"down": {"uv": [21, 26], "uv_size": [0.5, -1]}
							}
						},
						{
							"origin": [1.1875, 1.74242, 1.8125],
							"size": [0.375, 0.13258, 0.27321],
							"inflate": -0.0005,
							"pivot": [1.5625, 1.875, 1.8125],
							"rotation": [-45, 0, 0],
							"uv": {
								"north": {"uv": [16, 32], "uv_size": [0.5, 0.25]},
								"east": {"uv": [35, 30], "uv_size": [0.25, 0.25]},
								"south": {"uv": [32, 16], "uv_size": [0.5, 0.25]},
								"west": {"uv": [31, 35], "uv_size": [0.25, 0.25]},
								"up": {"uv": [17, 32], "uv_size": [0.5, 0.25]},
								"down": {"uv": [32, 17.25], "uv_size": [0.5, -0.25]}
							}
						},
						{
							"origin": [1.1875, 1.74242, 2.47679],
							"size": [0.375, 0.13258, 0.27321],
							"inflate": -0.0005,
							"pivot": [1.5625, 1.875, 2.75],
							"rotation": [45, 0, 0],
							"uv": {
								"north": {"uv": [18, 32], "uv_size": [0.5, 0.25]},
								"east": {"uv": [35, 31], "uv_size": [0.25, 0.25]},
								"south": {"uv": [32, 18], "uv_size": [0.5, 0.25]},
								"west": {"uv": [32, 35], "uv_size": [0.25, 0.25]},
								"up": {"uv": [19, 32], "uv_size": [0.5, 0.25]},
								"down": {"uv": [32, 19.25], "uv_size": [0.5, -0.25]}
							}
						},
						{
							"origin": [0.5625, 2.125, 0.8125],
							"size": [0.8125, 0.25, 1],
							"inflate": 0.001,
							"uv": {
								"north": {"uv": [28, 30], "uv_size": [0.75, 0.25]},
								"east": {"uv": [29, 6], "uv_size": [1, 0.25]},
								"south": {"uv": [30, 28], "uv_size": [0.75, 0.25]},
								"west": {"uv": [7, 29], "uv_size": [1, 0.25]},
								"up": {"uv": [23, 10], "uv_size": [0.75, 1]},
								"down": {"uv": [23, 19], "uv_size": [0.75, -1]}
							}
						},
						{
							"origin": [0.75, 1.875, 1],
							"size": [0.3125, 0.5625, 0.3125],
							"pivot": [0.90625, 2.40625, 1.15625],
							"rotation": [0, 45, 0],
							"uv": {
								"north": {"uv": [20, 32], "uv_size": [0.25, 0.5]},
								"east": {"uv": [32, 20], "uv_size": [0.25, 0.5]},
								"south": {"uv": [21, 32], "uv_size": [0.25, 0.5]},
								"west": {"uv": [32, 21], "uv_size": [0.25, 0.5]},
								"up": {"uv": [35, 32], "uv_size": [0.25, 0.25]},
								"down": {"uv": [33, 35.25], "uv_size": [0.25, -0.25]}
							}
						},
						{
							"origin": [0.75, 1.875, 2.875],
							"size": [0.3125, 0.5625, 0.3125],
							"pivot": [0.90625, 2.40625, 3.03125],
							"rotation": [0, 45, 0],
							"uv": {
								"north": {"uv": [22, 32], "uv_size": [0.25, 0.5]},
								"east": {"uv": [32, 22], "uv_size": [0.25, 0.5]},
								"south": {"uv": [23, 32], "uv_size": [0.25, 0.5]},
								"west": {"uv": [32, 23], "uv_size": [0.25, 0.5]},
								"up": {"uv": [35, 33], "uv_size": [0.25, 0.25]},
								"down": {"uv": [34, 35.25], "uv_size": [0.25, -0.25]}
							}
						},
						{
							"origin": [0.75, 1.875, 3.375],
							"size": [0.3125, 0.5625, 0.3125],
							"pivot": [0.90625, 2.40625, 3.53125],
							"rotation": [0, 45, 0],
							"uv": {
								"north": {"uv": [24, 32], "uv_size": [0.25, 0.5]},
								"east": {"uv": [32, 24], "uv_size": [0.25, 0.5]},
								"south": {"uv": [25, 32], "uv_size": [0.25, 0.5]},
								"west": {"uv": [32, 25], "uv_size": [0.25, 0.5]},
								"up": {"uv": [35, 34], "uv_size": [0.25, 0.25]},
								"down": {"uv": [35, 35.25], "uv_size": [0.25, -0.25]}
							}
						},
						{
							"origin": [0.5625, 2.125, 2.75],
							"size": [0.8125, 0.25, 1.0625],
							"inflate": 0.001,
							"uv": {
								"north": {"uv": [29, 30], "uv_size": [0.75, 0.25]},
								"east": {"uv": [29, 7], "uv_size": [1, 0.25]},
								"south": {"uv": [30, 29], "uv_size": [0.75, 0.25]},
								"west": {"uv": [8, 29], "uv_size": [1, 0.25]},
								"up": {"uv": [12, 24], "uv_size": [0.75, 1]},
								"down": {"uv": [24, 13], "uv_size": [0.75, -1]}
							}
						},
						{
							"origin": [1.125, 1.3125, 3.375],
							"size": [0.4375, 0.1875, 0.4375],
							"uv": {
								"north": {"uv": [26, 32], "uv_size": [0.5, 0.25]},
								"east": {"uv": [32, 26], "uv_size": [0.5, 0.25]},
								"south": {"uv": [27, 32], "uv_size": [0.5, 0.25]},
								"west": {"uv": [32, 27], "uv_size": [0.5, 0.25]},
								"up": {"uv": [29, 8], "uv_size": [0.5, 0.5]},
								"down": {"uv": [9, 29.5], "uv_size": [0.5, -0.5]}
							}
						},
						{
							"origin": [1.1875, 1.1875, 1.5625],
							"size": [0.375, 0.3125, 1.0625],
							"uv": {
								"north": {"uv": [28, 32], "uv_size": [0.5, 0.25]},
								"east": {"uv": [29, 9], "uv_size": [1, 0.25]},
								"south": {"uv": [32, 28], "uv_size": [0.5, 0.25]},
								"west": {"uv": [10, 29], "uv_size": [1, 0.25]},
								"up": {"uv": [25, 21], "uv_size": [0.5, 1]},
								"down": {"uv": [22, 26], "uv_size": [0.5, -1]}
							}
						},
						{
							"origin": [1.1875, -0.25, 0.8125],
							"size": [0.375, 0.375, 2.5625],
							"uv": {
								"north": {"uv": [29, 10], "uv_size": [0.5, 0.5]},
								"east": {"uv": [14, 6], "uv_size": [2.5, 0.5]},
								"south": {"uv": [11, 29], "uv_size": [0.5, 0.5]},
								"west": {"uv": [14, 7], "uv_size": [2.5, 0.5]},
								"up": {"uv": [7, 14], "uv_size": [0.5, 2.5]},
								"down": {"uv": [14, 10.5], "uv_size": [0.5, -2.5]}
							}
						},
						{
							"origin": [1.1875, -0.25, 3.1875],
							"size": [0.375, 0.1875, 0.375],
							"inflate": -0.0005,
							"pivot": [1.375, -0.25, 3.375],
							"rotation": [-45, 0, 0],
							"uv": {
								"north": {"uv": [29, 32], "uv_size": [0.5, 0.25]},
								"east": {"uv": [32, 29], "uv_size": [0.5, 0.25]},
								"south": {"uv": [30, 32], "uv_size": [0.5, 0.25]},
								"west": {"uv": [32, 30], "uv_size": [0.5, 0.25]},
								"up": {"uv": [29, 11], "uv_size": [0.5, 0.5]},
								"down": {"uv": [12, 29.5], "uv_size": [0.5, -0.5]}
							}
						},
						{
							"origin": [1.1875, 1.14063, 3.20313],
							"size": [0.375, 0.17188, 0.35938],
							"inflate": -0.0005,
							"pivot": [1.375, 1.3125, 3.375],
							"rotation": [45, 0, 0],
							"uv": {
								"north": {"uv": [31, 32], "uv_size": [0.5, 0.25]},
								"east": {"uv": [0, 36], "uv_size": [0.25, 0.25]},
								"south": {"uv": [32, 31], "uv_size": [0.5, 0.25]},
								"west": {"uv": [36, 0], "uv_size": [0.25, 0.25]},
								"up": {"uv": [32, 32], "uv_size": [0.5, 0.25]},
								"down": {"uv": [0, 33.25], "uv_size": [0.5, -0.25]}
							}
						},
						{
							"origin": [1.1875, 1.06943, 3.375],
							"size": [0.20861, 0.17188, 0.43325],
							"inflate": -0.001,
							"pivot": [1.1875, 1.06943, 3.375],
							"rotation": [50.84496, -24.23384, -26.75189],
							"uv": {
								"north": {"uv": [1, 36], "uv_size": [0.25, 0.25]},
								"east": {"uv": [33, 0], "uv_size": [0.5, 0.25]},
								"south": {"uv": [36, 1], "uv_size": [0.25, 0.25]},
								"west": {"uv": [1, 33], "uv_size": [0.5, 0.25]},
								"up": {"uv": [33, 1], "uv_size": [0.25, 0.5]},
								"down": {"uv": [2, 33.5], "uv_size": [0.25, -0.5]}
							}
						},
						{
							"origin": [1, 1.14063, 2.75],
							"size": [0.35938, 0.17188, 0.625],
							"inflate": -0.0005,
							"pivot": [1.1875, 1.3125, 3],
							"rotation": [0, 0, 45],
							"uv": {
								"north": {"uv": [2, 36], "uv_size": [0.25, 0.25]},
								"east": {"uv": [30, 30], "uv_size": [0.75, 0.25]},
								"south": {"uv": [36, 2], "uv_size": [0.25, 0.25]},
								"west": {"uv": [0, 31], "uv_size": [0.75, 0.25]},
								"up": {"uv": [31, 0], "uv_size": [0.25, 0.75]},
								"down": {"uv": [1, 31.75], "uv_size": [0.25, -0.75]}
							}
						},
						{
							"origin": [0.76867, 1.06943, 3.16808],
							"size": [0.41883, 0.17188, 0.20692],
							"inflate": -0.001,
							"pivot": [1.1875, 1.06943, 3.375],
							"rotation": [0, 35.15441, 45],
							"uv": {
								"north": {"uv": [33, 2], "uv_size": [0.5, 0.25]},
								"east": {"uv": [3, 36], "uv_size": [0.25, 0.25]},
								"south": {"uv": [3, 33], "uv_size": [0.5, 0.25]},
								"west": {"uv": [36, 3], "uv_size": [0.25, 0.25]},
								"up": {"uv": [33, 3], "uv_size": [0.5, 0.25]},
								"down": {"uv": [4, 33.25], "uv_size": [0.5, -0.25]}
							}
						},
						{
							"origin": [1, 1.14063, 0.8125],
							"size": [0.35938, 0.17188, 0.9375],
							"inflate": -0.0005,
							"pivot": [1.1875, 1.3125, 1.4375],
							"rotation": [0, 0, 45],
							"uv": {
								"north": {"uv": [4, 36], "uv_size": [0.25, 0.25]},
								"east": {"uv": [29, 12], "uv_size": [1, 0.25]},
								"south": {"uv": [36, 4], "uv_size": [0.25, 0.25]},
								"west": {"uv": [13, 29], "uv_size": [1, 0.25]},
								"up": {"uv": [29, 13], "uv_size": [0.25, 1]},
								"down": {"uv": [14, 30], "uv_size": [0.25, -1]}
							}
						},
						{
							"origin": [1.1875, 0.5139, 2.625],
							"size": [0.375, 0.2847, 0.14063],
							"inflate": -0.0005,
							"pivot": [0.1875, 0.65625, 2.09375],
							"rotation": [-150, 0, 0],
							"uv": {
								"north": {"uv": [33, 4], "uv_size": [0.5, 0.25]},
								"east": {"uv": [5, 36], "uv_size": [0.25, 0.25]},
								"south": {"uv": [5, 33], "uv_size": [0.5, 0.25]},
								"west": {"uv": [36, 5], "uv_size": [0.25, 0.25]},
								"up": {"uv": [33, 5], "uv_size": [0.5, 0.25]},
								"down": {"uv": [6, 33.25], "uv_size": [0.5, -0.25]}
							}
						},
						{
							"origin": [1.1875, 0.3993, 2.625],
							"size": [0.375, 0.3993, 0.19445],
							"inflate": -0.001,
							"pivot": [0.1875, 0.65625, 2.09375],
							"rotation": [-120, 0, 0],
							"uv": {
								"north": {"uv": [29, 14], "uv_size": [0.5, 0.5]},
								"east": {"uv": [33, 6], "uv_size": [0.25, 0.5]},
								"south": {"uv": [15, 29], "uv_size": [0.5, 0.5]},
								"west": {"uv": [7, 33], "uv_size": [0.25, 0.5]},
								"up": {"uv": [33, 7], "uv_size": [0.5, 0.25]},
								"down": {"uv": [8, 33.25], "uv_size": [0.5, -0.25]}
							}
						},
						{
							"origin": [1.1875, 0.5139, 1.42188],
							"size": [0.375, 0.2847, 0.14063],
							"inflate": -0.0005,
							"pivot": [0.1875, 0.65625, 2.09375],
							"rotation": [150, 0, 0],
							"uv": {
								"north": {"uv": [33, 8], "uv_size": [0.5, 0.25]},
								"east": {"uv": [6, 36], "uv_size": [0.25, 0.25]},
								"south": {"uv": [9, 33], "uv_size": [0.5, 0.25]},
								"west": {"uv": [36, 6], "uv_size": [0.25, 0.25]},
								"up": {"uv": [33, 9], "uv_size": [0.5, 0.25]},
								"down": {"uv": [10, 33.25], "uv_size": [0.5, -0.25]}
							}
						},
						{
							"origin": [1.1875, 0.3993, 1.36805],
							"size": [0.375, 0.3993, 0.19445],
							"inflate": -0.001,
							"pivot": [0.1875, 0.65625, 2.09375],
							"rotation": [120, 0, 0],
							"uv": {
								"north": {"uv": [29, 15], "uv_size": [0.5, 0.5]},
								"east": {"uv": [33, 10], "uv_size": [0.25, 0.5]},
								"south": {"uv": [16, 29], "uv_size": [0.5, 0.5]},
								"west": {"uv": [11, 33], "uv_size": [0.25, 0.5]},
								"up": {"uv": [33, 11], "uv_size": [0.5, 0.25]},
								"down": {"uv": [12, 33.25], "uv_size": [0.5, -0.25]}
							}
						},
						{
							"origin": [1.1875, 0.5139, 1.42188],
							"size": [0.375, 0.2847, 0.14063],
							"inflate": -0.0005,
							"pivot": [0.1875, 0.65625, 2.09375],
							"rotation": [-150, 0, 0],
							"uv": {
								"north": {"uv": [33, 12], "uv_size": [0.5, 0.25]},
								"east": {"uv": [7, 36], "uv_size": [0.25, 0.25]},
								"south": {"uv": [13, 33], "uv_size": [0.5, 0.25]},
								"west": {"uv": [36, 7], "uv_size": [0.25, 0.25]},
								"up": {"uv": [33, 13], "uv_size": [0.5, 0.25]},
								"down": {"uv": [14, 33.25], "uv_size": [0.5, -0.25]}
							}
						},
						{
							"origin": [1.1875, 0.5139, 1.36805],
							"size": [0.375, 0.3993, 0.19445],
							"inflate": -0.001,
							"pivot": [0.1875, 0.65625, 2.09375],
							"rotation": [-120, 0, 0],
							"uv": {
								"north": {"uv": [29, 16], "uv_size": [0.5, 0.5]},
								"east": {"uv": [33, 14], "uv_size": [0.25, 0.5]},
								"south": {"uv": [17, 29], "uv_size": [0.5, 0.5]},
								"west": {"uv": [15, 33], "uv_size": [0.25, 0.5]},
								"up": {"uv": [33, 15], "uv_size": [0.5, 0.25]},
								"down": {"uv": [16, 33.25], "uv_size": [0.5, -0.25]}
							}
						},
						{
							"origin": [1.1875, 0.5139, 2.625],
							"size": [0.375, 0.2847, 0.14063],
							"inflate": -0.0005,
							"pivot": [0.1875, 0.65625, 2.09375],
							"rotation": [150, 0, 0],
							"uv": {
								"north": {"uv": [33, 16], "uv_size": [0.5, 0.25]},
								"east": {"uv": [8, 36], "uv_size": [0.25, 0.25]},
								"south": {"uv": [17, 33], "uv_size": [0.5, 0.25]},
								"west": {"uv": [36, 8], "uv_size": [0.25, 0.25]},
								"up": {"uv": [33, 17], "uv_size": [0.5, 0.25]},
								"down": {"uv": [18, 33.25], "uv_size": [0.5, -0.25]}
							}
						},
						{
							"origin": [1.1875, 0.5139, 2.625],
							"size": [0.375, 0.3993, 0.19445],
							"inflate": -0.001,
							"pivot": [0.1875, 0.65625, 2.09375],
							"rotation": [120, 0, 0],
							"uv": {
								"north": {"uv": [29, 17], "uv_size": [0.5, 0.5]},
								"east": {"uv": [33, 18], "uv_size": [0.25, 0.5]},
								"south": {"uv": [18, 29], "uv_size": [0.5, 0.5]},
								"west": {"uv": [19, 33], "uv_size": [0.25, 0.5]},
								"up": {"uv": [33, 19], "uv_size": [0.5, 0.25]},
								"down": {"uv": [20, 33.25], "uv_size": [0.5, -0.25]}
							}
						},
						{
							"origin": [-0.19028, 2.59375, 4.025],
							"size": [0.38056, 0.3125, 0.91875],
							"pivot": [0, 2.75, 4.48438],
							"rotation": [0, -45, 0],
							"uv": {
								"north": {"uv": [33, 20], "uv_size": [0.5, 0.25]},
								"east": {"uv": [29, 18], "uv_size": [1, 0.25]},
								"south": {"uv": [21, 33], "uv_size": [0.5, 0.25]},
								"west": {"uv": [19, 29], "uv_size": [1, 0.25]},
								"up": {"uv": [25, 22], "uv_size": [0.5, 1]},
								"down": {"uv": [23, 26], "uv_size": [0.5, -1]}
							}
						},
						{
							"origin": [-0.20296, 2.90625, 3.99438],
							"size": [0.40593, 0.25, 0.98],
							"pivot": [0, 3.03125, 4.48438],
							"rotation": [0, -45, 0],
							"uv": {
								"north": {"uv": [33, 21], "uv_size": [0.5, 0.25]},
								"east": {"uv": [29, 19], "uv_size": [1, 0.25]},
								"south": {"uv": [22, 33], "uv_size": [0.5, 0.25]},
								"west": {"uv": [20, 29], "uv_size": [1, 0.25]},
								"up": {"uv": [25, 23], "uv_size": [0.5, 1]},
								"down": {"uv": [24, 26], "uv_size": [0.5, -1]}
							}
						},
						{
							"origin": [-0.22834, 3.15625, 3.93313],
							"size": [0.45667, 0.1875, 1.1025],
							"pivot": [0, 3.25, 4.48438],
							"rotation": [0, -45, 0],
							"uv": {
								"north": {"uv": [33, 22], "uv_size": [0.5, 0.25]},
								"east": {"uv": [29, 20], "uv_size": [1, 0.25]},
								"south": {"uv": [23, 33], "uv_size": [0.5, 0.25]},
								"west": {"uv": [21, 29], "uv_size": [1, 0.25]},
								"up": {"uv": [25, 24], "uv_size": [0.5, 1]},
								"down": {"uv": [25, 26], "uv_size": [0.5, -1]}
							}
						},
						{
							"origin": [-0.22834, 3.15625, 3.93313],
							"size": [0.45667, 0.1875, 1.1025],
							"inflate": 0.001,
							"uv": {
								"north": {"uv": [33, 23], "uv_size": [0.5, 0.25]},
								"east": {"uv": [29, 21], "uv_size": [1, 0.25]},
								"south": {"uv": [24, 33], "uv_size": [0.5, 0.25]},
								"west": {"uv": [22, 29], "uv_size": [1, 0.25]},
								"up": {"uv": [0, 26], "uv_size": [0.5, 1]},
								"down": {"uv": [26, 1], "uv_size": [0.5, -1]}
							}
						},
						{
							"origin": [-0.55125, 3.15625, 4.25604],
							"size": [1.1025, 0.1875, 0.45667],
							"pivot": [0, 3.25, 4.48438],
							"rotation": [0, -45, 0],
							"uv": {
								"north": {"uv": [29, 22], "uv_size": [1, 0.25]},
								"east": {"uv": [33, 24], "uv_size": [0.5, 0.25]},
								"south": {"uv": [23, 29], "uv_size": [1, 0.25]},
								"west": {"uv": [25, 33], "uv_size": [0.5, 0.25]},
								"up": {"uv": [1, 26], "uv_size": [1, 0.5]},
								"down": {"uv": [26, 1.5], "uv_size": [1, -0.5]}
							}
						},
						{
							"origin": [-0.55125, 3.15625, 4.25604],
							"size": [1.1025, 0.1875, 0.45667],
							"inflate": 0.0005,
							"uv": {
								"north": {"uv": [29, 23], "uv_size": [1, 0.25]},
								"east": {"uv": [33, 25], "uv_size": [0.5, 0.25]},
								"south": {"uv": [24, 29], "uv_size": [1, 0.25]},
								"west": {"uv": [26, 33], "uv_size": [0.5, 0.25]},
								"up": {"uv": [2, 26], "uv_size": [1, 0.5]},
								"down": {"uv": [26, 2.5], "uv_size": [1, -0.5]}
							}
						},
						{
							"origin": [-0.49, 2.90625, 4.28141],
							"size": [0.98, 0.25, 0.40593],
							"uv": {
								"north": {"uv": [29, 24], "uv_size": [1, 0.25]},
								"east": {"uv": [33, 26], "uv_size": [0.5, 0.25]},
								"south": {"uv": [25, 29], "uv_size": [1, 0.25]},
								"west": {"uv": [27, 33], "uv_size": [0.5, 0.25]},
								"up": {"uv": [3, 26], "uv_size": [1, 0.5]},
								"down": {"uv": [26, 3.5], "uv_size": [1, -0.5]}
							}
						},
						{
							"origin": [-0.49, 2.90625, 4.28141],
							"size": [0.98, 0.25, 0.40593],
							"pivot": [0, 3.03125, 4.48438],
							"rotation": [0, -45, 0],
							"uv": {
								"north": {"uv": [29, 25], "uv_size": [1, 0.25]},
								"east": {"uv": [33, 27], "uv_size": [0.5, 0.25]},
								"south": {"uv": [26, 29], "uv_size": [1, 0.25]},
								"west": {"uv": [28, 33], "uv_size": [0.5, 0.25]},
								"up": {"uv": [4, 26], "uv_size": [1, 0.5]},
								"down": {"uv": [26, 4.5], "uv_size": [1, -0.5]}
							}
						},
						{
							"origin": [-0.20296, 2.90625, 3.99438],
							"size": [0.40593, 0.25, 0.98],
							"uv": {
								"north": {"uv": [33, 28], "uv_size": [0.5, 0.25]},
								"east": {"uv": [29, 26], "uv_size": [1, 0.25]},
								"south": {"uv": [29, 33], "uv_size": [0.5, 0.25]},
								"west": {"uv": [27, 29], "uv_size": [1, 0.25]},
								"up": {"uv": [5, 26], "uv_size": [0.5, 1]},
								"down": {"uv": [26, 6], "uv_size": [0.5, -1]}
							}
						},
						{
							"origin": [-0.19028, 2.59375, 4.025],
							"size": [0.38056, 0.3125, 0.91875],
							"uv": {
								"north": {"uv": [33, 29], "uv_size": [0.5, 0.25]},
								"east": {"uv": [29, 27], "uv_size": [1, 0.25]},
								"south": {"uv": [30, 33], "uv_size": [0.5, 0.25]},
								"west": {"uv": [28, 29], "uv_size": [1, 0.25]},
								"up": {"uv": [6, 26], "uv_size": [0.5, 1]},
								"down": {"uv": [26, 7], "uv_size": [0.5, -1]}
							}
						},
						{
							"origin": [-0.45937, 2.59375, 4.2941],
							"size": [0.91875, 0.3125, 0.38056],
							"uv": {
								"north": {"uv": [29, 28], "uv_size": [1, 0.25]},
								"east": {"uv": [33, 30], "uv_size": [0.5, 0.25]},
								"south": {"uv": [29, 29], "uv_size": [1, 0.25]},
								"west": {"uv": [31, 33], "uv_size": [0.5, 0.25]},
								"up": {"uv": [7, 26], "uv_size": [1, 0.5]},
								"down": {"uv": [26, 7.5], "uv_size": [1, -0.5]}
							}
						},
						{
							"origin": [-0.45937, 2.59375, 4.2941],
							"size": [0.91875, 0.3125, 0.38056],
							"pivot": [0, 2.75, 4.48438],
							"rotation": [0, -45, 0],
							"uv": {
								"north": {"uv": [0, 30], "uv_size": [1, 0.25]},
								"east": {"uv": [33, 31], "uv_size": [0.5, 0.25]},
								"south": {"uv": [30, 0], "uv_size": [1, 0.25]},
								"west": {"uv": [32, 33], "uv_size": [0.5, 0.25]},
								"up": {"uv": [8, 26], "uv_size": [1, 0.5]},
								"down": {"uv": [26, 8.5], "uv_size": [1, -0.5]}
							}
						},
						{
							"origin": [0.84375, 1.5725, 4.28141],
							"size": [0.25, 0.98, 0.40593],
							"pivot": [0.96875, 2.0625, 4.48438],
							"rotation": [45, 0, 0],
							"uv": {
								"north": {"uv": [1, 30], "uv_size": [0.25, 1]},
								"east": {"uv": [9, 26], "uv_size": [0.5, 1]},
								"south": {"uv": [30, 1], "uv_size": [0.25, 1]},
								"west": {"uv": [26, 9], "uv_size": [0.5, 1]},
								"up": {"uv": [33, 32], "uv_size": [0.25, 0.5]},
								"down": {"uv": [33, 33.5], "uv_size": [0.25, -0.5]}
							}
						},
						{
							"origin": [0.53125, 1.60313, 4.2941],
							"size": [0.3125, 0.91875, 0.38056],
							"pivot": [0.6875, 2.0625, 4.48438],
							"rotation": [45, 0, 0],
							"uv": {
								"north": {"uv": [2, 30], "uv_size": [0.25, 1]},
								"east": {"uv": [10, 26], "uv_size": [0.5, 1]},
								"south": {"uv": [30, 2], "uv_size": [0.25, 1]},
								"west": {"uv": [26, 10], "uv_size": [0.5, 1]},
								"up": {"uv": [0, 34], "uv_size": [0.25, 0.5]},
								"down": {"uv": [34, 0.5], "uv_size": [0.25, -0.5]}
							}
						},
						{
							"origin": [0.53125, 1.87222, 4.025],
							"size": [0.3125, 0.38056, 0.91875],
							"uv": {
								"north": {"uv": [1, 34], "uv_size": [0.25, 0.5]},
								"east": {"uv": [11, 26], "uv_size": [1, 0.5]},
								"south": {"uv": [34, 1], "uv_size": [0.25, 0.5]},
								"west": {"uv": [26, 11], "uv_size": [1, 0.5]},
								"up": {"uv": [3, 30], "uv_size": [0.25, 1]},
								"down": {"uv": [30, 4], "uv_size": [0.25, -1]}
							}
						},
						{
							"origin": [0.53125, 1.87222, 4.025],
							"size": [0.3125, 0.38056, 0.91875],
							"pivot": [0.6875, 2.0625, 4.48438],
							"rotation": [45, 0, 0],
							"uv": {
								"north": {"uv": [2, 34], "uv_size": [0.25, 0.5]},
								"east": {"uv": [12, 26], "uv_size": [1, 0.5]},
								"south": {"uv": [34, 2], "uv_size": [0.25, 0.5]},
								"west": {"uv": [26, 12], "uv_size": [1, 0.5]},
								"up": {"uv": [4, 30], "uv_size": [0.25, 1]},
								"down": {"uv": [30, 5], "uv_size": [0.25, -1]}
							}
						},
						{
							"origin": [0.53125, 1.60313, 4.2941],
							"size": [0.3125, 0.91875, 0.38056],
							"uv": {
								"north": {"uv": [5, 30], "uv_size": [0.25, 1]},
								"east": {"uv": [13, 26], "uv_size": [0.5, 1]},
								"south": {"uv": [30, 5], "uv_size": [0.25, 1]},
								"west": {"uv": [26, 13], "uv_size": [0.5, 1]},
								"up": {"uv": [3, 34], "uv_size": [0.25, 0.5]},
								"down": {"uv": [34, 3.5], "uv_size": [0.25, -0.5]}
							}
						},
						{
							"origin": [0.84375, 1.5725, 4.28141],
							"size": [0.25, 0.98, 0.40593],
							"uv": {
								"north": {"uv": [6, 30], "uv_size": [0.25, 1]},
								"east": {"uv": [14, 26], "uv_size": [0.5, 1]},
								"south": {"uv": [30, 6], "uv_size": [0.25, 1]},
								"west": {"uv": [26, 14], "uv_size": [0.5, 1]},
								"up": {"uv": [4, 34], "uv_size": [0.25, 0.5]},
								"down": {"uv": [34, 4.5], "uv_size": [0.25, -0.5]}
							}
						},
						{
							"origin": [0.84375, 1.85954, 3.99438],
							"size": [0.25, 0.40593, 0.98],
							"pivot": [0.96875, 2.0625, 4.48438],
							"rotation": [45, 0, 0],
							"uv": {
								"north": {"uv": [5, 34], "uv_size": [0.25, 0.5]},
								"east": {"uv": [15, 26], "uv_size": [1, 0.5]},
								"south": {"uv": [34, 5], "uv_size": [0.25, 0.5]},
								"west": {"uv": [26, 15], "uv_size": [1, 0.5]},
								"up": {"uv": [7, 30], "uv_size": [0.25, 1]},
								"down": {"uv": [30, 8], "uv_size": [0.25, -1]}
							}
						},
						{
							"origin": [0.84375, 1.85954, 3.99438],
							"size": [0.25, 0.40593, 0.98],
							"uv": {
								"north": {"uv": [6, 34], "uv_size": [0.25, 0.5]},
								"east": {"uv": [16, 26], "uv_size": [1, 0.5]},
								"south": {"uv": [34, 6], "uv_size": [0.25, 0.5]},
								"west": {"uv": [26, 16], "uv_size": [1, 0.5]},
								"up": {"uv": [8, 30], "uv_size": [0.25, 1]},
								"down": {"uv": [30, 9], "uv_size": [0.25, -1]}
							}
						},
						{
							"origin": [1.09375, 1.51125, 4.25604],
							"size": [0.1875, 1.1025, 0.45667],
							"inflate": 0.0005,
							"uv": {
								"north": {"uv": [9, 30], "uv_size": [0.25, 1]},
								"east": {"uv": [17, 26], "uv_size": [0.5, 1]},
								"south": {"uv": [30, 9], "uv_size": [0.25, 1]},
								"west": {"uv": [26, 17], "uv_size": [0.5, 1]},
								"up": {"uv": [7, 34], "uv_size": [0.25, 0.5]},
								"down": {"uv": [34, 7.5], "uv_size": [0.25, -0.5]}
							}
						},
						{
							"origin": [1.09375, 1.51125, 4.25604],
							"size": [0.1875, 1.1025, 0.45667],
							"pivot": [1.1875, 2.0625, 4.48438],
							"rotation": [45, 0, 0],
							"uv": {
								"north": {"uv": [10, 30], "uv_size": [0.25, 1]},
								"east": {"uv": [18, 26], "uv_size": [0.5, 1]},
								"south": {"uv": [30, 10], "uv_size": [0.25, 1]},
								"west": {"uv": [26, 18], "uv_size": [0.5, 1]},
								"up": {"uv": [8, 34], "uv_size": [0.25, 0.5]},
								"down": {"uv": [34, 8.5], "uv_size": [0.25, -0.5]}
							}
						},
						{
							"origin": [1.09375, 1.83416, 3.93313],
							"size": [0.1875, 0.45667, 1.1025],
							"inflate": 0.001,
							"uv": {
								"north": {"uv": [9, 34], "uv_size": [0.25, 0.5]},
								"east": {"uv": [19, 26], "uv_size": [1, 0.5]},
								"south": {"uv": [34, 9], "uv_size": [0.25, 0.5]},
								"west": {"uv": [26, 19], "uv_size": [1, 0.5]},
								"up": {"uv": [11, 30], "uv_size": [0.25, 1]},
								"down": {"uv": [30, 12], "uv_size": [0.25, -1]}
							}
						},
						{
							"origin": [1.09375, 1.83416, 3.93313],
							"size": [0.1875, 0.45667, 1.1025],
							"pivot": [1.1875, 2.0625, 4.48438],
							"rotation": [45, 0, 0],
							"uv": {
								"north": {"uv": [10, 34], "uv_size": [0.25, 0.5]},
								"east": {"uv": [20, 26], "uv_size": [1, 0.5]},
								"south": {"uv": [34, 10], "uv_size": [0.25, 0.5]},
								"west": {"uv": [26, 20], "uv_size": [1, 0.5]},
								"up": {"uv": [12, 30], "uv_size": [0.25, 1]},
								"down": {"uv": [30, 13], "uv_size": [0.25, -1]}
							}
						}
					]
				},
				{
					"name": "ocular",
					"parent": "scope_body",
					"pivot": [0, 2.0625, 9.375],
					"cubes": [
						{
							"origin": [-0.15072, 1.5, 8.3125],
							"size": [0.30144, 1.125, 0.0625],
							"inflate": 0.0005,
							"pivot": [0, 2.0625, 9.375],
							"rotation": [0, 0, 60],
							"uv": {
								"south": {"uv": [27, 19], "uv_size": [0.25, 1.25]}
							}
						},
						{
							"origin": [-0.15072, 1.5, 8.3125],
							"size": [0.30144, 1.125, 0.0625],
							"pivot": [0, 2.0625, 9.375],
							"rotation": [0, 0, 30],
							"uv": {
								"south": {"uv": [20, 27], "uv_size": [0.25, 1.25]}
							}
						},
						{
							"origin": [-0.15072, 1.5, 8.3125],
							"size": [0.30144, 1.125, 0.0625],
							"inflate": 0.001,
							"uv": {
								"south": {"uv": [27, 21], "uv_size": [0.25, 1.25]}
							}
						},
						{
							"origin": [-0.15072, 1.5, 8.3125],
							"size": [0.30144, 1.125, 0.0625],
							"pivot": [0, 2.0625, 9.375],
							"rotation": [0, 0, 90],
							"uv": {
								"south": {"uv": [19, 27], "uv_size": [0.25, 1.25]}
							}
						},
						{
							"origin": [-0.15072, 1.5, 8.3125],
							"size": [0.30144, 1.125, 0.0625],
							"inflate": 0.0007,
							"pivot": [0, 2.0625, 9.375],
							"rotation": [0, 0, 120],
							"uv": {
								"south": {"uv": [24, 27], "uv_size": [0.25, 1.25]}
							}
						},
						{
							"origin": [-0.15072, 1.5, 8.3125],
							"size": [0.30144, 1.125, 0.0625],
							"pivot": [0, 2.0625, 9.375],
							"rotation": [0, 0, 150],
							"uv": {
								"south": {"uv": [27, 23], "uv_size": [0.25, 1.25]}
							}
						}
					]
				},
				{
					"name": "ocular_ring",
					"parent": "scope_body",
					"pivot": [0, 2.0625, 8.5625],
					"cubes": [
						{
							"origin": [-0.18422, 1.375, 8.3125],
							"size": [0.36843, 0.125, 0.25],
							"pivot": [0, 2.0625, 8.5625],
							"rotation": [0, 0, 120],
							"uv": {
								"north": {"uv": [14, 34], "uv_size": [0.25, 0.25]},
								"east": {"uv": [15, 8], "uv_size": [0.25333, 0.25]},
								"south": {"uv": [34, 14], "uv_size": [0.25, 0.25]},
								"west": {"uv": [19.49667, 9], "uv_size": [0.25333, 0.25]},
								"up": {"uv": [10, 15], "uv_size": [0.25, 0.25333]},
								"down": {"uv": [11, 15.25333], "uv_size": [0.25, -0.25333]}
							}
						},
						{
							"origin": [-0.18422, 2.625, 8.3125],
							"size": [0.36843, 0.125, 0.25],
							"pivot": [0, 2.0625, 8.5625],
							"rotation": [0, 0, -90],
							"uv": {
								"north": {"uv": [15, 34], "uv_size": [0.25, 0.25]},
								"east": {"uv": [15, 10], "uv_size": [0.25333, 0.25]},
								"south": {"uv": [34, 15], "uv_size": [0.25, 0.25]},
								"west": {"uv": [19.49667, 12], "uv_size": [0.25333, 0.25]},
								"up": {"uv": [12, 15], "uv_size": [0.25, 0.25333]},
								"down": {"uv": [13, 15.25333], "uv_size": [0.25, -0.25333]}
							}
						},
						{
							"origin": [-0.18422, 2.625, 8.3125],
							"size": [0.36843, 0.125, 0.25],
							"pivot": [0, 2.0625, 8.5625],
							"rotation": [0, 0, -120],
							"uv": {
								"north": {"uv": [16, 34], "uv_size": [0.25, 0.25]},
								"east": {"uv": [15, 13], "uv_size": [0.25333, 0.25]},
								"south": {"uv": [34, 16], "uv_size": [0.25, 0.25]},
								"west": {"uv": [19.49667, 14], "uv_size": [0.25333, 0.25]},
								"up": {"uv": [15, 15], "uv_size": [0.25, 0.25333]},
								"down": {"uv": [0, 16.25333], "uv_size": [0.25, -0.25333]}
							}
						},
						{
							"origin": [-0.18422, 2.625, 8.3125],
							"size": [0.36843, 0.125, 0.25],
							"pivot": [0, 2.0625, 8.5625],
							"rotation": [0, 0, -150],
							"uv": {
								"north": {"uv": [17, 34], "uv_size": [0.25, 0.25]},
								"east": {"uv": [16, 4], "uv_size": [0.25333, 0.25]},
								"south": {"uv": [34, 17], "uv_size": [0.25, 0.25]},
								"west": {"uv": [20.49667, 5], "uv_size": [0.25333, 0.25]},
								"up": {"uv": [1, 16], "uv_size": [0.25, 0.25333]},
								"down": {"uv": [2, 16.25333], "uv_size": [0.25, -0.25333]}
							}
						},
						{
							"origin": [-0.18422, 1.375, 8.3125],
							"size": [0.36843, 0.125, 0.25],
							"uv": {
								"north": {"uv": [18, 34], "uv_size": [0.25, 0.25]},
								"east": {"uv": [16, 15], "uv_size": [0.25333, 0.25]},
								"south": {"uv": [34, 18], "uv_size": [0.25, 0.25]},
								"west": {"uv": [20.49667, 16], "uv_size": [0.25333, 0.25]},
								"up": {"uv": [8, 16], "uv_size": [0.25, 0.25333]},
								"down": {"uv": [7, 17.25333], "uv_size": [0.25, -0.25333]}
							}
						},
						{
							"origin": [-0.18422, 1.375, 8.3125],
							"size": [0.36843, 0.125, 0.25],
							"pivot": [0, 2.0625, 8.5625],
							"rotation": [0, 0, -30],
							"uv": {
								"north": {"uv": [20, 34], "uv_size": [0.25, 0.25]},
								"east": {"uv": [17, 17], "uv_size": [0.25333, 0.25]},
								"south": {"uv": [34, 20], "uv_size": [0.25, 0.25]},
								"west": {"uv": [21.49667, 18], "uv_size": [0.25333, 0.25]},
								"up": {"uv": [17, 19], "uv_size": [0.25, 0.25333]},
								"down": {"uv": [18, 19.25333], "uv_size": [0.25, -0.25333]}
							}
						},
						{
							"origin": [-0.18422, 1.375, 8.3125],
							"size": [0.36843, 0.125, 0.25],
							"pivot": [0, 2.0625, 8.5625],
							"rotation": [0, 0, -60],
							"uv": {
								"north": {"uv": [19, 34], "uv_size": [0.25, 0.25]},
								"east": {"uv": [17, 6], "uv_size": [0.25333, 0.25]},
								"south": {"uv": [34, 19], "uv_size": [0.25, 0.25]},
								"west": {"uv": [21.49667, 7], "uv_size": [0.25333, 0.25]},
								"up": {"uv": [14, 17], "uv_size": [0.25, 0.25333]},
								"down": {"uv": [16, 17.25333], "uv_size": [0.25, -0.25333]}
							}
						},
						{
							"origin": [-0.18422, 2.625, 8.3125],
							"size": [0.36843, 0.125, 0.25],
							"pivot": [0, 2.0625, 8.5625],
							"rotation": [0, 0, 90],
							"uv": {
								"north": {"uv": [21, 34], "uv_size": [0.25, 0.25]},
								"east": {"uv": [19, 11], "uv_size": [0.25333, 0.25]},
								"south": {"uv": [34, 21], "uv_size": [0.25, 0.25]},
								"west": {"uv": [23.49667, 19], "uv_size": [0.25333, 0.25]},
								"up": {"uv": [3, 20], "uv_size": [0.25, 0.25333]},
								"down": {"uv": [4, 20.25333], "uv_size": [0.25, -0.25333]}
							}
						},
						{
							"origin": [-0.18422, 2.625, 8.3125],
							"size": [0.36843, 0.125, 0.25],
							"pivot": [0, 2.0625, 8.5625],
							"rotation": [0, 0, 60],
							"uv": {
								"north": {"uv": [22, 34], "uv_size": [0.25, 0.25]},
								"east": {"uv": [20, 0], "uv_size": [0.25333, 0.25]},
								"south": {"uv": [34, 22], "uv_size": [0.25, 0.25]},
								"west": {"uv": [24.49667, 1], "uv_size": [0.25333, 0.25]},
								"up": {"uv": [5, 20], "uv_size": [0.25, 0.25333]},
								"down": {"uv": [6, 20.25333], "uv_size": [0.25, -0.25333]}
							}
						},
						{
							"origin": [-0.18422, 2.625, 8.3125],
							"size": [0.36843, 0.125, 0.25],
							"uv": {
								"north": {"uv": [13, 34], "uv_size": [0.25, 0.25]},
								"east": {"uv": [15, 2], "uv_size": [0.25333, 0.25]},
								"south": {"uv": [34, 13], "uv_size": [0.25, 0.25]},
								"west": {"uv": [19.49667, 3], "uv_size": [0.25333, 0.25]},
								"up": {"uv": [6, 15], "uv_size": [0.25, 0.25333]},
								"down": {"uv": [9, 15.25333], "uv_size": [0.25, -0.25333]}
							}
						},
						{
							"origin": [-0.18422, 2.625, 8.3125],
							"size": [0.36843, 0.125, 0.25],
							"pivot": [0, 2.0625, 8.5625],
							"rotation": [0, 0, 30],
							"uv": {
								"north": {"uv": [11, 34], "uv_size": [0.25, 0.25]},
								"east": {"uv": [9, 14], "uv_size": [0.25333, 0.25]},
								"south": {"uv": [34, 11], "uv_size": [0.25, 0.25]},
								"west": {"uv": [18.49667, 11], "uv_size": [0.25333, 0.25]},
								"up": {"uv": [14, 12], "uv_size": [0.25, 0.25333]},
								"down": {"uv": [3, 15.25333], "uv_size": [0.25, -0.25333]}
							}
						},
						{
							"origin": [-0.18422, 1.375, 8.3125],
							"size": [0.36843, 0.125, 0.25],
							"pivot": [0, 2.0625, 8.5625],
							"rotation": [0, 0, 150],
							"uv": {
								"north": {"uv": [12, 34], "uv_size": [0.25, 0.25]},
								"east": {"uv": [15, 0], "uv_size": [0.25333, 0.25]},
								"south": {"uv": [34, 12], "uv_size": [0.25, 0.25]},
								"west": {"uv": [19.49667, 1], "uv_size": [0.25333, 0.25]},
								"up": {"uv": [4, 15], "uv_size": [0.25, 0.25333]},
								"down": {"uv": [5, 15.25333], "uv_size": [0.25, -0.25333]}
							}
						}
					]
				},
				{
					"name": "division",
					"pivot": [-0.08437, 1.04688, -129.575],
					"cubes": [
						{
							"origin": [-26.1875, -25.21874, -130.75],
							"size": [52.375, 52.40625, 0.25],
							"uv": {
								"south": {"uv": [35.76563, 33.76563], "uv_size": [92.21875, 92.21875]}
							}
						},
						{
							"origin": [-92.89375, -75.20312, -130.75],
							"size": [66.70625, 152.375, 0.25],
							"uv": {
								"south": {"uv": [40.96875, 116.875], "uv_size": [1, 1]}
							}
						},
						{
							"origin": [88.45625, -75.20312, -130.75],
							"size": [5, 152.375, 0.25],
							"uv": {
								"south": {"uv": [5.53125, 165.0625], "uv_size": [0.07433, 1]}
							}
						},
						{
							"origin": [-26.1875, 27.17188, -130.75],
							"size": [52.375, 50, 0.25],
							"uv": {
								"south": {"uv": [40.125, 116], "uv_size": [1, 1]}
							}
						},
						{
							"origin": [26.1875, -75.20312, -130.75],
							"size": [62.26875, 152.375, 0.25],
							"uv": {
								"south": {"uv": [41.10558, 117.0625], "uv_size": [0.92567, 1]}
							}
						},
						{
							"origin": [-26.1875, -75.20312, -130.75],
							"size": [52.375, 50, 0.25],
							"uv": {
								"south": {"uv": [39, 116.42125], "uv_size": [1, 0.86]}
							}
						}
					]
				},
				{
					"name": "crosshair_illuminated",
					"parent": "division",
					"pivot": [-1.07231, -4.80149, -130.375],
					"cubes": [
						{
							"origin": [-26.75, 0.76563, -130.375],
							"size": [26.5, 1.21875, 0],
							"pivot": [-0.00001, 1.375, -130.375],
							"rotation": [0, 0, -90],
							"uv": {
								"south": {"uv": [38.5, 38], "uv_size": [14.5, 0.375]}
							}
						},
						{
							"origin": [-0.25242, 1.125, -130.375],
							"size": [0.86179, 0.86179, 0],
							"pivot": [0.60937, 1.125, -130.374],
							"rotation": [0, 0, -45],
							"uv": {
								"south": {"uv": [38.5, 38], "uv_size": [14.5, 0.375]}
							}
						},
						{
							"origin": [-0.60937, -25.24999, -130.375],
							"size": [1.21875, 24.375, 0],
							"pivot": [0, 1.6875, -130.375],
							"rotation": [0, 0, -90],
							"uv": {
								"south": {"uv": [41.5, 33.25], "uv_size": [0.375, 14.5]}
							}
						},
						{
							"origin": [-0.60938, -25.24999, -130.375],
							"size": [1.21875, 24.375, 0],
							"pivot": [0, 1.6875, -130.375],
							"rotation": [0, 0, 90],
							"uv": {
								"south": {"uv": [41.875, 33.25], "uv_size": [-0.375, 14.5]}
							}
						}
					]
				},
				{
					"name": "cross_illuminated",
					"parent": "division",
					"pivot": [0, 1.625, -130.3125]
				},
				{
					"name": "scope_view",
					"pivot": [0, 2.0625, 12]
				}
			]
		}
	]
}